Fire_ID,median_tri,mean_tri
NIP53_2001_1,0.8660254037844386,0.8509266248866734
NIP39_2001_2,0.8660254037844386,1.0031631339393392
NIP52_2001_3,0.0,0.46653030018440844
NIP35_2001_5,0.0,0.1972529498792849
NIP24_2001_7,0.0,0.26558273778683766
SLK5_2002_12,0.6123724356957945,0.671423836897385
SLK6_2002_13,0.7905694150420949,0.8703272834301597
SLK7_2002_14,0.6123724356957945,0.6601069934541488
RED1_2002_15,0.7905694150420949,0.8546826463057262
SLK1_2002_16,0.7071067811865476,0.778900950816056
SLK4_2002_17,0.6123724356957945,0.5768695641267915
SLK8_2002_18,0.6123724356957945,0.6322588668921931
SLK13_2000_20,0.6123724356957945,0.46536611330088534
NIP26_2000_21,0.0,0.24484127129643804
NIP19_2000_22,0.7071067811865476,0.7491126496372634
NIP24_2000_23,0.3535533905932738,0.3584167994686983
SLK18_2000_24,0.6123724356957945,0.5645828758939978
RED12_2000_25,0.9354143466934853,1.1599636211177413
NIP25_2000_26,0.6123724356957945,0.5317084481100489
SLK6_2000_27,0.3535533905932738,0.3723226545218458
SLK16_2000_28,0.3535533905932738,0.3676301436901389
DRY14_2000_30,1.2988152669652457,1.7403647602361063
SLK6_2001_37,0.7071067811865476,0.8492851593511168
SLK5_2001_38,0.6123724356957945,0.714901818023737
SLK3_2001_39,0.3535533905932738,0.5758622608715207
NIP54_2001_40,0.8660254037844386,0.8789454632564927
NIP73_2001_41,0.5,0.5025005388354679
RED60_2001_42,0.6123724356957945,0.770731596483668
SLK24_2001_43,0.0,0.2319778174503315
SLK45_2001_44,0.3535533905932738,0.35196345350717856
NIP22_2001_46,0.8660254037844386,0.9745023107217673
NIP26_2001_47,0.3535533905932738,0.33383342817945233
COC15_2001_48,0.0,0.22559493495922706
NIP77_2001_49,0.9354143466934853,1.1017293192403947
PET1_2001_50,0.0,1.1666042724826642
SLK2_2002_51,0.7071067811865476,0.7659050918287786
SLK3_2002_52,0.6123724356957945,0.68069444691433
COC12_2002_53,0.6123724356957945,0.4960791785823953
SLK11_2002_54,0.0,0.20072437016915334
SLK12_2002_55,0.0,0.24943392429237704
SLK36_2002_56,0.0,0.13576510136404948
RED14_2000_57,1.118033988749895,1.377406174295756
HEA11_2000_58,0.5,0.38162377420494126
SLK1_2001_63,0.6123724356957945,0.5558226101145894
SLK4_2001_64,0.0,0.5022959573754637
RED61_2001_65,0.5,0.42298549861189516
NIP55_2001_66,0.5,0.45422980654766165
SLK44_2001_67,0.0,0.2867525934680117
NIP72_2001_68,0.3535533905932738,0.3403927130651244
SLK47_2001_69,0.3535533905932738,0.46908059131433194
NIP74_2001_70,0.5,0.44386467723851714
RED48_2001_72,1.0606601717798212,1.3381235256718749
SLK47_2002_73,0.6123724356957945,0.4823229596477012
COC19_2002_74,0.7071067811865476,0.8130710846166374
DRY10_2002_75,1.4142135623730951,1.8315234263067242
NIP75_2002_76,1.620185174601965,2.2768810245496187
NIP16_2002_77,0.6123724356957945,0.9598072789121636
NIP83_2002_88,0.6123724356957945,0.6279938332843318
SLK31_2002_89,0.0,0.33733666216845476
RED39_2002_90,0.7905694150420949,1.1244650333176678
RED40_2002_91,0.6123724356957945,0.8858477670820607
RED47_2002_92,0.7071067811865476,0.9332336631216774
NIP51_2002_94,0.7071067811865476,0.8045580103610002
RED55_2002_95,1.118033988749895,1.5141875282216284
NIP81_2002_96,0.7071067811865476,0.8966085297245493
NIP38_2002_97,0.3535533905932738,0.3425239000200272
COC9_2002_100,0.6123724356957945,0.6260438139359218
THU16_2002_102,0.7905694150420949,1.1392211119992814
NIP85_2002_103,1.9685019685029528,2.4974474891697964
PEM9_2002_104,0.8660254037844386,1.4203322769573392
NIP81_1996_114,0.5,0.5749886432116333
RED41_1994_116,1.0,1.3963005196749896
TIM24_1997_121,0.7071067811865476,0.9180950272806981
SLK120_1994_122,0.0,0.331521523781992
COC14_1992_125,0.3535533905932738,0.43571012793126634
THU58_1996_127,0.7071067811865476,0.921626541343751
SLK58_1994_132,0.3535533905932738,0.3088849337002229
FOR11_1996_134,0.7071067811865476,0.8468092412346606
GER85_1990_135,0.7071067811865476,0.7362826490095882
RED82_1995_139,1.224744871391589,1.379656747712767
NIP75_1995_140,0.7071067811865476,0.8555166771011059
THU84_1996_147,0.7071067811865476,1.006241652378906
SLK84_1996_148,0.6123724356957945,0.7473915543783122
GER39_1990_151,0.5,0.4355244077753362
SLK55_1996_156,0.0,0.2693700447422881
COC25_1996_158,0.6123724356957945,0.657885802995152
KEN100_1995_159,1.224744871391589,1.7510963685504497
RED57_2002_163,0.8660254037844386,0.9900263208438852
NIP55_2002_164,0.6123724356957945,0.5618949610989218
SLK70_2002_166,0.3535533905932738,0.3613237397684806
RED56_2002_167,0.7071067811865476,0.8045018324600378
RED23_2002_168,0.7071067811865476,0.976541244897942
RED41_2002_169,0.6123724356957945,0.5940020947737649
RED21_2002_170,0.7071067811865476,1.0136685120476587
RED63_2002_171,1.541103500742244,2.1337047135597937
SLK19_2002_172,0.6123724356957945,0.4595584421158788
NIP54_2002_173,0.6123724356957945,0.5452854804890087
NIP56_2002_174,0.7071067811865476,0.7835592827791569
RED60_2002_175,1.0606601717798212,1.3086201639011927
NIP101_2002_176,0.0,0.29833191701607714
SLK21_2002_177,0.0,0.12888878476390464
SLK68_2002_178,0.0,0.194751390123025
SLK54_2002_179,0.0,0.2996013441860804
NIP48_2002_180,0.0,0.12695601900722137
RED66_2002_181,0.0,0.29653666305261817
NIP47_2002_182,0.0,0.058714889370483615
SLK30_2002_184,0.3535533905932738,0.37472384934638153
RED5_2002_185,0.5,0.5863371526414666
RED38_2002_186,0.7071067811865476,0.7698214940599946
RED37_2002_187,0.7071067811865476,0.710827185166144
NIP79_2002_189,0.7071067811865476,0.8181733869095505
RED34_2002_190,0.6123724356957945,0.6835753931739827
RED27_2002_191,0.7905694150420949,1.1950043849724612
SLK17_2002_193,0.6123724356957945,0.6363825437377965
RED19_1996_198,0.6123724356957945,0.6339017669559892
RED19_1999_219,0.6123724356957945,0.6098082783540542
HEA48_1995_222,0.6123724356957945,0.7501439939111471
NIP60_1996_227,0.6123724356957945,0.7426170044704739
GER44_1990_229,0.5,0.4669503356153812
NIP109_1996_231,0.5,0.41491574925987273
KEN121_1995_233,1.620185174601965,2.1511865512506
THU40_1996_234,0.6123724356957945,0.5915398136968643
NIP39_1996_236,1.224744871391589,1.7592345037453407
SLK70_1995_237,0.0,0.29012894892535823
GER26_1991_240,0.3535533905932738,0.3689397400335515
RED75_1996_243,0.6123724356957945,0.5676607618490117
GER30_1990_245,0.5,0.4519284505350573
CHA29_1995_249,0.9354143466934853,1.256878568707234
THU23_1992_254,0.7071067811865476,1.0457775441421548
SIO49_1990_255,0.6123724356957945,0.5688990631993626
SLK74_1996_261,0.5,0.5767134896003148
NIP64_1995_262,0.5,0.4703728735307794
RED22_1991_263,0.5,0.4638743938584272
SIO45_1993_265,0.3535533905932738,0.39487303276592617
HEA27_1996_270,0.5,0.3889139378444431
DRY29_1995_275,0.7905694150420949,1.0262335506579836
THU42_1996_282,0.7071067811865476,0.8573560749892462
GER98_1991_288,0.7071067811865476,0.7066935297563759
THU83_1996_292,0.7071067811865476,0.9258869357657139
SLK61_1995_306,0.0,0.308014341639062
SLK65_1995_307,0.7071067811865476,0.8542081384892369
THU14_1995_308,0.5,0.5680417805641333
RED22_1993_309,1.0606601717798212,1.3711528231742671
NIP80_1996_310,0.6123724356957945,0.8049358734509805
THU76_1996_311,0.6123724356957945,0.6371024208432876
NIP61_1996_318,0.7071067811865476,0.7653682140848389
GER37_1990_321,0.6123724356957945,0.6324628736380468
COC28_1996_322,0.5,0.4386417718824249
FOR61_1995_328,1.224744871391589,1.528275564683
SLK108_1994_333,0.0,0.23912972813558747
SLK85_1996_338,0.0,0.3128138241483428
SIO22_1990_339,0.3535533905932738,0.3987062224291256
SLK90_1995_344,0.0,0.27252284252814263
THU80_1996_348,0.7905694150420949,1.0127233968174185
RED62_1995_351,1.0606601717798212,1.2151360779813725
SLK69_1996_352,0.7071067811865476,0.7548541503398483
NIP30_1999_353,0.3535533905932738,0.4134791320246057
NIP50_1996_355,0.6123724356957945,0.6099613537737789
NIP18_1999_357,0.3535533905932738,0.4230539336497007
SLK47_1996_358,0.6123724356957945,0.5598895772164156
NIP62_1999_361,0.3535533905932738,0.3927508165748609
NIP49_1996_366,0.8660254037844386,1.2024501770759752
SLK36_1999_369,0.3535533905932738,0.4047768796689544
COC37_1995_372,0.6123724356957945,0.5093816684017135
GER75_1990_379,0.6123724356957945,0.5653447106778243
SLK39_1995_389,0.5,0.5922238569722648
SLK58_1995_394,0.3535533905932738,0.3486514946685416
GER45_1991_396,0.7905694150420949,0.8601907943851791
SIO23_1992_401,0.3535533905932738,0.38384912484808964
RED29_1993_406,0.6123724356957945,0.7258644386055393
NIP29_1997_412,0.6123724356957945,0.8286409034716696
THU136_1995_414,1.224744871391589,3.2199675132067336
HEA16_1992_418,0.5,0.37155172378921836
NIP43_1999_421,0.0,0.28186681848565515
SLK14_1995_425,0.3535533905932738,0.4169197759521357
SLK63_1996_428,0.7905694150420949,1.186936322582597
FOR38_1995_439,1.118033988749895,1.5355785858968378
THU89_1996_447,0.6123724356957945,0.6680493567651755
GER70_1991_449,0.3535533905932738,0.3409389855771809
THU65_1996_453,0.7071067811865476,0.9346325449955145
SLK86_1995_454,0.3535533905932738,0.4299868323653453
NIP58_1996_457,0.5,0.46946802644245333
RED36_1991_460,0.9354143466934853,1.1392054497404396
THU71_1996_461,0.7071067811865476,0.7894248054800616
FOR9_1996_467,0.7071067811865476,0.9822516173136427
NIP22_1996_474,0.0,0.32798790204799394
COC34_1997_475,0.5,0.37775344098663743
RED29_1995_484,0.0,0.16558150495909385
COC12_1992_485,0.5,0.5385917719386476
TIM2_1997_488,0.7071067811865476,0.9587595547356362
SLK68_1994_490,0.0,0.2922580915817034
COC24_1995_496,0.5,0.5332395844816632
RED88_1995_497,0.7071067811865476,0.9040641795370651
THU42_1995_501,0.7905694150420949,1.0657584392737816
NIP12_1999_502,0.7905694150420949,1.4038456975570757
SLK62_1995_504,0.0,0.3098796338209276
SLK46_1996_506,0.5,0.42753044192154904
NIP99_1999_508,0.7905694150420949,0.8115099075789343
HEA21_1991_512,0.6123724356957945,0.6254846887005657
GER46_1990_513,0.6123724356957945,0.5652665965227065
THU13_1999_514,0.6123724356957945,0.8606487705176726
COC19_1997_521,0.6123724356957945,0.5884090073475353
SIO24_1992_533,0.3535533905932738,0.44885679949621343
SLK49_1994_538,0.0,0.2794883243266037
NIP22_1995_543,0.3535533905932738,0.41354478677661094
COC53_1996_544,0.5,0.4255290077297318
RED31_1993_549,0.6123724356957945,0.6176206411215087
SIO94_1991_551,0.3535533905932738,0.3935157048229139
THU41_1996_553,0.5,0.5092659368646819
RED18_1996_559,0.3535533905932738,0.8553562249130007
TIM5_1996_563,1.118033988749895,1.5977742151218963
NIP37_1996_565,0.6123724356957945,0.6020108601746561
SLK76_1995_567,0.0,0.3259087656675902
PAR13_1999_571,1.695582495781317,1.9434706546245384
SLK20_1999_573,0.3535533905932738,0.5579927134594191
GER19_1993_575,0.5,0.4597626707283556
SIO48_1993_588,0.5,0.5163114803548502
THU53_1996_593,0.6123724356957945,0.7661375708132535
SIO80_1991_595,0.0,0.3084938074987127
SIO31_1993_596,0.0,0.26464699550831045
SLK73_1995_597,0.3535533905932738,0.513058885288875
COC18_1992_598,0.7071067811865476,0.7746306779599281
SLK40_1999_601,0.3535533905932738,0.4083722552265958
SIO26_1992_606,0.6123724356957945,0.7173594257970807
SLK17_1994_617,0.5,0.44877343600231456
SIO54_1991_618,0.3535533905932738,0.3385530295331176
NIP51_1996_620,0.6123724356957945,0.7820644543727334
SLK103_1994_623,0.5,0.5018047982202245
NIP62_1996_627,0.6123724356957945,0.7093998562940195
COC38_1995_629,0.6123724356957945,0.6710539849979306
GER57_1990_631,0.6123724356957945,0.5737890912372748
RED21_1990_632,1.4142135623730951,1.703436803418783
THU24_1992_633,0.6123724356957945,0.8107424475602095
SLK51_1995_638,0.5,0.45342699661271146
SLK95_1996_646,0.5,0.4104554675797894
WAW31_1995_650,1.118033988749895,1.5603705429769439
RED17_1996_652,1.0,1.3005184954760185
SLK88_1996_656,0.3535533905932738,0.43596502663961606
NIP52_1999_664,0.0,0.2717330626531993
THU38_1996_675,0.7071067811865476,0.9357755255767062
SUD164_1991_676,2.179449471770337,2.5801235947794763
GER48_1990_680,0.3535533905932738,0.4833696710012317
NIP61_1999_689,0.6123724356957945,0.5578159796833592
THU45_1995_692,0.7071067811865476,1.0708974139950633
SIO30_1991_693,0.5,0.48150937718620873
SLK52_1996_694,0.3535533905932738,0.3650367644173771
NIP26_1994_695,0.5,0.4238249979408273
DRY32_1995_703,0.6123724356957945,0.7862646441207093
SLK27_1996_707,0.0,0.2885517742078117
RED24_1996_713,1.118033988749895,1.312881140602669
SUD23_1992_715,1.0,1.3965644305968576
GER40_1991_716,1.0606601717798212,1.4825447168861412
SIO41_1993_717,0.5,0.46509628911402184
GER21_1992_720,0.6123724356957945,0.6793573913053514
SLK48_1995_723,0.3535533905932738,0.39467793066402646
WAW86_1995_724,1.4142135623730951,1.8754281539271904
NIP46_1996_726,0.7905694150420949,1.3500739189962512
NOR17_1999_728,1.2747548783981961,1.6112537160039606
SLK20_1995_731,0.7071067811865476,0.9357072484270901
THU105_1996_736,0.0,0.27372301664210247
NIP97_1999_737,0.5,0.40066725024210315
COC17_1999_738,0.6123724356957945,0.6275919965955056
GER20_1990_740,0.7071067811865476,0.7075224765681496
FOR141_1995_743,1.224744871391589,1.6656782481363923
FOR42_1995_752,0.7905694150420949,1.1524683401674403
NIP154_1995_756,0.5,0.4505093559426731
RED14_1996_764,1.0606601717798212,1.2441292321673527
PEM74_1990_765,0.9354143466934853,1.6170835457804058
SLK51_1996_772,0.5,0.4578994201309553
NIP82_1996_776,0.5,0.5266824060786721
SLK56_1995_779,0.0,0.189973892405506
NIP64_1996_782,0.7071067811865476,0.9026224927488247
SLK130_1996_788,0.3535533905932738,0.464432470344522
GER25_1991_791,0.7071067811865476,0.6870393507298228
GER60_1990_792,0.6123724356957945,0.6622687104390286
RED16_1990_796,0.8660254037844386,1.2126986521390972
GER83_1990_798,0.6123724356957945,0.6861494075369841
NIP83_1996_805,0.6123724356957945,0.6630716664002361
SLK53_1996_826,0.6123724356957945,0.5585282687520008
FOR140_1995_828,1.0,1.557568083368653
CHA7_1992_829,1.0606601717798212,1.462200600373862
MOO15_1991_836,0.6123724356957945,0.6451367724350193
DRY18_1996_839,0.6123724356957945,0.7184417488459585
SLK59_1995_841,0.3535533905932738,0.5045311242190305
COC36_1995_847,0.6123724356957945,0.6309502397799804
NIP86_1996_856,1.1726039399558574,1.72025589415466
NIP40_1999_860,0.6123724356957945,0.5849738745318481
THU39_1996_866,1.0,1.3839075827777843
RED15_1990_867,0.8660254037844386,1.0659887861858497
GER36_1992_868,0.7071067811865476,0.7562759568432597
RED5_1990_876,1.118033988749895,1.3896027241372466
SIO20_1992_878,0.0,0.16841038981784778
SLK107_1994_882,0.0,0.3335085503180786
RED27_1996_889,0.6123724356957945,0.6645188348242252
SLK10_1996_892,0.5,0.4698190468088551
GER63_1991_897,0.7905694150420949,0.9134116714162126
RED22_1995_901,0.5,0.48847001053078093
COC33_1995_903,0.3535533905932738,0.4027472131702616
NIP43_1996_910,0.5,0.4160124029176801
NIP54_1995_915,0.7905694150420949,0.9163597746357861
NIP33_1995_917,0.3535533905932738,0.4311243727800333
CHA9_1990_922,0.7071067811865476,0.9363046946915055
SLK104_1995_924,0.0,0.14208339773946083
SLK60_1995_931,0.5,0.5006922610189437
GER40_1990_938,0.6123724356957945,0.5640130612417285
DRY23_1996_942,0.6123724356957945,0.7956901117188008
THU132_1995_944,0.6123724356957945,0.8590189505050221
WAW69_1995_946,0.7071067811865476,0.8100447877300911
SUD165_1991_949,0.7905694150420949,1.1041970731829742
COC22_1999_954,0.6123724356957945,0.6280644620126828
DRY36_1996_957,0.6123724356957945,0.7614652112580136
RED83_1995_959,0.6123724356957945,0.6743405428565622
THU95_1996_962,0.6123724356957945,0.6362037531303307
SLK15_1994_963,0.0,0.22612516024239873
RED81_1995_964,0.7071067811865476,0.8296544662397569
RED14_1990_966,0.6123724356957945,0.7621268552918171
THU59_1995_972,0.7071067811865476,0.7880208417848854
GER39_1992_989,0.0,0.23839393119540442
SIO37_1993_991,0.6123724356957945,0.6482013541417628
SLK82_1999_992,0.3535533905932738,0.39169231384706366
GER29_1990_999,0.7071067811865476,0.7587699718127361
HEA54_1995_1000,0.0,0.25752619304609337
RED23_1996_1002,0.5,0.5050931519703106
RED24_1995_1019,0.7905694150420949,1.03799032744164
CHA52_1991_1021,0.7071067811865476,0.8167489004607981
RED84_1995_1024,0.7071067811865476,0.8011041371995686
WAW87_1995_1025,1.4577379737113252,1.8990966856931975
NIP13_1996_1030,0.6123724356957945,0.5595529385714165
COC30_1997_1034,0.7071067811865476,0.7663790279168194
HEA14_1996_1039,0.3535533905932738,0.3211498113669579
SLK81_1995_1042,0.6123724356957945,0.602262060786488
SIO34_1991_1048,0.0,0.32871136875944157
KEN115_1995_1049,1.3693063937629153,1.9037032816815302
NIP63_1996_1056,1.1726039399558574,1.8765279254156286
HEA3_1999_1069,0.7071067811865476,0.7659509526328698
SLK33_1996_1070,0.6123724356957945,0.592821538213114
SLK41_1999_1071,0.0,0.2811908857212631
NIP32_1999_1075,0.3535533905932738,0.4503973832637224
SLK72_1995_1077,0.0,0.2964591388048377
NIP48_1996_1078,0.6123724356957945,0.5044983194419902
SLK70_1996_1083,0.6123724356957945,0.6944795840815363
NIP8_1992_1093,0.3535533905932738,0.32587828852943823
GER18_1992_1094,0.6123724356957945,0.6339249813428446
SIO22_1993_1099,0.6123724356957945,0.4869742230578084
DRY31_1996_1105,0.6123724356957945,0.7228764934527153
NIP59_1994_1114,0.3535533905932738,0.36422369733921467
SIO44_1990_1124,0.3535533905932738,0.4650358023476848
THU49_1996_1128,0.7071067811865476,0.9280484606356069
SLK50_1995_1131,0.6123724356957945,0.6498371526592145
SLK54_1995_1132,0.3535533905932738,0.41865102487150985
NIP50_1995_1136,0.0,0.3299309876027373
THU102_1996_1138,0.3535533905932738,0.37426193254385437
SLK71_1996_1142,0.6123724356957945,0.5846728312810873
DRY12_1996_1145,0.6123724356957945,0.6511637816051892
NIP65_1996_1146,0.3535533905932738,0.3727362387454669
RED35_1993_1147,0.5,0.44019825418742337
THU54_1995_1157,0.7071067811865476,0.9508842853821432
SLK91_1996_1162,0.6123724356957945,0.5955695890787879
GER36_1991_1165,0.6123724356957945,0.6412505932027144
SLK74_1999_1167,0.5,0.4205511203860591
KEN105_1995_1173,0.7071067811865476,0.8042556436775542
SLK86_1996_1174,0.6123724356957945,0.7954748179345603
SLK77_1995_1176,0.3535533905932738,0.4223839185609425
NIP59_1996_1179,0.3535533905932738,0.3576346325911609
SLK128_1995_1182,0.3535533905932738,0.35666162946205254
THU79_1995_1183,0.6123724356957945,0.6767683382923051
THU77_1996_1187,0.5,0.520402451052851
SLK35_1999_1199,0.5,0.48961982756898864
GER92_1991_1201,0.0,0.21669531994580693
SLK37_1999_1203,0.6123724356957945,0.8355266408243306
SLK17_1999_1207,0.5,0.5215635748440373
NIP44_1996_1211,1.541103500742244,2.1061223985026793
SLK121_1996_1212,0.3535533905932738,0.347495409397704
SIO92_1991_1215,0.5,0.5156990187684515
THU67_1996_1222,1.4577379737113252,2.4346423894797447
NIP49_1994_1228,0.0,0.18339676391801715
RED9_1997_1238,0.7905694150420949,1.049243665714673
COC16_1992_1239,0.3535533905932738,0.3198390673800565
GER84_1991_1249,0.0,0.34830879175779267
SLK36_1995_1256,0.3535533905932738,0.37155581534908005
THU130_1991_1263,2.7613402542968153,4.499913409336781
SLK39_1994_1269,0.5,0.48457925783579386
SIO25_1992_1271,0.5,0.5030686254931723
COC23_1995_1273,0.3535533905932738,0.36359369921937273
THU90_1996_1274,0.7905694150420949,1.1435287316458844
SLK66_1996_1275,0.6123724356957945,0.7337489978771793
NIP66_1995_1281,0.5,0.5873773560579996
SLK33_1999_1282,0.7071067811865476,0.9230275117109316
SUD121_1999_1289,1.2747548783981961,1.8730859285175476
NIP79_1996_1296,0.7071067811865476,0.9111207718770271
SLK35_1994_1303,0.5,0.4708426706433278
SLK74_1995_1304,0.0,0.31810721237794465
THU52_1996_1307,0.6123724356957945,0.7427236651323883
GER96_1991_1309,0.5,0.4278462782622177
SLK38_1999_1310,0.7071067811865476,0.8631177234577354
THU36_1996_1313,0.5,0.5535687110039187
THU86_1996_1314,0.6123724356957945,0.739837534066325
TEM5_1992_1319,2.0615528128088303,2.6644437834847556
RED21_1995_1324,0.6123724356957945,0.6858190823076151
SLK75_1996_1326,0.6123724356957945,0.6540351956132466
GER35_1991_1329,0.6123724356957945,0.5571337836608192
GER51_1990_1331,0.0,0.32990314649497327
FOR137_1995_1337,0.7071067811865476,1.1173601821562174
SLK35_1995_1341,0.0,0.32061757736534985
SIO82_1990_1343,0.3535533905932738,0.38891859862679395
SIO110_1991_1347,0.3535533905932738,0.37566603763323814
DRY26_1995_1350,0.6123724356957945,0.6702383833072111
GER17_1992_1355,0.5,0.410883987041785
SLK54_1999_1365,0.5,0.5052170831046986
SLK78_1995_1370,0.5,0.46398918960736685
THU35_1996_1371,0.3535533905932738,0.4575474516748224
NIP110_1996_1377,0.3535533905932738,0.35988226270853096
NIP76_1996_1383,0.6123724356957945,0.6175108845532181
RED13_1996_1388,1.3693063937629153,1.6648580758973466
NOR11_1999_1390,1.224744871391589,1.4968832078043806
THU53_1995_1395,0.7905694150420949,1.0386202038835306
SIO119_1991_1398,0.6123724356957945,0.5460228149997877
SLK4_2003_1401,0.0,0.3445657057157831
NIP92_2003_1402,0.5,0.4688422309259972
SLK51_2003_1403,0.6123724356957945,0.6589202730166773
WAW21_2003_1406,0.6123724356957945,0.6848007223809242
NIP68_2003_1407,0.6123724356957945,0.4984830134005676
WAW13_2003_1409,0.8660254037844386,1.3270114751009325
DRY57_2003_1410,0.7071067811865476,0.8611396604679937
SLK58_2003_1412,0.5,0.5366774873709826
NIP58_2003_1421,0.5,0.4659466725771569
RED90_2003_1422,0.3535533905932738,0.317403579724416
KEN110_2003_1423,1.224744871391589,1.5498160161115195
RED68_2003_1428,1.0,1.0411520565460222
NIP42_2003_1430,0.6123724356957945,0.6248981206263601
SLK70_2003_1431,0.3535533905932738,0.4202557851471398
SLK66_2003_1432,0.0,0.26693991384504373
SLK20_2003_1434,0.7071067811865476,0.9045694726490648
SAU7_2003_1436,0.7071067811865476,0.9046213850657868
NIP81_2003_1437,0.6123724356957945,0.6843214760616779
RED91_2003_1438,0.3535533905932738,0.3763614041071181
RED65_2003_1440,0.8660254037844386,0.9442414734186647
DRY58_2003_1441,1.2747548783981961,1.7309292251735813
SIO83_1991_1447,0.6123724356957945,0.7707545998993406
SLK69_1995_1451,0.0,0.41272177851423836
SLK1_2003_1453,0.6123724356957945,0.6907160424468209
RED83_1991_1455,0.5,0.5315863278131898
SLK32_1995_1462,0.0,0.28807732422932913
GOG4_1991_1464,0.9354143466934853,1.2623523966891743
DRY24_1996_1466,0.9354143466934853,1.3168933944397594
RED77_1995_1467,1.0,1.19666538340101
NIP75_1994_1469,0.5,0.6025696676028282
SLK57_2003_1479,0.6123724356957945,0.6875536559493085
SLK101_2003_1480,0.0,0.2355229120209495
NIP72_2003_1483,0.6123724356957945,0.5267310360409395
FOR14_2003_1484,0.5,0.3709263407165653
NIP17_2003_1485,0.6123724356957945,0.6953684717984652
SLK65_2003_1488,0.3535533905932738,0.3712245014991149
SLK94_2003_1494,0.5,0.5130584438685263
KLK5_2003_1495,0.7071067811865476,0.8677001761635672
KLK9_2003_1496,0.7071067811865476,0.8695748272370445
RED82_2003_1498,0.7905694150420949,1.173672561760739
NIP95_2003_1500,0.6123724356957945,0.4996647552161455
THU28_2003_1502,0.7905694150420949,0.9238691798440074
WAW23_2003_1503,0.8660254037844386,1.268693774125552
KLK9_2004_1508,0.3535533905932738,0.34516085775472993
THU31_2005_1510,0.6123724356957945,0.7062438755111677
HEA63_2005_1511,0.0,0.22439480862134586
TIM19_2005_1512,0.6123724356957945,0.6822531957704379
CHA18_2005_1513,0.5,0.5566244946548317
FOR14_2005_1514,1.0606601717798212,1.5230143902623086
TIM7_2005_1515,0.7071067811865476,0.8426944726240057
FOR24_2005_1516,1.7320508075688772,2.2577309164108383
TIM5_2005_1517,1.5,1.837331928624553
NIP112_2005_1518,0.6123724356957945,0.7541014270479719
COC10_2005_1519,0.0,0.22921078981012416
FOR18_2005_1520,1.7320508075688772,8.35900367207369
NIP52_2005_1522,1.118033988749895,1.341230163110482
NIP80_2005_1523,0.5,1.4092726090308607
THU30_2005_1525,0.7905694150420949,1.1123974692809258
THU57_2005_1526,0.7071067811865476,1.0109277768237022
THU65_2005_1527,0.6123724356957945,0.7579223390470787
THU67_2005_1528,0.5,0.5505670480893821
TIM56_2005_1529,0.0,0.2513037482653266
TIM12_1997_1531,0.7071067811865476,0.9983037267339385
COC37_2005_1533,0.5,0.4556555543640448
SLK40_2005_1534,0.7071067811865476,0.8583691865771786
SLK25_2005_1535,0.0,0.24340254914897072
NIP104_2005_1536,0.0,0.2380464372544521
THU66_2003_1537,0.7905694150420949,1.2189408587081607
SLK71_2003_1538,0.3535533905932738,0.32690564596891186
SLK80_1999_1544,0.5,0.42507353010995735
RED93_2003_1545,0.8660254037844386,1.2876152852086682
SLK80_2003_1547,0.3535533905932738,0.4309672697774275
NIP59_2003_1555,0.7071067811865476,0.7968719813671117
NIP79_2003_1558,0.7071067811865476,0.7451063402036637
SAU78_2006_1560,0.0,0.0
SUD8_2006_1561,1.4142135623730951,1.6436387236158378
RED11_2007_1562,0.6123724356957945,0.7014539207074063
NIP40_2007_1564,0.3535533905932738,0.38830569596577363
KEN41_2007_1566,1.541103500742244,2.182734988791178
NIP262_2006_1567,1.5,1.8812434563752287
THU113_2006_1568,0.6123724356957945,0.5650065139118968
NIP406_2006_1569,1.5811388300841898,1.9371479273422731
NIP409_2006_1570,1.5,2.1914076991714424
NIP238_2006_1571,2.0,2.6722116926927693
NIP426_2006_1572,2.1505813167606567,2.5949867737201675
NIP322_2006_1573,1.9364916731037085,3.449459214265481
NIP365_2006_1574,2.4238399287081647,2.8929917713156525
NIP391_2006_1575,1.4142135623730951,2.51031549857976
RED84_2006_1576,0.8660254037844386,1.0287864062966416
RED175_2006_1577,0.7905694150420949,0.844544167080622
RED177_2006_1579,1.0,1.0161759609590064
NIP189_2006_1580,0.8660254037844386,0.9816565859577469
SLK30_2006_1581,0.6123724356957945,0.548352510188675
NIP70_2006_1583,0.7071067811865476,0.8269855843088159
THU36_2007_1584,1.198674405673723,1.7327748961446385
TIM3_2007_1585,0.6123724356957945,0.6179121857177757
SUD46_2007_1586,1.6583123951777,2.0523584915533175
SAU13_2007_1587,3.122498999199199,3.746278049887717
PEM2_2007_1588,1.0606601717798212,1.5964439490125164
CHA10_2010_1589,0.7071067811865476,0.6641467572940103
SLK118_2006_1590,0.0,0.42662145703831206
SLK97_2006_1591,1.3693063937629153,1.798098968389817
NIP151_2006_1592,0.7071067811865476,1.0981951251181445
SLK44_2006_1593,0.3535533905932738,0.2953204944140079
RED14_2006_1594,1.1726039399558574,1.4746708552001024
RED15_2006_1595,0.7071067811865476,0.8476632669463549
NIP327_2006_1596,0.7905694150420949,1.0809635725586246
THU246_2006_1597,1.2747548783981961,1.595755304349924
THU187_2006_1598,1.620185174601965,2.5389740493236146
SLK45_2006_1599,0.0,0.26144191533106215
NIP440_2006_1601,2.817335082413323,2.877856553663903
NIP410_2006_1602,2.03100960115899,2.5996280461319885
NIP257_2006_1604,1.224744871391589,1.7209380482083039
NIP245_2006_1605,0.8660254037844386,1.2159899647740526
COC14_2006_1606,0.6123724356957945,0.4503740704100098
NIP323_2006_1607,0.6123724356957945,0.788862011101379
NIP328_2006_1608,0.0,0.510884800483535
NIP296_2006_1609,0.6123724356957945,0.681166892611066
THU189_2006_1610,1.0,1.889318263924046
NIP291_2006_1611,2.57390753524675,3.0437601092729447
NIP404_2006_1612,2.6457513110645907,3.0398026945845067
NIP400_2006_1613,2.4238399287081647,3.43796776559351
NIP341_2006_1614,3.3354160160315836,4.4860126339636714
NIP402_2006_1615,3.3541019662496847,3.7405524913094945
NIP334_2006_1616,1.9039432764659772,2.2680723703509833
FOR52_2006_1617,1.2988152669652457,1.9194955706613686
FOR173_2006_1618,1.118033988749895,1.6686514627991875
FOR54_2006_1619,1.8371173070873836,2.3513274017597245
FOR165_2006_1620,1.3693063937629153,2.198664447010526
FOR57_2006_1621,1.9039432764659772,2.374752558465803
FOR63_2006_1622,1.4577379737113252,2.0457085269977897
FOR179_2006_1623,1.541103500742244,2.050129731312162
FOR61_2006_1624,1.541103500742244,2.156013228448854
RED163_2006_1625,0.7071067811865476,0.7469656564555405
RED182_2006_1626,1.224744871391589,1.5471941611682019
RED183_2006_1627,1.0606601717798212,1.314680025421533
RED146_2006_1628,1.0606601717798212,1.5155326278138717
RED113_2006_1629,0.7905694150420949,1.1119561222633405
RED176_2006_1632,1.1726039399558574,1.3946690643385733
THU185_2006_1633,0.7905694150420949,1.1583558425480653
THU142_2006_1634,0.7071067811865476,0.8831446990768822
THU234_2006_1635,1.2747548783981961,1.7454472368330511
THU190_2006_1636,1.118033988749895,1.4723643066950736
NIP430_2006_1637,1.4577379737113252,2.814484753090538
THU144_2006_1638,0.6123724356957945,0.816799881193194
THU249_2006_1639,1.2747548783981961,1.7096857635059954
THU163_2006_1640,0.6123724356957945,0.8576982475153251
NIP267_2006_1641,1.5,1.7733807933672134
THU143_2006_1642,0.5,0.5621230521207028
NIP344_2006_1643,1.224744871391589,1.5334691448660713
NIP226_2006_1644,3.952847075210474,4.910273516305202
NIP415_2006_1645,1.118033988749895,1.423209344810533
NIP428_2006_1646,0.6123724356957945,0.7306139016149888
THU184_2006_1647,0.3535533905932738,0.4292650365332348
NIP414_2006_1648,2.29128784747792,2.8303310463741567
COC8_2006_1649,0.5,0.47045424946006026
THU151_2006_1650,0.7071067811865476,0.8841106776077032
NIP108_2006_1651,1.9202174747848428,2.373780776210663
THU176_2006_1652,1.1726039399558574,1.284823723091198
THU167_2006_1653,0.6123724356957945,0.9134253023955787
COC9_2006_1654,0.5,0.5494514312365807
NIP276_2006_1655,1.224744871391589,1.7453764404896945
NIP413_2006_1656,1.6583123951777,2.216623067476254
NIP411_2006_1657,1.2747548783981961,1.7074809265055837
DRY10_2007_1659,1.2747548783981961,1.4652326541262397
NIP26_2007_1660,0.8660254037844386,0.9379628767447212
THU39_2007_1661,0.7905694150420949,1.0535591580717176
THU37_2007_1662,0.8660254037844386,2.6910075311902677
NIP380_2006_1663,1.620185174601965,2.196508956967331
NIP338_2006_1664,1.0,1.4492763339676795
RED7_2008_1665,0.5,0.5663911348367634
SLK34_2008_1666,0.7071067811865476,0.9152988189491902
SLK29_2008_1667,0.0,0.29861393120227536
THU38_2008_1668,0.7071067811865476,1.0440609764018098
SLK84_2011_1669,0.5,0.4760723174912981
RED51_2011_1670,0.6123724356957945,0.6828923864400234
RED36_2011_1671,1.0606601717798212,1.2108287917421003
SLK40_2006_1672,0.6123724356957945,0.6726665400688063
RED69_2006_1673,0.0,0.25922871558200655
SLK38_2006_1674,0.3535533905932738,0.41059510133499655
SLK42_2006_1675,0.3535533905932738,0.3266678563566284
RED188_2006_1676,1.4577379737113252,1.734210589742822
RED186_2006_1677,1.224744871391589,1.5051770584813153
RED184_2006_1678,0.7071067811865476,0.9171848450077552
RED16_2006_1679,1.0,1.2489089532511966
RED192_2006_1680,0.8660254037844386,0.9873016231064198
RED193_2006_1682,0.8660254037844386,1.2067711614890533
RED44_2006_1683,0.8660254037844386,1.2626339553196506
NIP81_2006_1684,1.3228756555322954,1.4496869224918782
COC34_2006_1686,0.9354143466934853,1.0181516463069697
THU154_2006_1687,0.7905694150420949,1.677808528765866
THU133_2006_1688,0.7905694150420949,1.7815984056345668
THU192_2006_1689,1.4577379737113252,2.2515999958226107
THU232_2006_1690,1.5,2.257567880168909
DRY79_2006_1692,1.4142135623730951,1.9444830036250795
SLK46_2011_1694,0.7071067811865476,0.6876917388999646
SLK45_2011_1695,0.7071067811865476,0.7747376157628864
NIP34_2011_1696,0.5,0.46588724421463756
SLK79_2011_1697,0.5,0.5631387478729023
NIP47_2011_1698,0.3535533905932738,0.40034982716517176
SLK75_2011_1699,0.6123724356957945,0.6422851775782681
SLK147_2011_1700,0.5,0.520919475972311
RED27_2011_1701,1.8708286933869707,2.235580450352788
RED91_2011_1702,1.0,1.3871388343838036
COC14_2009_1703,0.0,0.25690357736642455
SLK22_2009_1704,1.0,1.300965744671994
SLK17_2009_1705,0.6123724356957945,0.7053515806380479
SLK10_2009_1706,0.0,0.2956626106728613
SLK13_2009_1707,0.6123724356957945,0.6162318824521206
NIP23_2009_1708,0.0,0.3037090653415744
NIP21_2009_1709,0.5,0.5433546760979046
NIP20_2009_1710,0.3535533905932738,0.4293788131219778
NIP19_2009_1711,0.6123724356957945,0.7227756276433314
SLK23_2009_1712,0.3535533905932738,0.42646135041670774
NIP13_2009_1713,0.6123724356957945,0.6454138050690028
NIP14_2009_1714,0.6123724356957945,0.6101433384249817
SLK26_2009_1715,0.6123724356957945,0.7081495181724804
RED10_2009_1716,0.6123724356957945,0.611294035277101
NIP10_2009_1717,0.6123724356957945,0.5745418595666586
NIP12_2009_1718,0.6123724356957945,0.6902038551703417
THU21_2009_1719,0.7071067811865476,1.5659623644389182
COC16_2009_1720,0.3535533905932738,0.4039345316582618
RED35_2011_1721,0.6123724356957945,0.7097783479160862
RED121_2011_1722,0.6123724356957945,0.6894612867637381
RED66_2011_1723,1.1726039399558574,1.4437870708360103
RED67_2011_1724,1.118033988749895,1.300932183399481
RED7_2009_1725,0.6123724356957945,0.6436258090827647
SLK25_2009_1726,0.6123724356957945,0.9267918240995561
SLK24_2009_1727,0.6123724356957945,0.6541188653809907
SLK63_2010_1729,0.6123724356957945,0.6527610532355496
SLK49_2010_1730,0.0,0.2553755754108616
NIP41_2010_1731,0.0,0.1526531621271932
SLK65_2010_1732,0.6123724356957945,0.5843374385004588
SLK64_2010_1733,0.7905694150420949,0.9387305774156811
NIP27_2010_1734,0.7905694150420949,1.2568849837525502
NIP54_2011_1735,0.0,0.25913687902473814
SLK103_2011_1736,0.0,0.2418954793503439
SLK101_2011_1737,0.6123724356957945,0.6303482696452126
RED93_2011_1738,0.3535533905932738,0.818873231890234
SLK57_2011_1739,0.5,0.3767216344998639
SLK132_2011_1740,0.0,0.18767726690838257
SLK55_2011_1741,0.6123724356957945,0.5572509606788234
RED111_2011_1742,0.7071067811865476,0.8105747413948429
RED113_2011_1743,0.6123724356957945,0.7627435688308939
RED112_2011_1744,0.7071067811865476,0.8562867076277836
SLK71_2011_1745,0.8660254037844386,1.0174299708911054
THU57_2011_1746,0.7071067811865476,1.044329728942839
NIP94_2011_1747,2.692582403567252,3.153867941895272
KEN91_2011_1748,0.6123724356957945,0.8911345219090335
WAW12_2011_1749,2.0615528128088303,2.280974532312505
TIM34_2011_1750,0.0,0.25601019465609137
RED32_2010_1751,1.0606601717798212,1.354608567829985
NIP45_2010_1752,0.0,0.2120842554315987
RED44_2010_1753,1.1726039399558574,1.4147404895771423
RED26_2010_1755,0.7905694150420949,1.0152641474463262
RED25_2010_1756,0.7071067811865476,0.978839263772093
RED103_2012_1757,0.7071067811865476,0.7646540104503181
RED41_2012_1758,0.5,0.4395443575842958
SLK73_2012_1759,0.5,0.4086782433994788
SLK85_2012_1760,0.3535533905932738,0.38471875993705223
NIP104_2012_1761,0.7905694150420949,0.9084960609906323
NIP59_2012_1762,0.0,0.20041303109398423
NIP49_2012_1763,0.0,0.33878001547335507
NIP63_2012_1764,0.6123724356957945,0.7267437926318583
SLK26_2012_1765,0.3535533905932738,0.3290466964395365
SLK72_2012_1766,0.7071067811865476,0.985973564345288
NIP35_2010_1767,0.5,0.4004637264411222
HEA31_2010_1768,0.5,0.41432960663978563
HEA20_2010_1770,0.0,0.1550682295790659
KLK5_2010_1772,0.7071067811865476,0.9627203120576121
TIM9_2010_1773,0.9354143466934853,1.1065108857355201
TIM7_2010_1774,0.3535533905932738,0.2793274709697295
WAW18_2010_1775,0.0,0.0
TIM13_2010_1776,0.6123724356957945,0.7012819835341328
RED65_2011_1777,0.7905694150420949,0.8422567080455139
RED114_2011_1778,1.2747548783981961,1.4791714793318231
RED107_2011_1779,0.6123724356957945,0.6817005946008894
RED118_2011_1780,0.7905694150420949,1.1704133888915997
SLK85_2011_1781,0.0,0.2409384386989183
SLK87_2011_1782,0.0,0.2896784846525923
RED100_2011_1783,0.6123724356957945,0.7934322889497518
RED54_2011_1784,0.6123724356957945,0.566113512138013
SLK48_2011_1785,0.3535533905932738,0.4222843931976518
SLK88_2011_1786,0.0,0.40369885832237706
RED55_2011_1787,0.6123724356957945,0.6305427261816441
SLK47_2011_1788,0.3535533905932738,0.31683018117518674
RED32_2011_1789,1.0,1.2362886310338193
RED123_2011_1790,0.9354143466934853,1.0440613077097278
NIP40_2011_1791,0.5,0.48484888772412915
RED53_2011_1792,0.7071067811865476,0.8261834344281669
RED120_2011_1793,0.8660254037844386,1.0103022478001031
RED122_2011_1794,0.5,0.6414483904803056
RED23_2011_1795,0.7071067811865476,0.7971501463776632
RED24_2011_1796,1.0,1.1566362138445336
RED22_2011_1797,0.6123724356957945,0.5424766496132768
SLK38_2011_1798,0.5,0.5599977630406415
RED58_2011_1799,0.6123724356957945,0.8118400275678439
RED82_2011_1800,0.6123724356957945,0.7285451103748256
RED73_2011_1801,1.224744871391589,1.2630046378489457
RED101_2011_1802,0.3535533905932738,0.918980209505868
RED106_2011_1803,0.6123724356957945,0.7476620584086495
RED96_2011_1804,0.7905694150420949,1.097684605726264
SLK50_2011_1805,0.5,0.4334132798328802
RED26_2011_1806,1.224744871391589,1.5376134805474477
SLK70_2011_1807,0.6123724356957945,0.6069574978879012
SLK51_2011_1808,0.3535533905932738,0.3020101299090818
RED29_2011_1809,0.8660254037844386,1.317810363412989
SLK76_2011_1810,0.3535533905932738,0.3613647797027106
NIP55_2011_1811,0.5,0.4190564425646338
RED103_2011_1812,0.5,0.6100398747126179
RED50_2011_1813,0.7071067811865476,0.8129310408698768
RED52_2011_1814,0.6123724356957945,0.729844698549125
SLK60_2011_1815,0.5,0.5395268499759057
RED72_2011_1816,0.9354143466934853,1.0995887446870234
SLK95_2011_1817,0.6123724356957945,0.667980500272867
RED85_2011_1818,1.118033988749895,1.2886778834317658
SLK35_2011_1821,0.6123724356957945,0.6013625267028572
SLK65_2011_1822,0.3535533905932738,0.32403752722665596
SLK82_2011_1824,0.5,0.5621560046599338
THU58_2011_1825,0.7905694150420949,0.9288957846888584
THU50_2011_1826,0.8660254037844386,1.290695112920904
COC25_2011_1827,0.5,0.4524702640273323
THU51_2011_1828,0.6123724356957945,0.5698030806568783
THU33_2011_1829,0.8660254037844386,1.4201241010723222
THU80_2011_1830,0.7071067811865476,0.8915414133774836
THU22_2011_1831,0.6123724356957945,0.5558540476188991
KEN27_2011_1832,0.7905694150420949,0.9850701319091529
FOR42_2011_1834,1.5811388300841898,2.344000881329464
NIP66_2011_1835,1.0606601717798212,1.93191376345719
FOR17_2011_1836,1.4577379737113252,1.915722637710791
NIP24_2012_1838,0.5,0.46061057550174617
RED69_2012_1839,0.6123724356957945,0.6321500910105889
SLK101_2012_1840,0.0,0.22093397884815763
KLK8_2012_1841,1.0606601717798212,1.4434355585407033
RED53_2012_1842,1.0606601717798212,1.3259090184125164
RED61_2012_1843,0.6123724356957945,0.775108143245694
RED49_2012_1844,1.118033988749895,1.5114288307956585
RED57_2012_1845,0.7071067811865476,1.0673651308257404
SLK91_2012_1846,0.6123724356957945,0.6478715965171798
NIP60_2012_1848,0.7071067811865476,0.7118424841445473
RED28_2012_1849,0.7071067811865476,0.8294698075365432
SLK32_2012_1850,0.6123724356957945,0.5774249950050909
SLK74_2012_1851,0.6123724356957945,0.6304259499442045
TIM9_2012_1852,0.7905694150420949,1.1194962288745338
RED94_2012_1854,1.118033988749895,1.2758548514985528
SLK29_2012_1855,0.5,0.48172935826265756
KLK13_2012_1856,0.7071067811865476,0.9689586173030437
SLK82_2012_1857,0.6123724356957945,0.4915375483363723
THU35_2012_1858,0.6123724356957945,0.7242109981941145
THU65_2012_1859,0.6123724356957945,0.6084589745446691
TIM7_2012_1898,0.6123724356957945,0.5762136848009501
RED60_2012_1899,0.6123724356957945,0.7341898308125417
RED66_2012_1900,0.7071067811865476,0.8704581629650922
RED39_2012_1901,1.0,1.0674477252778733
RED52_2012_1902,1.1726039399558574,1.545491379336901
TIM47_2012_1903,1.0606601717798212,1.6361578066624793
WAW5_2012_1904,1.0,1.0543004614973475
RED64_2012_1905,1.0606601717798212,1.5093396813565159
RED72_2012_1906,1.0,1.1096514862989193
KLK11_2012_1907,0.7071067811865476,0.8025259924989459
RED51_2012_1908,1.0606601717798212,1.272149181582894
RED59_2012_1909,0.7905694150420949,0.9493982696374643
SLK97_2012_1910,0.6123724356957945,0.8518137412458039
NIP62_2012_1912,0.0,0.2577480460773084
RED38_2012_1913,0.7071067811865476,1.034391310719437
SLK71_2012_1914,0.0,0.27169239552073676
SLK81_2012_1915,0.3535533905932738,0.2963988495922001
WAW4_2012_1916,1.1726039399558574,2.3610865072369434
KEN36_2012_1917,0.7071067811865476,1.0841765765220481
RED71_2012_1918,1.118033988749895,1.3623534757171596
SLK20_2012_1919,0.6123724356957945,0.7456671739450194
HEA9_2012_1920,0.0,0.32688853014376257
TIM27_2012_1921,1.541103500742244,1.9458599304017699
RED58_2012_1922,0.7905694150420949,1.0862875313667875
RED63_2012_1923,1.224744871391589,1.5967830478875091
CHA8_2012_1924,0.6123724356957945,0.7433729514141048
RED34_2012_1925,1.2747548783981961,1.4679867008890428
RED50_2012_1926,1.2747548783981961,1.587673413514982
SLK79_2012_1927,0.6123724356957945,0.6521284615506727
SLK93_2012_1928,0.3535533905932738,0.3306641369820867
NIP32_2012_1929,0.7905694150420949,1.0901832367443853
NIP61_2012_1930,0.5,0.45224209421404094
SLK105_2012_1931,0.6123724356957945,0.8569336769434481
SLK47_2012_1932,0.7071067811865476,1.0118296541905256
PEM25_2012_1933,0.6123724356957945,0.9663883104621526
WAW17_2012_1934,0.6123724356957945,0.8443102934735781
FOR59_2012_1935,1.118033988749895,7.036997291581429
RED62_2012_1936,0.8660254037844386,1.242607131059188
RED70_2012_1937,0.9354143466934853,1.096280369765137
RED124_2011_1958,1.0,1.4008949216733626
