Fire_ID,history,rbr,rbr_w_offset,Fire_Year,host_species,total_pixels,host_percentage,Average Recovery,Time_Since_Defoliation,Cumulative_Years,Max_Overlap_Area,Max_Overlap_Percent,fire_area,isi_90,dc_90,dmc_90,ffmc_90,bui_90,fwi_90
CHA10_2010_1589,1,562.55,532.81,2010,279.0,364.0,76.6,104.52,22,16,764973.3816431126,100.00000000000004,1.092,13.6,133.5,52.1,93.4,52.9,24.7
CHA18_2005_1513,1,606.9,283.7,2005,206.0,226.0,91.2,74.98,17,17,954810.2273975256,100.00000000000004,0.678,8.8,384.4,70.7,90.9,94.2,27.5
CHA29_1995_249,1,504.62,238.17,1995,43381.0,54481.0,79.6,118.38,7,17,129459435.20226748,100.00000000000009,163.443,6.8,483.2,72.2,88.9,102.6,21.3
CHA52_1991_1021,1,273.85,225.15,1991,1786.0,2786.0,64.1,226.04,3,17,14118341.139901036,100.00000000000009,8.358,7.5,479.9,67.1,90.8,95.5,24.8
CHA7_1992_829,1,275.55,336.29,1992,2428.0,3018.0,80.5,225.63,4,17,9124349.66486442,100.00000000000004,9.054,8.1,42.9,19.4,92.1,19.9,10.2
CHA8_2012_1924,1,623.24,504.56,2012,869.0,1641.0,53.0,88.01,1,16,3417143.179447653,99.99999999999994,4.923,17.3,113.8,53.2,91.6,51.9,30.4
CHA9_1990_922,1,636.47,351.63,1990,24914.0,36140.0,68.9,94.67,2,18,92676888.43547384,100.00000000000004,108.42,17.8,128.7,45.2,91.8,46.9,33.3
COC10_2005_1519,1,563.52,247.98,2005,1191.0,1191.0,100.0,79.33,24,5,5939466.646722916,99.99999999999991,3.573,15.2,86.4,39.7,94.3,40.1,27.0
COC10_2012_1911,1,517.65,274.38,2012,405.0,412.0,98.3,86.85,30,2,1805831.839230504,64.37794253094495,1.236,16.9,66.3,23.2,92.9,23.8,20.2
COC12_1992_485,1,281.43,321.73,1992,2103.0,2103.0,100.0,164.52,11,5,10102370.275980828,100.0,6.309,11.5,167.7,53.1,91.3,59.4,28.2
COC14_1992_125,1,515.52,357.42,1992,764.0,764.0,100.0,91.11,13,1,1829644.3845032365,100.00000000000004,2.292,10.9,195.5,54.1,91.1,58.6,30.4
COC14_2006_1606,1,613.04,449.29,2006,265.0,351.0,75.5,76.62,25,6,701632.2234737172,100.00000000000004,1.053,9.1,39.9,13.4,81.9,14.6,8.7
COC15_2001_48,1,615.39,213.99,2001,507.0,507.0,100.0,70.05,22,1,3687521.899113381,100.0,1.521,10.2,169.8,51.9,91.6,57.5,22.5
COC16_1997_1038,1,530.52,224.74,1997,10298.0,10309.0,99.9,80.32,9,2,14132359.623815505,19.75299380492344,30.927,13.1,154.0,56.1,93.8,57.3,21.9
COC19_1997_521,1,595.18,386.32,1997,16532.0,18681.0,88.5,97.4,9,14,63013988.14540434,100.00000000000004,56.043,11.0,158.8,63.7,91.0,65.0,23.5
COC23_1995_1273,1,536.92,265.45,1995,44889.0,44913.0,99.9,84.98,16,1,188940392.3737452,100.00000000000011,134.739,7.4,231.5,49.0,88.4,61.4,18.8
COC24_1995_496,1,577.56,308.41,1995,5521.0,5527.0,99.9,74.71,14,2,19480959.11338495,100.00000000000009,16.581,7.3,251.6,54.9,88.8,67.4,18.7
COC34_1997_475,1,637.26,166.47,1997,1823.0,2128.0,85.7,80.03,16,7,12341739.882114612,100.0,6.384,10.3,168.3,65.3,89.8,65.7,23.5
COC34_2006_1686,1,625.14,134.21,2006,276.0,276.0,100.0,74.74,27,1,433945.4893389663,100.00000000000009,0.828,5.7,244.2,22.4,84.9,36.0,11.5
COC37_1995_372,1,515.16,291.61,1995,612.0,613.0,99.8,86.3,7,11,5427417.185047804,100.00000000000009,1.839,10.7,395.7,42.6,89.9,66.9,24.2
COC38_1995_629,1,498.78,322.28,1995,32707.0,32756.0,99.9,94.02,14,3,58236688.87084144,99.99999999999976,98.268,9.8,482.1,51.5,89.4,80.2,24.0
COC8_2006_1649,1,580.7,416.49,2006,782.0,880.0,88.9,109.82,25,6,2355705.490750308,99.99999999999991,2.64,9.1,37.6,13.3,81.8,14.3,8.7
COC9_2002_100,1,346.07,350.61,2002,1746.0,1771.0,98.6,151.33,21,2,5579028.644936477,100.0,5.313,11.2,298.2,59.7,91.6,77.7,27.3
COC9_2006_1654,1,610.89,403.27,2006,542.0,751.0,72.2,104.17,25,6,1651058.0942240532,100.00000000000016,2.253,9.0,38.0,13.3,81.9,14.3,8.7
DRY10_2002_75,1,494.91,259.66,2002,3217.0,7530.0,42.7,109.5,7,11,19805040.156551097,99.99999999999991,22.59,7.3,124.1,31.3,89.3,37.7,13.0
DRY10_2007_1659,1,544.15,521.04,2007,170.0,593.0,28.7,109.76,13,6,1094931.3693082945,100.00000000000011,1.779,15.2,75.2,39.6,92.3,39.4,24.5
DRY12_1996_1145,1,532.53,231.4,1996,5489.0,6157.0,89.2,82.97,2,10,19613135.6186356,99.9999999999999,18.471,9.6,218.8,69.3,92.5,74.5,22.3
DRY14_2000_30,1,490.14,345.45,2000,222.0,459.0,48.4,105.38,5,10,1011706.901310487,100.00000000000004,1.377,9.7,70.2,27.6,90.7,27.9,16.5
DRY18_1996_839,1,409.57,166.13,1996,2544.0,2972.0,85.6,104.98,2,11,14562461.022641478,99.99999999999994,8.916,10.8,183.5,69.4,92.7,72.6,25.5
DRY23_1996_942,1,438.19,230.74,1996,45685.0,51899.0,88.0,82.69,2,11,196317195.31586,99.99999999999972,155.697,9.5,215.4,67.6,92.0,72.3,23.2
DRY24_1996_1466,1,487.15,273.8,1996,10479.0,13013.0,80.5,91.15,2,12,41434675.20981825,100.00000000000009,39.039,8.9,218.3,66.9,92.5,73.2,22.0
DRY26_1995_1350,1,441.33,318.01,1995,6335.0,6434.0,98.5,102.14,1,10,17367700.517563015,100.00000000000009,19.302,5.5,283.0,91.8,89.2,96.1,20.0
DRY29_1995_275,1,358.14,222.81,1995,7127.0,8025.0,88.8,124.35,1,11,24788540.432467043,99.99999999999964,24.075,5.0,277.8,82.5,88.2,90.1,17.9
DRY31_1996_1105,1,476.68,186.97,1996,36581.0,36846.0,99.3,89.0,4,6,128242748.26808654,99.99999999999976,110.538,6.1,218.1,64.2,89.3,70.1,17.7
DRY32_1995_703,1,436.46,158.22,1995,4680.0,4867.0,96.2,90.02,1,11,17016719.10738879,100.00000000000009,14.601,5.4,271.3,83.1,89.2,89.4,19.1
DRY36_1996_957,1,557.49,279.74,1996,7889.0,9805.0,80.5,74.32,2,11,27686503.08373024,100.0000000000002,29.415,8.6,213.8,67.5,90.2,72.1,22.4
DRY57_2003_1410,1,537.5,230.9,2003,2346.0,2989.0,78.5,108.45,9,11,13256961.995939218,100.00000000000024,8.967,10.5,261.1,59.2,93.3,72.1,26.3
DRY58_2003_1441,1,537.12,302.43,2003,104.0,467.0,22.3,105.47,8,11,1289323.3413767195,99.99999999999996,1.401,13.3,254.5,51.2,90.4,68.7,29.9
DRY79_2006_1692,1,540.67,116.84,2006,9237.0,17910.0,51.6,101.28,13,7,35460073.80415207,100.00000000000009,53.73,9.0,320.3,53.7,91.0,73.8,23.1
FOR11_1996_134,1,526.16,362.99,1996,2147.0,2984.0,72.0,94.29,2,13,8927774.345815582,99.99999999999996,8.952,8.8,225.1,68.4,89.0,74.2,21.8
FOR137_1995_1337,1,577.1,370.46,1995,4591.0,5167.0,88.9,89.64,1,14,9627377.709824136,99.99999999999991,15.501,11.5,508.2,64.3,90.7,95.6,31.6
FOR140_1995_828,1,582.83,483.05,1995,3760.0,6767.0,55.6,92.56,0,13,11679693.47711588,100.00000000000004,20.301,11.6,502.9,64.7,90.4,96.0,30.7
FOR141_1995_743,1,560.61,302.46,1995,224711.0,277979.0,80.8,96.16,1,22,473015760.4688053,99.99999999999984,833.937,11.2,500.9,60.6,91.7,92.0,28.1
FOR14_2003_1484,1,559.56,517.66,2003,113.0,1087.0,10.4,105.62,18,2,1851139.9228186123,100.0,3.261,17.2,99.1,54.0,94.6,54.1,29.5
FOR14_2005_1514,1,531.16,214.89,2005,2258.0,2413.0,93.6,101.47,11,15,6733199.891955993,100.0,7.239,5.6,281.8,34.8,89.1,50.0,13.6
FOR165_2006_1620,1,617.45,529.04,2006,506.0,536.0,94.4,92.88,12,13,860914.7064193197,99.9999999999999,1.608,5.4,368.9,45.8,87.7,66.6,14.5
FOR173_2006_1618,1,607.41,336.56,2006,1804.0,1948.0,92.6,88.0,12,15,3002377.0685520414,99.99999999999991,5.844,5.6,364.8,42.6,87.5,63.6,13.7
FOR179_2006_1623,1,595.13,382.37,2006,658.0,806.0,81.6,93.61,12,13,1322521.6792989047,100.00000000000004,2.418,5.6,366.4,42.3,87.6,63.3,13.8
FOR17_2011_1836,1,552.73,440.3,2011,417.0,679.0,61.4,95.53,17,13,1049619.1600829985,100.00000000000004,2.037,5.5,347.3,33.7,90.0,51.3,13.9
FOR18_2005_1520,1,653.93,440.21,2005,275.0,472.0,58.3,77.19,10,15,723801.2162240588,100.0,1.416,5.9,297.2,37.2,88.8,57.0,15.0
FOR24_2005_1516,1,552.27,310.71,2005,1335.0,1564.0,85.4,90.8,11,13,2590448.685649481,99.99999999999989,4.692,5.6,295.9,33.6,88.5,51.7,13.8
FOR38_1995_439,1,424.01,298.42,1995,13327.0,18069.0,73.8,120.57,1,12,49517163.15817306,99.99999999999984,54.207,4.9,326.4,86.4,87.4,93.3,18.1
FOR42_1995_752,1,430.34,238.51,1995,1353.0,4750.0,28.5,109.96,1,20,13628586.95121622,100.00000000000004,14.25,6.3,303.6,98.4,91.0,103.8,23.4
FOR42_2011_1834,1,580.93,486.94,2011,1226.0,1469.0,83.5,88.16,17,13,2239308.3414983656,100.0000000000002,4.407,6.3,356.1,31.7,90.2,51.8,14.8
FOR52_2006_1617,1,674.78,555.79,2006,1457.0,2170.0,67.1,84.07,12,17,3293066.164233787,100.00000000000009,6.51,8.8,311.9,52.4,92.2,73.3,22.4
FOR54_2006_1619,1,612.85,354.98,2006,8071.0,9143.0,88.3,82.87,12,13,16984770.337472584,99.99999999999991,27.429,9.3,307.3,52.9,93.0,73.0,22.5
FOR57_2006_1621,1,591.76,379.39,2006,5507.0,6502.0,84.7,88.57,12,13,10136410.1753604,100.00000000000009,19.506,9.3,306.2,52.3,92.8,72.4,22.5
FOR59_2012_1935,1,573.39,326.52,2012,2206.0,2878.0,76.7,79.29,17,15,4962553.051360152,100.00000000000004,8.634,4.8,301.0,45.2,88.9,60.9,13.0
FOR61_1995_328,1,472.94,469.93,1995,1283.0,3770.0,34.0,127.35,1,11,7654347.908478207,100.00000000000004,11.31,4.5,323.5,85.0,86.5,92.0,17.2
FOR61_2006_1624,1,593.43,414.59,2006,1864.0,2642.0,70.6,91.37,11,15,4172078.767029997,99.99999999999996,7.926,9.4,305.7,52.1,93.0,72.2,22.5
FOR63_2006_1622,1,555.58,332.43,2006,3241.0,3496.0,92.7,81.7,12,14,5442504.076070244,100.00000000000009,10.488,7.1,318.4,46.4,91.1,67.3,20.3
FOR9_1996_467,1,449.32,346.08,1996,12020.0,14204.0,84.6,123.76,2,14,36573043.31669822,99.99999999999996,42.612,7.1,224.5,67.9,88.0,73.8,16.3
GER40_1991_716,1,285.62,239.43,1991,638.0,706.0,90.4,154.21,0,7,8397488.97617321,100.0,2.118,14.5,314.1,45.9,89.6,66.2,30.6
GER92_1991_1201,1,666.29,401.26,1991,22818.0,22898.0,99.7,79.23,5,5,34808920.89978486,99.99999999999996,68.694,9.0,472.2,67.8,92.6,95.2,27.1
GOG4_1991_1464,1,556.56,437.94,1991,49780.0,54969.0,90.6,110.07,3,18,105327243.0877767,99.99999999999996,164.907,10.4,118.4,48.0,91.6,48.0,21.4
HEA11_2000_58,1,724.93,93.56,2000,1925.0,1960.0,98.2,62.67,12,12,3021400.6064048293,99.9999999999998,5.88,5.6,331.3,42.4,89.5,63.8,16.5
HEA14_1996_1039,1,520.05,229.15,1996,448.0,448.0,100.0,72.75,16,4,1983472.5986881952,99.99999999999996,1.344,9.7,145.0,52.5,94.6,57.3,22.4
HEA16_1992_418,1,535.28,491.16,1992,2476.0,2517.0,98.4,99.77,4,11,4060840.6634913418,100.00000000000004,7.551,7.7,166.3,48.9,90.3,53.1,26.7
HEA20_2010_1770,1,620.33,395.19,2010,1160.0,1202.0,96.5,87.56,22,11,3732153.5059945593,100.0,3.606,7.7,218.6,63.8,90.0,64.2,20.4
HEA21_1991_512,1,426.4,300.23,1991,2534.0,2763.0,91.7,109.33,3,12,8615801.483757602,99.99999999999996,8.289,8.3,463.2,67.0,91.6,96.2,26.0
HEA27_1996_270,1,427.59,303.25,1996,4484.0,4501.0,99.6,107.55,3,8,29297374.440756083,100.00000000000004,13.503,8.4,179.9,61.2,90.8,65.4,21.6
HEA31_2010_1768,1,443.59,202.5,2010,1322.0,1326.0,99.7,110.63,22,10,8200201.483876343,99.9999999999998,3.978,7.3,256.2,49.6,89.1,65.3,19.6
HEA3_1999_1069,1,447.17,321.05,1999,376.0,402.0,93.5,108.79,4,14,1707986.7765728005,99.99999999999996,1.206,14.0,99.9,41.0,91.7,42.1,22.5
HEA48_1995_222,1,321.18,248.94,1995,61824.0,77286.0,80.0,155.86,7,15,270206443.4497999,99.99999999999989,231.858,8.6,483.1,77.1,90.5,107.8,25.9
HEA54_1995_1000,1,568.37,347.62,1995,34521.0,34548.0,99.9,88.54,1,14,53259662.22812851,99.99999999999996,103.644,6.4,431.3,60.4,83.9,88.1,19.4
HEA63_2005_1511,1,658.79,256.79,2005,457.0,460.0,99.3,85.64,17,10,710188.3759577079,100.00000000000004,1.38,9.2,438.5,41.6,89.5,65.6,20.5
HEA9_2012_1920,1,390.92,297.79,2012,1331.0,1381.0,96.4,138.21,24,14,11507810.14244496,99.99999999999989,4.143,12.7,87.3,35.3,89.7,36.2,20.6
KEN100_1995_159,1,369.22,198.46,1995,219.0,1140.0,19.2,116.48,1,9,4211207.343983,99.99999999999991,3.42,6.4,282.5,84.8,85.6,94.0,21.2
KEN103_2012_1853,1,635.94,331.01,2012,40.0,645.0,6.2,79.26,18,2,642220.8628728715,64.33360749666247,1.935,7.0,396.9,46.1,89.5,70.4,16.9
KEN105_1995_1173,1,456.29,317.06,1995,528.0,580.0,91.0,107.06,0,9,1396853.3501450275,99.99999999999996,1.74,5.7,252.9,85.2,86.9,92.3,18.3
KEN110_2003_1423,1,505.27,91.96,2003,798.0,4495.0,17.8,108.74,9,9,7497203.57699075,100.00000000000009,13.485,5.8,412.9,34.3,90.3,56.3,16.0
KEN115_1995_1049,1,316.36,96.41,1995,487.0,555.0,87.7,105.93,0,8,3145504.556006271,99.99999999999996,1.665,5.4,257.2,80.2,85.1,88.2,15.7
KEN121_1995_233,1,343.61,259.66,1995,1441.0,2000.0,72.0,119.61,0,9,5971577.20743903,99.99999999999996,6.0,4.2,269.5,63.3,83.5,74.7,13.6
KEN27_2011_1832,1,574.25,143.48,2011,431.0,437.0,98.6,78.49,17,8,640700.4305604207,100.00000000000009,1.311,6.5,256.7,40.1,90.0,57.7,13.9
KEN36_2012_1917,1,600.18,431.01,2012,682.0,3852.0,17.7,96.85,16,3,9272532.85637732,99.26759756187836,11.556,8.8,133.7,40.4,90.7,45.4,18.8
KEN41_2007_1566,1,567.32,300.13,2007,748.0,1547.0,48.4,106.04,11,9,2653520.0078506595,99.99999999999996,4.641,6.3,221.3,58.6,87.7,64.7,17.0
KEN91_2011_1748,1,502.54,266.69,2011,123.0,272.0,45.2,95.52,16,4,549471.069929542,100.00000000000004,0.816,5.1,250.9,33.7,89.9,49.1,13.7
KLK11_2012_1907,1,581.68,336.7,2012,49.0,125.0,39.2,88.71,24,12,658522.4704047028,100.00000000000024,0.375,6.8,129.7,40.6,87.4,46.8,15.1
KLK13_2012_1856,1,578.42,198.8,2012,2293.0,3188.0,71.9,83.96,24,14,12600880.919285228,100.00000000000004,9.564,6.3,140.1,41.1,87.0,45.8,14.4
KLK5_2003_1495,1,512.71,502.86,2003,114.0,997.0,11.4,100.2,15,13,3093171.586099604,99.99999999999996,2.991,8.8,84.7,31.3,87.4,32.9,15.3
KLK5_2010_1772,1,536.08,446.05,2010,102.0,175.0,58.3,92.64,22,11,2329086.5456527453,100.0,0.525,11.1,78.5,20.2,88.6,24.4,16.2
KLK8_2012_1841,1,584.24,346.81,2012,4900.0,11586.0,42.3,92.67,24,13,45983388.395083,99.99999999999974,34.758,8.9,121.3,38.1,90.2,43.8,18.5
KLK9_2003_1496,1,502.32,50.62,2003,5.0,5.0,100.0,94.07,15,11,1814081.6821647864,100.0,0.015,7.5,137.2,43.7,90.4,49.7,15.9
KLK9_2004_1508,1,539.37,-67.31,2004,697.0,697.0,100.0,81.85,16,11,1270226.713079624,100.00000000000004,2.091,3.6,201.2,12.0,81.9,20.7,5.6
NIP108_2006_1651,1,562.39,317.27,2006,186.0,219.0,84.9,101.87,12,10,647276.590111686,100.00000000000004,0.657,5.2,300.4,35.6,88.2,53.3,14.4
NIP12_1999_502,1,500.04,312.63,1999,88351.0,128286.0,68.9,110.92,5,9,483273956.6344874,99.9999999999998,384.858,14.4,91.4,37.8,91.7,38.8,24.0
NIP151_2006_1592,1,385.28,408.68,2006,280.0,348.0,80.5,153.02,13,3,1125251.4769479772,100.00000000000004,1.044,6.3,351.9,48.1,87.8,69.2,15.0
NIP154_1995_756,1,582.31,204.32,1995,25887.0,27184.0,95.2,74.71,0,8,46814100.4718383,100.00000000000011,81.552,8.3,458.5,66.6,87.1,95.3,25.8
NIP16_2002_77,1,357.25,310.79,2002,5418.0,9396.0,57.7,137.81,8,9,38375903.69642571,99.99999999999994,28.188,4.3,146.5,23.7,86.3,30.7,8.9
NIP17_2003_1485,1,449.46,98.64,2003,395.0,396.0,99.7,81.83,10,2,3486239.41128443,100.00000000000004,1.188,11.6,112.8,48.9,93.2,49.1,23.8
NIP20_2005_1521,1,395.21,136.75,2005,23891.0,28008.0,85.3,126.89,12,2,28803546.12011072,13.035902634908178,84.024,9.7,191.0,42.1,91.0,53.0,20.3
NIP226_2006_1644,1,618.2,183.47,2006,464.0,1012.0,45.8,86.7,12,9,1665183.151062868,100.00000000000004,3.036,5.4,436.3,47.9,87.3,73.6,13.7
NIP238_2006_1571,1,629.79,227.37,2006,1288.0,1795.0,71.8,92.9,11,13,2750906.094769094,100.00000000000004,5.385,4.9,439.2,37.5,85.7,62.3,11.2
NIP245_2006_1605,1,599.85,291.94,2006,1661.0,2016.0,82.4,95.17,12,9,3161535.635620938,100.0,6.048,5.1,434.6,42.2,85.1,65.9,12.1
NIP24_2001_7,1,454.61,82.61,2001,90.0,90.0,100.0,64.05,8,1,1369533.3630099094,99.99999999999996,0.27,8.3,180.9,57.9,91.2,63.3,21.3
NIP257_2006_1604,1,569.69,357.7,2006,161.0,849.0,19.0,101.41,12,9,1318940.6279631949,99.99999999999994,2.547,5.3,445.5,47.5,86.2,74.3,17.1
NIP262_2006_1567,1,602.29,396.73,2006,399.0,766.0,52.1,98.64,12,11,1354275.465587099,100.00000000000004,2.298,5.4,436.0,38.7,85.9,62.4,12.7
NIP267_2006_1641,1,520.59,363.14,2006,358.0,641.0,55.9,117.78,12,9,955493.0037169552,99.99999999999996,1.923,5.1,433.1,42.7,86.3,67.0,12.6
NIP26_2007_1660,1,589.38,480.59,2007,249.0,804.0,31.0,102.61,13,9,1927109.787664284,99.99999999999989,2.412,12.4,102.2,51.3,89.9,51.5,25.2
NIP276_2006_1655,1,475.64,259.29,2006,948.0,1351.0,70.2,126.25,12,10,2858762.7620601445,100.00000000000011,4.053,5.0,430.9,40.0,85.6,63.3,11.9
NIP291_2006_1611,1,612.39,221.3,2006,501.0,651.0,77.0,63.58,12,11,996694.2634985792,99.99999999999994,1.953,4.9,439.5,39.7,83.6,62.7,11.0
NIP296_2006_1609,1,510.16,328.32,2006,852.0,1983.0,43.0,95.31,12,9,5837897.810837712,99.9999999999999,5.949,4.8,445.1,49.1,86.8,75.7,16.3
NIP29_1997_412,1,430.51,340.85,1997,218.0,232.0,94.0,115.43,3,9,777937.5330245552,100.0,0.696,4.8,218.7,52.3,87.9,58.9,13.4
NIP322_2006_1573,1,520.35,457.45,2006,44.0,521.0,8.4,71.52,12,12,1181074.5695560437,99.9999999999999,1.563,5.3,435.9,50.9,87.9,77.9,17.6
NIP323_2006_1607,1,417.33,304.2,2006,6786.0,8430.0,80.5,108.23,12,11,25136310.31345943,99.99999999999989,25.29,5.4,427.0,46.4,86.4,71.2,13.2
NIP327_2006_1596,1,534.34,290.98,2006,2285.0,2614.0,87.4,114.62,12,11,6943554.735174473,99.99999999999991,7.842,4.9,440.6,53.5,88.3,80.9,16.6
NIP328_2006_1608,1,586.94,396.51,2006,1409.0,2142.0,65.8,96.6,12,12,3679558.369914333,99.99999999999996,6.426,5.4,440.0,52.6,88.3,80.2,18.0
NIP334_2006_1616,1,600.87,400.88,2006,14.0,1174.0,1.2,100.26,12,12,1931695.255578634,100.00000000000009,3.522,4.1,424.8,35.1,85.2,57.3,10.3
NIP338_2006_1664,1,339.65,225.12,2006,3649.0,8992.0,40.6,183.03,12,11,45338415.46515059,100.00000000000011,26.976,5.5,426.6,47.4,86.6,72.8,13.9
NIP341_2006_1614,1,480.47,313.94,2006,253.0,1954.0,12.9,107.9,12,10,2977963.589662913,99.99999999999996,5.862,4.2,417.0,41.9,84.7,65.1,11.1
NIP344_2006_1643,1,493.64,211.08,2006,2298.0,3361.0,68.4,95.34,12,9,11748660.47354344,99.99999999999996,10.083,5.5,424.4,38.0,87.1,61.5,11.9
NIP35_2010_1767,1,535.58,245.68,2010,210.0,210.0,100.0,79.72,17,2,919605.029837511,100.00000000000004,0.63,8.8,176.3,30.4,89.0,42.1,16.2
NIP365_2006_1574,1,501.41,281.23,2006,5407.0,7716.0,70.1,96.73,12,11,12827763.74060472,99.99999999999991,23.148,4.8,437.4,39.2,84.3,62.1,11.0
NIP380_2006_1663,1,535.27,252.32,2006,1292.0,1722.0,75.0,94.04,12,10,2733712.6421023584,99.99999999999991,5.166,4.7,431.8,40.9,85.4,64.2,11.7
NIP391_2006_1575,1,637.33,258.09,2006,4760.0,6562.0,72.5,84.66,12,12,10160310.269398484,100.00000000000004,19.686,4.4,431.2,36.8,85.3,58.8,10.2
NIP39_1996_236,1,486.11,181.51,1996,21024.0,23857.0,88.1,88.6,2,11,157294484.84011742,99.9999999999999,71.571,7.2,227.4,70.9,90.0,79.6,20.9
NIP400_2006_1613,1,588.43,251.02,2006,155.0,541.0,28.7,74.87,12,11,834495.161840446,99.99999999999991,1.623,4.4,425.8,35.6,85.4,57.7,10.5
NIP402_2006_1615,1,609.29,351.86,2006,192.0,547.0,35.1,83.28,12,11,925147.7452047106,100.00000000000004,1.641,4.6,427.3,35.4,85.9,57.9,10.8
NIP404_2006_1612,1,580.84,375.02,2006,253.0,854.0,29.6,96.49,12,11,1456602.8489546347,100.00000000000009,2.562,4.7,429.3,36.6,86.0,59.6,11.8
NIP406_2006_1569,1,397.53,317.19,2006,521.0,1049.0,49.7,132.86,12,11,8719875.045232425,99.99999999999996,3.147,4.9,425.7,36.6,86.3,60.4,11.2
NIP409_2006_1570,1,354.93,188.54,2006,1003.0,1415.0,70.9,135.89,12,11,11985093.323339963,100.0,4.245,4.5,418.5,24.9,85.5,42.5,9.0
NIP410_2006_1602,1,502.09,329.56,2006,7370.0,9504.0,77.5,109.03,12,10,18549534.99840546,100.0,28.512,5.0,417.4,36.0,85.8,57.7,10.7
NIP411_2006_1657,1,524.36,307.15,2006,6900.0,7091.0,97.3,106.14,12,10,13432995.793765068,100.00000000000004,21.273,6.0,427.4,37.6,86.5,60.6,13.1
NIP413_2006_1656,1,370.13,228.54,2006,1376.0,1627.0,84.6,135.54,12,10,10753530.993161855,99.99999999999996,4.881,5.1,421.4,37.0,86.2,59.3,11.4
NIP414_2006_1648,1,613.27,196.14,2006,7733.0,10124.0,76.4,87.28,12,10,16288469.77408778,100.0000000000002,30.372,6.1,430.3,38.5,86.7,62.3,12.9
NIP415_2006_1645,1,676.84,294.33,2006,345.0,659.0,52.4,85.1,12,10,1001005.095660045,100.00000000000004,1.977,6.6,442.0,40.5,88.7,64.7,18.1
NIP426_2006_1572,1,589.97,338.63,2006,780.0,1325.0,58.9,88.03,12,11,2037739.4594656285,100.00000000000004,3.975,4.9,437.8,39.7,84.6,62.7,11.2
NIP428_2006_1646,1,584.81,233.37,2006,12052.0,17090.0,70.5,100.5,10,13,33544451.05403435,100.00000000000009,51.27,5.4,424.3,47.0,86.6,72.3,13.5
NIP430_2006_1637,1,527.82,154.4,2006,695.0,760.0,91.4,81.63,15,3,1174759.7829939667,99.99999999999996,2.28,5.4,427.3,47.1,86.7,72.7,13.7
NIP440_2006_1601,1,430.5,224.64,2006,157.0,190.0,82.6,141.65,12,11,823219.7252370602,100.00000000000004,0.57,5.4,423.4,28.2,86.0,47.8,9.8
NIP44_1996_1211,1,473.4,193.12,1996,44327.0,47480.0,93.4,82.13,2,12,285078679.16643465,99.99999999999984,142.44,7.0,228.4,71.0,89.7,78.6,21.2
NIP46_1996_726,1,431.21,311.76,1996,16359.0,21465.0,76.2,118.13,1,15,99312279.32000265,99.99999999999991,64.395,6.3,221.3,71.0,90.3,75.6,17.3
NIP49_1996_366,1,429.67,270.12,1996,61419.0,66372.0,92.5,105.56,2,11,214293938.1251481,100.00000000000009,199.116,7.0,235.2,71.2,89.9,80.3,20.7
NIP51_1996_620,1,598.67,199.4,1996,56733.0,57375.0,98.9,70.28,3,1,227471983.1042409,97.23827761577095,172.125,8.5,199.6,59.2,89.0,65.4,18.0
NIP52_2005_1522,1,618.37,275.55,2005,431.0,882.0,48.9,74.11,11,9,2230989.5501455283,100.00000000000004,2.646,8.0,274.2,35.7,88.5,50.6,17.9
NIP58_2003_1421,1,615.79,153.14,2003,1510.0,1619.0,93.3,80.61,7,6,12592536.07980118,99.99999999999984,4.857,9.3,272.1,70.6,91.4,83.8,26.0
NIP60_1996_227,1,480.35,145.21,1996,13922.0,14130.0,98.5,101.11,3,1,37117188.061108686,99.99999999999996,42.39,9.4,205.8,60.2,89.6,66.4,20.5
NIP61_1996_318,1,612.97,367.92,1996,753.0,950.0,79.3,63.9,3,4,2745023.680799853,99.99999999999994,2.85,9.6,195.5,69.2,92.3,72.2,22.3
NIP63_1996_1056,1,290.48,220.03,1996,1120.0,1171.0,95.6,146.22,1,15,9197766.872793935,99.99999999999994,3.513,6.3,220.3,71.1,90.3,75.8,17.3
NIP64_1996_782,1,481.77,243.17,1996,7059.0,7242.0,97.5,99.43,3,4,31412707.504469488,99.9999999999999,21.726,9.6,195.0,68.4,92.4,71.7,22.3
NIP65_1996_1146,1,543.78,466.42,1996,2257.0,2262.0,99.8,87.36,3,3,4105948.1844140766,99.99999999999996,6.786,9.8,192.4,66.3,89.9,70.1,22.3
NIP66_2011_1835,1,571.93,116.28,2011,362.0,389.0,93.1,81.94,17,9,2003185.5106776736,99.99999999999991,1.167,6.2,282.5,26.4,88.5,42.1,14.1
NIP75_2002_76,1,491.29,130.27,2002,33490.0,38104.0,87.9,89.2,7,13,198832252.2265248,99.99999999999984,114.312,4.7,316.2,49.1,87.6,68.1,12.4
NIP77_2001_49,1,414.17,107.47,2001,13.0,13.0,100.0,55.09,8,3,892520.2788426774,99.99999999999996,0.039,3.6,309.7,23.7,75.5,39.6,3.2
NIP79_1996_1296,1,631.41,190.02,1996,1349.0,1377.0,98.0,65.28,3,1,6450926.091228711,100.00000000000004,4.131,8.6,199.2,59.0,89.2,65.2,18.1
NIP80_1996_310,1,573.72,390.11,1996,823.0,1195.0,68.9,95.23,1,15,3083036.67591034,99.99999999999996,3.585,5.9,217.1,71.3,89.8,76.3,17.3
NIP80_2005_1523,1,646.96,220.68,2005,36529.0,49858.0,73.3,76.8,11,9,80200861.77556217,100.0000000000004,149.574,6.7,336.5,44.6,88.4,64.5,18.4
NIP81_2006_1684,1,477.37,179.0,2006,172.0,226.0,76.1,115.75,13,1,890014.9606940107,100.0,0.678,7.2,250.3,35.4,90.8,52.0,19.1
NIP85_2002_103,1,423.06,271.47,2002,608.0,2363.0,25.7,113.63,6,11,6375431.794163681,100.0,7.089,4.7,328.1,59.3,87.1,78.7,16.4
NIP86_1996_856,1,594.19,377.78,1996,1047.0,1310.0,79.9,90.99,0,12,3559636.975968676,100.0,3.93,6.6,209.4,72.4,89.3,77.6,18.6
NIP94_2011_1747,1,620.13,313.66,2011,2396.0,3467.0,69.1,95.87,18,6,5299340.672734726,100.00000000000004,10.401,6.2,350.6,25.4,89.1,43.2,13.3
NIP97_1999_737,1,341.47,144.87,1999,3352.0,3357.0,99.9,103.32,5,9,17515211.12755944,99.99999999999996,10.071,8.9,454.9,38.1,89.3,62.8,23.2
NIP9_1992_1122,1,551.82,472.9,1992,80102.0,86180.0,92.9,82.3,0,4,118723666.8789247,78.68308751149435,258.54,9.5,130.7,49.9,90.5,50.7,22.6
NOR11_1999_1390,1,593.23,291.12,1999,44.0,223.0,19.7,79.25,11,16,1393898.7983633175,99.99999999999994,0.669,11.0,129.2,50.8,92.8,50.8,22.2
NOR17_1999_728,1,650.79,248.85,1999,73.0,348.0,21.0,77.07,11,16,1629181.6077884284,99.99999999999996,1.044,7.3,122.8,51.8,90.2,52.2,17.3
PAR13_1999_571,1,483.76,507.47,1999,1.0,344.0,0.3,112.27,20,1,976014.7039949414,100.0,1.032,10.3,82.2,45.5,92.2,45.5,21.4
PEM25_2012_1933,1,585.84,337.46,2012,7.0,14.0,50.0,93.48,24,11,3987677.478558867,99.99999999999996,0.042,8.5,424.6,100.6,92.2,126.2,29.8
PEM2_2007_1588,1,634.63,607.53,2007,455.0,2433.0,18.7,104.35,32,7,4792786.524274526,99.99999999999996,7.299,19.1,65.2,41.1,93.7,40.8,28.9
PEM74_1990_765,1,506.57,422.61,1990,2561.0,8256.0,31.0,108.95,15,7,28986082.73105433,99.99999999999996,24.768,12.6,195.5,63.3,90.6,68.7,33.3
PEM9_2002_104,1,359.21,311.62,2002,225.0,1515.0,14.9,134.1,27,6,8517506.574929005,99.99999999999996,4.545,7.3,374.5,50.8,89.7,75.5,23.3
RED25_2010_1756,1,624.66,483.91,2010,213.0,436.0,48.9,87.7,14,3,781712.2199209322,100.00000000000009,1.308,14.6,92.4,40.3,92.0,42.9,22.4
RED39_2012_1901,1,508.93,152.18,2012,192.0,198.0,97.0,96.28,18,3,1017917.4866054854,100.0,0.594,9.7,174.0,49.2,89.3,57.2,19.9
RED58_1999_677,1,478.93,73.13,1999,57367.0,57709.0,99.4,100.76,4,6,54621859.838756986,63.20454234383808,173.127,8.6,425.4,47.2,87.2,73.0,23.2
RED65_2003_1440,1,538.25,113.17,2003,218.0,319.0,68.3,89.1,8,4,2075516.005620458,100.00000000000016,0.957,12.6,234.5,45.7,91.5,59.8,26.8
RED81_1995_964,1,463.18,199.75,1995,16097.0,16492.0,97.6,93.65,0,8,72987190.99050437,100.00000000000009,49.476,10.5,234.6,73.5,91.6,81.2,27.4
RED84_2011_1823,1,505.23,78.47,2011,232505.0,233907.0,99.4,84.81,18,2,94346699.30357808,13.16012213742994,701.721,9.1,307.6,71.8,90.4,86.4,24.2
SAU13_2007_1587,1,544.2,391.81,2007,1682.0,9389.0,17.9,101.7,19,16,28630127.113956112,100.00000000000036,28.167,6.6,112.5,52.8,89.4,53.1,16.2
SAU78_2006_1560,1,688.62,672.42,2006,7.0,569.0,1.2,91.48,18,14,912055.3895982146,100.00000000000004,1.707,3.3,345.5,12.9,84.0,23.6,4.9
SAU7_2003_1436,1,538.59,487.1,2003,73.0,541.0,13.5,97.1,21,8,1754618.5798949993,100.00000000000004,1.623,11.3,60.3,30.2,91.1,30.1,17.9
SLK105_2012_1931,1,571.56,224.08,2012,417.0,430.0,97.0,72.63,17,9,832221.8113793297,100.00000000000011,1.29,4.0,207.6,20.1,86.5,31.5,8.1
SLK11_2007_1658,1,448.54,244.95,2007,73577.0,74829.0,98.3,120.12,15,1,42999908.92116532,14.883143754272847,224.487,12.9,87.0,45.8,91.7,45.7,24.9
SLK61_2011_1819,1,584.76,105.5,2011,32195.0,32533.0,99.0,74.72,17,1,12113211.118896551,17.232268582450054,97.599,9.0,320.7,69.2,90.7,87.3,24.5
SLK64_2011_1820,1,548.31,52.65,2011,83330.0,83879.0,99.3,78.31,17,1,18929282.676206123,5.692769653150931,251.637,9.4,301.2,76.9,90.6,89.2,24.5
SLK65_1995_307,1,547.12,247.74,1995,67064.0,69489.0,96.5,72.48,0,4,133634004.56910062,100.00000000000016,208.467,10.4,241.1,73.5,92.2,81.2,27.9
SLK86_1996_1174,1,474.91,261.2,1996,1621.0,1773.0,91.4,80.04,1,2,5714242.525852837,100.00000000000009,5.319,9.1,205.3,63.5,92.6,69.9,22.9
SUD121_1999_1289,1,681.11,293.58,1999,918.0,1207.0,76.1,84.48,11,15,2045744.9385729835,100.00000000000009,3.621,4.5,514.3,58.4,87.0,90.3,15.2
SUD164_1991_676,1,592.16,241.37,1991,1900.0,3208.0,59.2,93.35,3,18,5816994.948594436,100.0,9.624,6.1,523.4,67.4,89.2,98.7,22.4
SUD165_1991_949,1,358.04,147.39,1991,1149.0,1514.0,75.9,155.2,3,18,5157824.867553495,99.99999999999996,4.542,6.0,522.2,67.0,89.1,98.0,22.3
SUD23_1992_715,1,600.0,370.62,1992,8290.0,18184.0,45.6,88.4,4,18,48225094.34601212,100.0,54.552,9.5,149.5,59.2,90.3,60.2,22.8
SUD46_2007_1586,1,517.52,312.27,2007,861.0,3430.0,25.1,101.61,19,19,9720794.734898068,100.00000000000009,10.29,13.6,156.6,48.3,91.2,52.9,27.8
SUD8_2006_1561,1,518.88,456.33,2006,302.0,656.0,46.0,118.75,0,24,1608102.3034743532,100.0,1.968,10.4,79.8,42.7,90.7,41.5,18.6
TEM5_1992_1319,1,570.02,305.39,1992,2418.0,3713.0,65.1,88.95,4,14,13933950.688709436,100.0,11.139,11.6,209.0,68.5,90.7,72.1,35.4
THU113_2006_1568,1,521.99,340.54,2006,315.0,365.0,86.3,96.27,14,6,772470.1729403173,99.99999999999994,1.095,8.3,399.5,56.7,89.4,82.7,25.7
THU130_1991_1263,1,567.75,431.87,1991,4619.0,7762.0,59.5,95.71,0,5,11651954.912716392,92.85015127197798,23.286,5.6,548.4,71.0,86.0,104.1,16.9
THU132_1995_944,1,548.43,229.52,1995,16379.0,16645.0,98.4,79.92,3,4,63431573.18999861,99.99999999999996,49.935,9.0,437.8,62.7,88.4,92.0,19.8
THU133_2006_1688,1,602.04,248.75,2006,2642.0,4281.0,61.7,87.39,10,10,6460543.100328878,99.99999999999974,12.843,5.1,434.9,57.2,88.4,85.4,18.0
THU136_1995_414,1,496.8,268.59,1995,31756.0,35745.0,88.8,99.23,1,17,65769745.27327566,100.00000000000004,107.235,11.2,498.1,59.6,91.3,90.6,29.6
THU13_1999_514,1,504.58,77.11,1999,1455.0,1461.0,99.6,57.53,4,9,11046230.480458,99.99999999999942,4.383,4.8,220.7,67.1,87.1,68.4,12.0
THU142_2006_1634,1,510.1,225.86,2006,59851.0,65455.0,91.4,105.26,9,10,150282214.01722395,100.00000000000024,196.365,5.3,400.0,50.7,87.2,76.7,13.4
THU143_2006_1642,1,507.91,289.49,2006,16709.0,17677.0,94.5,111.11,12,10,39890582.47924569,100.00000000000009,53.031,6.4,406.5,55.1,87.4,82.0,16.6
THU144_2006_1638,1,599.47,245.07,2006,17370.0,22054.0,78.8,97.61,10,9,41075974.86248718,99.9999999999998,66.162,6.9,410.4,56.4,87.9,83.7,18.1
THU14_1995_308,1,443.51,284.89,1995,4093.0,4101.0,99.8,94.72,1,9,16365215.754452074,100.0,12.303,12.6,133.7,47.3,91.2,49.8,20.9
THU151_2006_1650,1,699.44,472.92,2006,206.0,649.0,31.7,90.95,12,14,995705.7047568652,100.0,1.947,8.1,441.9,59.2,89.5,88.9,24.6
THU154_2006_1687,1,613.72,155.29,2006,8324.0,10099.0,82.4,65.78,12,9,15199113.374913665,99.99999999999989,30.297,5.1,420.3,48.2,86.7,74.3,14.4
THU163_2006_1640,1,513.11,357.51,2006,12642.0,17600.0,71.8,100.81,12,13,46066202.47686663,100.00000000000009,52.8,5.6,433.7,56.4,88.7,84.6,19.1
THU167_2006_1653,1,648.74,410.11,2006,1619.0,2122.0,76.3,85.16,12,8,3239923.7996049104,100.00000000000024,6.366,6.5,404.9,54.5,87.2,81.2,16.3
THU16_2002_102,1,397.86,241.3,2002,1572.0,1746.0,90.0,109.11,9,10,10064394.817678342,100.00000000000009,5.238,6.0,91.9,24.7,89.1,29.2,11.1
THU176_2006_1652,1,642.71,391.5,2006,50.0,523.0,9.6,89.18,12,14,882032.2982103894,100.0,1.569,8.2,441.2,59.2,89.5,88.9,24.6
THU184_2006_1647,1,615.03,283.82,2006,3992.0,7145.0,55.9,65.15,12,10,13069394.966205126,99.99999999999991,21.435,5.9,399.5,53.5,87.3,80.0,16.5
THU185_2006_1633,1,490.66,223.21,2006,6430.0,7192.0,89.4,116.93,9,11,17349342.81182845,100.00000000000004,21.576,6.2,426.9,57.0,88.4,85.2,18.4
THU187_2006_1598,1,633.83,508.43,2006,171.0,383.0,44.6,102.11,12,10,579844.9111014323,100.00000000000004,1.149,5.2,427.8,50.0,87.8,76.2,17.1
THU189_2006_1610,1,505.28,331.3,2006,1149.0,2920.0,39.3,88.63,12,12,7519212.817573227,99.99999999999996,8.76,5.6,426.9,46.4,86.1,70.9,12.9
THU190_2006_1636,1,596.5,356.57,2006,2501.0,2747.0,91.0,87.98,12,11,4385730.298396202,99.99999999999956,8.241,5.7,430.6,51.2,87.7,77.8,15.1
THU192_2006_1689,1,627.5,399.1,2006,1087.0,2802.0,38.8,101.4,10,10,4257617.233537759,100.00000000000004,8.406,5.0,437.2,58.0,88.5,86.5,18.1
THU232_2006_1690,1,619.38,304.04,2006,15972.0,29741.0,53.7,95.99,9,11,45891361.01736376,99.9999999999999,89.223,5.7,422.6,54.3,88.0,81.8,17.0
THU234_2006_1635,1,589.11,358.32,2006,910.0,1264.0,72.0,86.13,12,11,1935311.7935094384,100.00000000000004,3.792,5.7,432.1,51.9,87.9,78.7,15.2
THU246_2006_1597,1,620.61,350.44,2006,1008.0,1330.0,75.8,86.53,12,12,2068674.985941964,99.99999999999991,3.99,5.2,426.7,54.1,88.0,81.1,17.3
THU249_2006_1639,1,500.64,482.43,2006,39.0,292.0,13.4,107.29,13,12,659940.5103433869,99.99999999999996,0.876,6.1,445.2,61.7,89.2,92.3,21.1
THU28_2003_1502,1,451.72,457.76,2003,169.0,428.0,39.5,131.69,7,7,825213.1951674827,100.00000000000004,1.284,8.5,69.9,36.1,87.5,36.0,16.4
THU31_2005_1510,1,511.09,130.2,2005,7714.0,7850.0,98.3,88.3,14,2,23203490.843857005,100.00000000000009,23.55,9.2,263.2,46.5,91.1,61.4,20.4
THU36_2007_1584,1,556.58,547.14,2007,44.0,361.0,12.2,100.32,14,7,742343.969860099,100.00000000000004,1.083,12.0,92.0,46.7,88.6,46.9,22.1
THU37_2007_1662,1,0.0,0.0,2007,87346.0,107145.0,81.5,106.58,13,22,233204213.5085857,99.44979416612355,321.435,8.4,92.8,45.4,90.1,45.7,18.1
THU38_1996_675,1,486.09,308.27,1996,23544.0,28269.0,83.3,89.97,1,15,148442917.3097777,100.00000000000009,84.807,6.5,217.9,69.8,89.3,74.3,17.5
THU39_2007_1661,1,555.92,337.6,2007,3306.0,3866.0,85.5,97.61,12,10,11515859.36970854,100.00000000000004,11.598,9.7,102.6,53.6,89.3,53.6,21.1
THU41_1996_553,1,537.94,336.06,1996,6258.0,6396.0,97.8,84.65,1,9,11531928.898486288,100.00000000000009,19.188,7.8,211.2,68.8,91.7,74.4,19.7
THU53_1995_1395,1,567.22,246.74,1995,2474.0,2599.0,95.2,67.58,2,2,7107652.937061476,99.99999999999991,7.797,4.1,226.3,60.7,85.7,69.5,13.8
THU53_1996_593,1,570.22,263.75,1996,30062.0,40797.0,73.7,74.99,3,8,108236306.63925467,99.99999999999991,122.391,8.1,214.1,68.7,91.3,74.1,19.8
THU57_2005_1526,1,529.64,240.6,2005,45926.0,48234.0,95.2,90.08,10,9,100564118.08329192,99.99999999999989,144.702,6.7,308.8,44.2,88.2,61.6,17.0
THU58_1996_127,1,387.95,180.51,1996,22477.0,23069.0,97.4,109.2,0,9,116555021.17040232,99.99999999999996,69.207,7.5,222.6,62.4,89.7,68.9,19.6
THU67_1996_1222,1,418.22,305.99,1996,1714.0,1967.0,87.1,124.67,0,9,7745736.660970198,100.0,5.901,6.1,250.1,62.3,88.0,69.1,16.4
THU67_2005_1528,1,529.79,92.41,2005,23027.0,23210.0,99.2,59.46,20,1,41026385.19651218,98.76544817001572,69.63,5.2,277.9,39.2,87.9,54.9,13.0
THU71_1996_461,1,443.28,316.69,1996,4613.0,5371.0,85.9,112.07,1,9,16989698.54438568,99.99999999999996,16.113,5.1,214.5,70.2,87.9,77.0,15.3
THU74_1996_1129,1,591.72,113.84,1996,21518.0,22991.0,93.6,54.15,5,1,10991088.781164717,9.201656367001847,68.973,6.5,192.6,59.1,88.8,64.8,15.9
THU76_1996_311,1,532.19,188.01,1996,4424.0,4554.0,97.1,88.13,4,3,16034886.397017824,99.99999999999991,13.662,7.9,208.5,65.8,90.5,70.9,20.9
THU77_1996_1187,1,581.21,361.99,1996,7258.0,7787.0,93.2,80.37,0,8,13285788.46320503,100.0,23.361,7.8,214.3,69.8,90.6,76.1,19.8
THU80_1996_348,1,535.91,456.13,1996,673.0,1903.0,35.4,87.73,0,10,4200038.782020304,100.00000000000004,5.709,7.4,213.4,74.4,90.3,79.3,18.3
THU84_1996_147,1,543.96,294.46,1996,16542.0,16697.0,99.1,35.77,2,9,48433479.32595214,100.00000000000004,50.091,7.5,212.6,65.9,89.4,71.3,19.5
THU90_1996_1274,1,496.33,229.77,1996,32204.0,34974.0,92.1,80.51,11,1,151393933.86980677,100.00000000000011,104.922,7.6,206.6,62.7,89.3,69.1,19.9
TIM12_1997_1531,1,644.72,180.91,1997,17587.0,22965.0,76.6,70.57,9,14,165896536.6017373,100.00000000000004,68.895,8.5,169.6,63.7,89.9,66.4,21.4
TIM13_2010_1776,1,650.53,121.61,2010,322.0,351.0,91.7,63.51,22,17,2528227.528873819,100.00000000000016,1.053,3.6,175.4,44.8,85.9,53.9,10.3
TIM19_2005_1512,1,321.45,142.16,2005,5075.0,5374.0,94.4,150.88,17,14,55490077.55345601,100.00000000000024,16.122,10.5,339.5,69.1,92.2,89.3,29.5
TIM24_1997_121,1,608.23,128.83,1997,6066.0,6789.0,89.4,75.31,9,14,58071876.50807234,99.99999999999991,20.367,6.9,180.4,59.3,90.5,63.3,18.2
TIM27_2012_1921,1,672.46,184.2,2012,413.0,489.0,84.5,66.41,24,16,1813173.874812349,100.0,1.467,6.8,279.7,40.8,88.5,57.6,17.7
TIM2_1997_488,1,489.04,413.21,1997,672.0,1161.0,57.9,103.91,9,12,3610608.414474919,100.0,3.483,9.1,169.3,60.4,90.7,61.7,20.4
TIM34_2011_1750,1,59.53,101.65,2011,13.0,50.0,26.0,313.62,23,15,525829.0894549148,99.99999999999996,0.15,6.0,262.0,19.8,89.2,33.1,12.1
TIM3_2007_1585,1,461.36,398.68,2007,207.0,381.0,54.3,122.6,19,11,1023308.8709327824,100.00000000000009,1.143,19.9,122.0,39.7,92.2,43.4,32.2
TIM47_2012_1903,1,483.55,122.94,2012,4.0,124.0,3.2,120.24,24,14,795784.4526660258,99.99999999999996,0.372,5.8,283.6,39.9,86.3,56.2,14.0
TIM56_2005_1529,1,700.99,205.77,2005,325.0,325.0,100.0,73.8,17,12,1184501.332360254,100.00000000000009,0.975,8.5,361.0,63.3,90.1,85.8,25.7
TIM5_1996_563,1,462.25,419.96,1996,1438.0,1878.0,76.6,123.38,8,15,5590880.096796368,100.00000000000004,5.634,6.2,195.2,39.7,89.1,51.0,13.3
TIM5_2005_1517,1,551.49,334.56,2005,1838.0,2471.0,74.4,100.57,17,15,7917067.957810008,100.00000000000004,7.413,11.7,127.0,42.9,93.6,45.8,23.1
TIM7_2005_1515,1,659.68,219.62,2005,1571.0,1788.0,87.9,75.53,17,15,7295699.403807703,100.00000000000004,5.364,12.9,120.9,43.4,93.9,46.1,23.6
TIM7_2010_1774,1,349.23,238.18,2010,251.0,255.0,98.4,142.44,22,11,2185618.335316535,99.99999999999996,0.765,12.6,150.2,55.7,91.3,58.1,25.0
TIM7_2012_1898,1,520.44,263.41,2012,1183.0,2356.0,50.2,102.0,24,17,7519382.881775628,100.00000000000004,7.068,14.3,116.2,45.5,92.2,47.5,25.3
TIM9_2010_1773,1,540.73,395.12,2010,78.0,334.0,23.4,108.28,22,13,1493036.7174563638,99.99999999999996,1.002,12.9,146.9,54.3,91.2,56.7,24.9
TIM9_2012_1852,1,582.16,214.85,2012,102829.0,132445.0,77.6,88.06,24,17,705048943.2156516,99.99999999999946,397.335,9.0,284.5,41.8,90.0,57.4,20.9
WAW12_2011_1749,1,516.34,415.0,2011,221.0,321.0,68.8,114.16,15,8,985031.6758184036,100.0,0.963,9.9,127.7,40.4,91.8,44.6,17.1
WAW13_2003_1409,1,504.39,197.83,2003,65153.0,72302.0,90.1,101.74,9,11,445939501.63038,100.00000000000009,216.906,8.4,275.7,119.5,91.6,107.9,27.6
WAW17_2012_1934,1,487.56,327.61,2012,380.0,416.0,91.3,103.96,18,10,1328856.463907762,100.00000000000004,1.248,8.2,79.5,22.5,89.5,26.5,15.0
WAW18_2010_1775,1,634.16,174.9,2010,3933.0,6320.0,62.2,77.38,22,15,36374376.61743457,100.00000000000024,18.96,6.4,197.4,73.0,90.3,73.4,18.9
WAW21_2003_1406,1,526.9,255.54,2003,18276.0,19545.0,93.5,88.69,10,16,100505557.23936656,99.99999999999991,58.635,8.9,291.0,82.4,91.6,91.6,27.1
WAW23_2003_1503,1,521.28,240.66,2003,2633.0,3191.0,82.5,87.75,10,6,12542883.766227877,99.99999999999984,9.573,9.0,276.6,93.4,90.7,101.6,28.7
WAW31_1995_650,1,570.14,260.71,1995,4159.0,4387.0,94.8,71.8,1,12,15081689.894842291,100.00000000000009,13.161,5.9,309.0,53.8,86.8,66.6,15.9
WAW4_2012_1916,1,650.06,405.67,2012,9881.0,22996.0,43.0,89.12,24,16,59861833.59563016,100.0000000000002,68.988,12.0,137.6,45.9,90.9,49.7,20.6
WAW5_2012_1904,1,653.79,421.69,2012,134.0,416.0,32.2,91.59,19,14,1014324.7527246304,100.0,1.248,13.5,66.6,32.2,91.0,31.9,21.9
WAW69_1995_946,1,415.61,237.65,1995,778.0,818.0,95.1,120.89,0,11,2999425.933121044,100.0,2.454,13.3,455.4,69.5,90.6,99.6,33.1
WAW86_1995_724,1,437.75,268.14,1995,42791.0,59962.0,71.4,132.84,0,13,124054988.23177676,100.00000000000011,179.886,11.5,477.1,74.9,89.0,107.6,36.1
WAW87_1995_1025,1,372.06,232.93,1995,13678.0,14979.0,91.3,151.64,0,15,31220492.77873229,99.99999999999996,44.937,12.2,475.1,80.6,89.2,113.0,39.8
COC12_2002_53,0,533.86,307.24,2002,171.0,171.0,100.0,80.84,0,0,0.0,0.0,0.513,7.0,276.3,38.1,87.6,45.8,15.5
COC14_2009_1703,0,530.39,328.14,2009,3942.0,3942.0,100.0,86.67,0,0,0.0,0.0,11.826,6.9,195.7,40.8,89.1,52.0,13.0
COC16_1992_1239,0,474.17,274.28,1992,45919.0,45920.0,100.0,90.05,0,0,0.0,0.0,137.76,10.8,208.4,59.9,90.9,64.9,30.9
COC16_2009_1720,0,546.34,337.31,2009,647.0,647.0,100.0,87.23,0,0,0.0,0.0,1.941,6.4,179.3,44.9,94.7,56.8,17.0
COC17_1999_738,0,571.27,220.81,1999,99.0,99.0,100.0,66.64,0,0,0.0,0.0,0.297,5.0,203.1,25.6,89.1,36.4,12.0
COC18_1992_598,0,514.95,229.34,1992,6822.0,6822.0,100.0,78.2,0,0,0.0,0.0,20.466,15.0,180.3,50.8,90.9,58.9,36.7
COC19_2002_74,0,565.19,501.99,2002,784.0,784.0,100.0,72.95,0,0,0.0,0.0,2.352,5.6,354.2,43.7,87.2,63.2,16.0
COC22_1999_954,0,525.06,520.14,1999,821.0,821.0,100.0,84.63,0,0,0.0,0.0,2.463,4.7,550.1,36.7,86.6,61.6,13.2
COC25_1996_158,0,490.82,322.88,1996,1590.0,1590.0,100.0,77.92,0,0,0.0,0.0,4.77,5.8,160.8,49.1,89.7,53.3,15.8
COC25_2011_1827,0,526.81,156.72,2011,2907.0,2907.0,100.0,85.77,0,0,0.0,0.0,8.721,6.6,303.1,26.7,88.2,43.4,10.8
COC28_1996_322,0,382.92,269.42,1996,8744.0,8744.0,100.0,118.69,0,0,0.0,0.0,26.232,5.8,157.4,46.3,89.2,51.3,16.0
COC30_1997_1034,0,502.66,270.78,1997,632.0,632.0,100.0,86.08,0,0,0.0,0.0,1.896,17.0,124.9,58.7,92.4,59.1,31.5
COC33_1995_903,0,544.29,138.52,1995,765.0,765.0,100.0,74.52,0,0,0.0,0.0,2.295,6.6,240.0,50.3,88.9,63.9,18.2
COC36_1995_847,0,601.23,299.01,1995,352631.0,352751.0,100.0,76.76,0,0,0.0,0.0,1058.253,6.7,464.7,41.5,88.6,63.8,15.8
COC37_2005_1533,0,501.51,179.47,2005,3662.0,3662.0,100.0,72.58,0,0,0.0,0.0,10.986,8.4,328.3,26.8,88.2,42.0,15.7
COC53_1996_544,0,484.21,407.84,1996,32598.0,32600.0,100.0,103.04,0,0,0.0,0.0,97.8,6.9,358.6,28.2,87.3,43.0,13.1
GER17_1992_1355,0,503.03,207.31,1992,79193.0,79961.0,99.0,84.98,0,0,0.0,0.0,239.883,7.4,197.8,48.8,88.9,59.5,17.2
GER18_1992_1094,0,501.34,301.43,1992,18490.0,19427.0,95.2,84.72,0,0,0.0,0.0,58.281,8.3,182.2,46.5,89.2,56.6,16.0
GER19_1993_575,0,509.82,147.69,1993,2585.0,2585.0,100.0,87.27,0,0,0.0,0.0,7.755,8.1,270.9,56.6,88.5,73.1,22.4
GER20_1990_740,0,617.77,363.26,1990,3604.0,3604.0,100.0,74.83,0,0,0.0,0.0,10.812,6.2,414.7,58.4,88.0,82.4,18.2
GER21_1992_720,0,518.0,338.63,1992,10461.0,10461.0,100.0,90.76,0,0,0.0,0.0,31.383,8.2,183.2,45.3,90.6,55.3,18.6
GER25_1991_791,0,619.57,313.76,1991,1218.0,1218.0,100.0,66.0,0,0,0.0,0.0,3.654,10.5,257.2,46.9,90.3,58.6,22.7
GER26_1991_240,0,459.35,219.81,1991,33926.0,33927.0,100.0,90.14,0,0,0.0,0.0,101.781,7.4,394.0,46.4,88.5,72.3,20.3
GER29_1990_999,0,574.16,187.65,1990,160863.0,161200.0,99.8,71.19,0,0,0.0,0.0,483.6,5.9,423.2,65.3,88.3,89.3,17.6
GER30_1990_245,0,623.05,357.92,1990,5952.0,6031.0,98.7,72.88,0,0,0.0,0.0,18.093,6.0,431.3,60.6,87.3,84.7,17.7
GER35_1991_1329,0,449.31,453.34,1991,7039.0,7039.0,100.0,114.08,0,0,0.0,0.0,21.117,7.6,400.9,46.6,87.9,74.9,19.3
GER36_1991_1165,0,549.34,514.77,1991,633.0,633.0,100.0,103.48,0,0,0.0,0.0,1.899,6.9,468.1,48.3,87.9,76.3,19.6
GER36_1992_868,0,610.58,444.83,1992,5734.0,5734.0,100.0,69.43,0,0,0.0,0.0,17.202,6.4,203.7,48.4,89.2,59.7,14.7
GER37_1990_321,0,582.43,31.91,1990,1496.0,1496.0,100.0,42.32,0,0,0.0,0.0,4.488,5.8,228.5,72.0,88.5,81.9,17.8
GER39_1990_151,0,501.63,226.61,1990,60560.0,60757.0,99.7,73.71,0,0,0.0,0.0,182.271,5.9,436.4,60.0,86.6,85.6,17.0
GER39_1992_989,0,576.17,311.22,1992,12803.0,12804.0,100.0,75.46,0,0,0.0,0.0,38.412,6.9,199.4,48.5,89.6,59.6,16.0
GER40_1990_938,0,515.19,347.33,1990,5091.0,5091.0,100.0,92.63,0,0,0.0,0.0,15.273,6.1,395.0,61.9,88.0,78.0,18.6
GER44_1990_229,0,564.97,237.7,1990,30943.0,31962.0,96.8,75.31,0,0,0.0,0.0,95.886,5.7,426.8,68.7,88.5,92.3,17.4
GER45_1991_396,0,643.83,450.42,1991,17014.0,17023.0,99.9,68.19,0,0,0.0,0.0,51.069,7.0,487.8,60.8,89.5,87.7,22.3
GER46_1990_513,0,485.62,289.93,1990,7190.0,7190.0,100.0,77.86,0,0,0.0,0.0,21.57,5.5,410.1,91.3,88.5,114.5,21.4
GER48_1990_680,0,627.86,445.79,1990,6451.0,6461.0,99.8,75.69,0,0,0.0,0.0,19.383,5.7,452.5,62.7,88.2,89.4,20.2
GER51_1990_1331,0,567.1,273.62,1990,2230.0,2230.0,100.0,80.5,0,0,0.0,0.0,6.69,6.2,417.4,79.8,89.1,96.9,23.1
GER57_1990_631,0,516.09,272.75,1990,3968.0,3968.0,100.0,86.53,0,0,0.0,0.0,11.904,5.7,400.8,62.0,87.8,79.3,18.0
GER60_1990_792,0,363.95,321.87,1990,482.0,482.0,100.0,104.21,0,0,0.0,0.0,1.446,5.3,332.8,69.8,87.7,85.2,18.5
GER63_1991_897,0,572.11,251.01,1991,19181.0,19283.0,99.5,77.12,0,0,0.0,0.0,57.849,5.9,477.7,54.8,87.6,82.5,19.8
GER70_1991_449,0,510.74,364.47,1991,2728.0,2728.0,100.0,70.62,0,0,0.0,0.0,8.184,7.6,480.0,61.9,89.7,89.4,21.7
GER75_1990_379,0,607.42,356.54,1990,31182.0,31495.0,99.0,68.72,0,0,0.0,0.0,94.485,5.7,442.5,59.0,88.2,84.2,17.1
GER83_1990_798,0,485.65,366.89,1990,6886.0,6918.0,99.5,95.36,0,0,0.0,0.0,20.754,5.3,412.3,90.2,94.8,120.2,21.2
GER84_1991_1249,0,505.65,148.07,1991,37277.0,37277.0,100.0,89.37,0,0,0.0,0.0,111.831,6.4,458.6,45.8,88.3,74.6,17.6
GER85_1990_135,0,581.11,230.27,1990,2531.0,2542.0,99.6,63.49,0,0,0.0,0.0,7.626,6.9,434.5,56.9,86.4,84.2,20.0
GER96_1991_1309,0,553.24,269.93,1991,18378.0,18551.0,99.1,88.02,0,0,0.0,0.0,55.653,7.0,472.4,59.1,87.9,87.8,20.1
GER98_1991_288,0,641.36,241.49,1991,9329.0,9329.0,100.0,59.23,0,0,0.0,0.0,27.987,6.6,483.2,56.9,87.9,84.9,21.6
MOO15_1991_836,0,592.54,279.38,1991,9697.0,9697.0,100.0,76.2,0,0,0.0,0.0,29.091,7.3,406.1,80.3,90.3,84.2,21.7
NIP101_2002_176,0,509.9,402.96,2002,515.0,515.0,100.0,96.35,0,0,0.0,0.0,1.545,5.8,235.1,32.2,86.3,42.1,11.1
NIP104_2005_1536,0,405.62,204.69,2005,492.0,492.0,100.0,97.81,0,0,0.0,0.0,1.476,3.4,298.2,29.0,85.4,47.5,8.2
NIP104_2012_1761,0,574.05,398.33,2012,1416.0,1427.0,99.2,74.2,0,0,0.0,0.0,4.281,6.9,360.6,43.1,88.4,64.6,17.6
NIP109_1996_231,0,461.47,213.14,1996,87339.0,87356.0,100.0,87.66,0,0,0.0,0.0,262.068,8.1,334.5,66.7,91.3,84.8,19.4
NIP10_2009_1717,0,444.29,97.23,2009,446.0,449.0,99.3,112.34,0,0,0.0,0.0,1.347,6.4,140.4,25.3,87.9,30.5,10.2
NIP110_1996_1377,0,413.95,203.47,1996,12082.0,12082.0,100.0,94.07,0,0,0.0,0.0,36.246,8.0,333.6,66.5,91.2,86.1,19.3
NIP112_2005_1518,0,388.51,135.66,2005,2375.0,2385.0,99.6,110.25,0,0,0.0,0.0,7.155,4.5,258.4,25.0,86.8,40.2,9.5
NIP12_2009_1718,0,557.78,304.99,2009,2616.0,2617.0,100.0,96.23,0,0,0.0,0.0,7.851,6.6,158.7,24.7,88.6,32.0,11.5
NIP13_1996_1030,0,487.14,341.93,1996,31808.0,31817.0,100.0,87.73,0,0,0.0,0.0,95.451,8.4,335.3,65.3,90.1,84.0,20.8
NIP13_2009_1713,0,599.25,98.53,2009,2748.0,2781.0,98.8,72.58,0,0,0.0,0.0,8.343,4.6,134.7,19.0,85.1,25.5,7.9
NIP14_2009_1714,0,584.57,142.38,2009,1398.0,1409.0,99.2,76.82,0,0,0.0,0.0,4.227,4.9,134.2,19.4,85.3,26.0,8.3
NIP189_2006_1580,0,460.28,256.09,2006,11565.0,11597.0,99.7,93.67,0,0,0.0,0.0,34.791,5.2,306.8,36.3,86.4,53.6,13.1
NIP18_1999_357,0,528.93,121.39,1999,4956.0,4956.0,100.0,70.84,0,0,0.0,0.0,14.868,14.2,144.8,40.4,91.9,43.3,24.2
NIP19_2000_22,0,500.05,216.94,2000,3911.0,3911.0,100.0,61.06,0,0,0.0,0.0,11.733,6.6,380.3,43.8,86.8,64.0,15.9
NIP19_2009_1711,0,568.91,283.38,2009,274.0,274.0,100.0,86.58,0,0,0.0,0.0,0.822,3.8,149.5,18.1,84.2,26.7,7.6
NIP20_2009_1710,0,562.44,253.78,2009,3834.0,3834.0,100.0,82.43,0,0,0.0,0.0,11.502,4.2,154.2,21.7,83.6,30.9,8.0
NIP21_2009_1709,0,547.47,333.41,2009,465.0,465.0,100.0,80.04,0,0,0.0,0.0,1.395,4.4,157.0,23.4,84.1,32.8,8.3
NIP22_1995_543,0,462.59,226.35,1995,2909.0,2909.0,100.0,79.67,0,0,0.0,0.0,8.727,7.8,283.2,51.6,90.1,66.4,19.4
NIP22_1996_474,0,493.7,127.92,1996,9778.0,9780.0,100.0,77.59,0,0,0.0,0.0,29.34,6.6,178.0,49.3,88.1,55.9,13.4
NIP22_2001_46,0,615.73,351.15,2001,1102.0,1104.0,99.8,69.18,0,0,0.0,0.0,3.312,8.4,208.4,53.8,90.7,60.3,21.4
NIP23_2009_1708,0,570.71,309.67,2009,380.0,380.0,100.0,78.3,0,0,0.0,0.0,1.14,4.8,161.2,29.6,83.9,38.8,9.2
NIP24_2000_23,0,205.9,124.93,2000,40.0,40.0,100.0,154.72,0,0,0.0,0.0,0.12,7.1,383.3,50.7,87.7,71.2,19.4
NIP24_2012_1838,0,481.43,219.71,2012,452.0,478.0,94.6,84.87,0,0,0.0,0.0,1.434,7.8,84.9,26.3,87.8,29.1,10.3
NIP25_2000_26,0,589.91,321.34,2000,261.0,261.0,100.0,69.83,0,0,0.0,0.0,0.783,6.1,372.0,45.7,86.5,64.5,16.4
NIP26_1994_695,0,524.59,200.65,1994,53231.0,53344.0,99.8,73.03,0,0,0.0,0.0,160.032,10.7,154.8,48.6,90.4,55.2,19.5
NIP26_2000_21,0,543.02,395.38,2000,385.0,385.0,100.0,82.55,0,0,0.0,0.0,1.155,7.2,379.5,53.1,86.7,71.9,18.7
NIP26_2001_47,0,614.97,134.73,2001,228.0,228.0,100.0,57.76,0,0,0.0,0.0,0.684,8.2,175.5,57.8,91.3,61.9,20.9
NIP27_2010_1734,0,584.22,302.14,2010,856.0,856.0,100.0,87.57,0,0,0.0,0.0,2.568,11.6,203.0,49.3,91.4,62.8,23.1
NIP30_1999_353,0,514.18,213.55,1999,16966.0,16990.0,99.9,88.64,0,0,0.0,0.0,50.97,12.7,141.2,39.7,91.4,42.2,22.6
NIP32_1999_1075,0,526.38,358.17,1999,7275.0,7732.0,94.1,86.36,0,0,0.0,0.0,23.196,7.8,182.3,40.1,89.6,47.4,19.9
NIP32_2012_1929,0,429.24,160.88,2012,347.0,350.0,99.1,105.58,0,0,0.0,0.0,1.05,8.5,224.8,44.6,90.3,58.1,19.3
NIP33_1995_917,0,494.6,237.3,1995,8117.0,8128.0,99.9,82.01,0,0,0.0,0.0,24.384,7.8,268.2,55.2,89.3,64.8,19.9
NIP34_2011_1696,0,489.73,245.96,2011,53.0,53.0,100.0,83.75,0,0,0.0,0.0,0.159,5.9,306.2,29.1,86.9,49.1,12.9
NIP35_2001_5,0,624.54,91.65,2001,244.0,244.0,100.0,74.43,0,0,0.0,0.0,0.732,8.2,169.9,56.4,91.1,59.9,20.7
NIP37_1996_565,0,532.99,161.59,1996,18154.0,18178.0,99.9,67.04,0,0,0.0,0.0,54.534,6.6,185.9,50.5,87.6,56.8,13.7
NIP38_2002_97,0,576.98,523.38,2002,3922.0,3938.0,99.6,98.24,0,0,0.0,0.0,11.814,8.2,285.4,44.8,89.7,59.1,20.2
NIP39_2001_2,0,667.51,0.33,2001,33.0,34.0,97.1,63.08,0,0,0.0,0.0,0.102,8.5,169.1,54.6,91.4,58.6,21.0
NIP40_1999_860,0,458.39,155.35,1999,312.0,312.0,100.0,87.61,0,0,0.0,0.0,0.936,10.8,253.5,66.3,88.3,74.7,26.3
NIP40_2007_1564,0,497.53,438.98,2007,268.0,283.0,94.7,109.26,0,0,0.0,0.0,0.849,8.0,90.4,31.7,91.4,31.6,12.8
NIP40_2011_1791,0,506.11,216.79,2011,59896.0,61208.0,97.9,91.05,0,0,0.0,0.0,183.624,8.7,277.1,34.0,89.1,48.3,16.4
NIP41_2010_1731,0,569.5,498.93,2010,969.0,970.0,99.9,92.48,0,0,0.0,0.0,2.91,5.4,250.5,35.2,87.6,48.2,12.6
NIP42_2003_1430,0,505.29,142.7,2003,692.0,692.0,100.0,63.81,0,0,0.0,0.0,2.076,13.0,191.6,51.0,91.9,61.0,25.7
NIP43_1996_910,0,531.22,106.66,1996,9598.0,9693.0,99.0,54.2,0,0,0.0,0.0,29.079,7.0,173.6,51.7,88.0,57.0,14.5
NIP43_1999_421,0,505.77,248.65,1999,6071.0,6075.0,99.9,80.34,0,0,0.0,0.0,18.225,7.2,272.9,87.6,89.4,90.8,24.1
NIP45_2010_1752,0,580.03,309.1,2010,123.0,123.0,100.0,79.47,0,0,0.0,0.0,0.369,6.4,241.4,38.8,88.4,50.4,13.4
NIP47_2002_182,0,479.15,322.37,2002,577.0,577.0,100.0,91.3,0,0,0.0,0.0,1.731,9.8,232.5,41.1,89.2,49.2,19.9
NIP47_2011_1698,0,288.32,172.84,2011,1687.0,1695.0,99.5,161.08,0,0,0.0,0.0,5.085,6.6,280.8,28.4,87.2,44.9,14.4
NIP48_1996_1078,0,585.03,352.53,1996,4951.0,4955.0,99.9,64.65,0,0,0.0,0.0,14.865,8.7,177.8,56.5,91.1,61.4,19.0
NIP48_2002_180,0,483.61,280.35,2002,346.0,346.0,100.0,95.28,0,0,0.0,0.0,1.038,9.8,231.7,40.9,89.1,48.7,19.8
NIP49_1994_1228,0,421.06,333.52,1994,25702.0,25702.0,100.0,106.32,0,0,0.0,0.0,77.106,8.3,175.8,49.1,90.6,56.5,18.8
NIP49_2012_1763,0,531.01,413.61,2012,13477.0,13478.0,100.0,92.92,0,0,0.0,0.0,40.434,6.5,311.1,39.8,88.3,60.6,16.4
NIP50_1995_1136,0,459.5,207.97,1995,39532.0,39537.0,100.0,84.12,0,0,0.0,0.0,118.611,6.8,297.5,51.4,88.7,68.0,18.4
NIP50_1996_355,0,588.31,325.0,1996,15753.0,15766.0,99.9,73.25,0,0,0.0,0.0,47.298,7.2,186.2,54.9,88.6,59.6,16.3
NIP51_2002_94,0,544.4,277.46,2002,137457.0,138882.0,99.0,82.17,0,0,0.0,0.0,416.646,6.6,288.9,45.6,87.8,60.1,16.7
NIP52_1999_664,0,492.65,411.8,1999,1570.0,1577.0,99.6,101.09,0,0,0.0,0.0,4.731,9.9,243.4,57.2,88.0,68.3,24.4
NIP52_2001_3,0,602.92,331.24,2001,1680.0,1811.0,92.8,77.84,0,0,0.0,0.0,5.433,9.1,170.5,52.1,91.8,56.8,21.7
NIP53_2001_1,0,541.79,-52.3,2001,53.0,53.0,100.0,74.88,0,0,0.0,0.0,0.159,9.4,163.6,54.0,91.2,58.2,23.9
NIP54_1995_915,0,501.47,315.87,1995,14985.0,14986.0,100.0,85.36,0,0,0.0,0.0,44.958,6.1,263.4,53.3,88.5,62.9,19.1
NIP54_2001_40,0,563.75,132.07,2001,128.0,128.0,100.0,78.71,0,0,0.0,0.0,0.384,8.4,164.0,52.3,91.3,56.9,20.4
NIP54_2002_173,0,565.9,548.33,2002,654.0,654.0,100.0,92.42,0,0,0.0,0.0,1.962,11.2,201.1,48.4,91.2,58.1,24.6
NIP54_2011_1735,0,538.74,188.68,2011,2858.0,2864.0,99.8,62.82,0,0,0.0,0.0,8.592,7.7,278.2,24.0,88.2,37.2,15.4
NIP55_2001_66,0,498.16,508.19,2001,754.0,754.0,100.0,108.24,0,0,0.0,0.0,2.262,8.5,165.7,53.1,91.4,57.6,20.6
NIP55_2002_164,0,522.59,352.64,2002,2924.0,2924.0,100.0,81.8,0,0,0.0,0.0,8.772,7.5,241.1,39.3,87.4,47.3,16.9
NIP55_2011_1811,0,602.41,214.08,2011,2685.0,2701.0,99.4,74.46,0,0,0.0,0.0,8.103,8.2,277.6,22.4,88.3,37.3,14.6
NIP56_2002_174,0,338.59,233.82,2002,2525.0,2527.0,99.9,118.75,0,0,0.0,0.0,7.581,7.5,265.4,48.0,89.6,63.9,19.0
NIP58_1996_457,0,586.6,280.49,1996,4953.0,4985.0,99.4,59.41,0,0,0.0,0.0,14.955,7.3,188.7,55.5,88.5,60.6,16.0
NIP59_1994_1114,0,554.61,410.8,1994,5716.0,5719.0,99.9,85.4,0,0,0.0,0.0,17.157,6.9,201.2,43.5,89.1,51.6,15.8
NIP59_1996_1179,0,586.15,289.21,1996,3045.0,3046.0,100.0,58.01,0,0,0.0,0.0,9.138,7.4,175.8,54.8,89.5,60.0,15.9
NIP59_2003_1555,0,575.59,347.05,2003,2328.0,2355.0,98.9,85.58,0,0,0.0,0.0,7.065,9.4,347.3,59.9,89.2,75.4,21.8
NIP59_2012_1762,0,524.81,426.65,2012,504.0,504.0,100.0,94.21,0,0,0.0,0.0,1.512,6.3,185.3,30.6,89.3,40.9,13.1
NIP60_2012_1848,0,528.35,450.31,2012,18029.0,18110.0,99.6,108.64,0,0,0.0,0.0,54.33,7.1,401.5,45.6,89.8,69.3,18.3
NIP61_1999_689,0,498.45,225.71,1999,957.0,957.0,100.0,81.06,0,0,0.0,0.0,2.871,9.0,262.4,48.8,87.3,66.4,22.9
NIP61_2012_1930,0,549.56,284.83,2012,19452.0,19598.0,99.3,86.47,0,0,0.0,0.0,58.794,6.9,186.6,32.9,89.3,43.0,13.7
NIP62_1996_627,0,578.02,301.56,1996,4620.0,4820.0,95.9,68.61,0,0,0.0,0.0,14.46,7.2,160.4,53.8,91.3,57.9,16.1
NIP62_1999_361,0,511.9,143.25,1999,3404.0,3407.0,99.9,77.46,0,0,0.0,0.0,10.221,8.2,267.0,77.2,89.6,82.7,23.4
NIP62_2012_1912,0,616.48,360.07,2012,26650.0,26978.0,98.8,87.69,0,0,0.0,0.0,80.934,6.3,465.4,48.6,88.8,73.1,18.2
NIP63_2012_1764,0,519.21,536.04,2012,513.0,513.0,100.0,114.73,0,0,0.0,0.0,1.539,6.2,326.7,61.4,90.7,81.6,18.3
NIP64_1995_262,0,533.69,314.86,1995,1967.0,1967.0,100.0,75.34,0,0,0.0,0.0,5.901,4.2,218.7,55.3,85.5,63.8,12.8
NIP66_1995_1281,0,437.85,55.54,1995,2024.0,2024.0,100.0,76.57,0,0,0.0,0.0,6.072,4.6,207.8,54.2,86.5,63.0,13.4
NIP68_2003_1407,0,570.28,313.19,2003,682.0,682.0,100.0,79.88,0,0,0.0,0.0,2.046,7.2,423.2,61.6,87.4,89.6,20.0
NIP70_2006_1583,0,427.39,26.33,2006,890.0,915.0,97.3,113.88,0,0,0.0,0.0,2.745,8.0,217.2,28.4,90.5,40.9,16.5
NIP72_2001_68,0,565.96,141.86,2001,820.0,820.0,100.0,71.82,0,0,0.0,0.0,2.46,6.0,315.3,46.1,88.2,65.7,17.3
NIP72_2003_1483,0,545.99,512.87,2003,499.0,499.0,100.0,98.91,0,0,0.0,0.0,1.497,7.4,424.3,62.4,87.4,90.9,20.1
NIP73_2001_41,0,531.38,72.28,2001,4505.0,4508.0,99.9,74.25,0,0,0.0,0.0,13.524,6.2,313.4,43.9,87.3,63.4,17.3
NIP74_2001_70,0,537.52,14.89,2001,101.0,101.0,100.0,69.58,0,0,0.0,0.0,0.303,6.3,315.1,45.9,88.1,65.6,17.9
NIP75_1994_1469,0,508.25,61.87,1994,2160.0,2160.0,100.0,77.09,0,0,0.0,0.0,6.48,7.1,269.1,24.5,85.4,38.2,13.0
NIP75_1995_140,0,496.69,209.53,1995,1121.0,1121.0,100.0,74.86,0,0,0.0,0.0,3.363,4.6,218.1,57.2,86.0,65.6,13.9
NIP76_1996_1383,0,526.17,82.25,1996,19276.0,19287.0,99.9,67.76,0,0,0.0,0.0,57.861,6.2,188.1,53.9,87.5,59.1,13.4
NIP79_2002_189,0,515.5,511.04,2002,1132.0,1132.0,100.0,94.97,0,0,0.0,0.0,3.396,5.4,248.5,37.8,84.4,49.5,11.7
NIP79_2003_1558,0,563.66,300.53,2003,3220.0,3221.0,100.0,78.17,0,0,0.0,0.0,9.663,7.9,402.0,57.5,88.1,81.1,22.3
NIP81_1996_114,0,441.62,246.33,1996,1604.0,1664.0,96.4,86.21,0,0,0.0,0.0,4.992,6.5,170.6,46.5,89.9,52.2,13.4
NIP81_2002_96,0,640.11,-108.17,2002,727.0,727.0,100.0,49.45,0,0,0.0,0.0,2.181,4.6,208.0,39.3,85.8,50.6,12.4
NIP81_2003_1437,0,593.25,164.41,2003,9378.0,9406.0,99.7,75.33,0,0,0.0,0.0,28.218,7.0,408.2,41.5,87.2,64.6,19.4
NIP82_1996_776,0,518.56,278.36,1996,11863.0,12247.0,96.9,89.57,0,0,0.0,0.0,36.741,6.6,168.6,46.0,89.2,51.7,13.8
NIP83_1996_805,0,513.34,416.05,1996,2479.0,2479.0,100.0,72.26,0,0,0.0,0.0,7.437,7.2,177.6,48.9,87.9,54.1,15.5
NIP83_2002_88,0,519.67,194.2,2002,1842.0,1858.0,99.1,75.02,0,0,0.0,0.0,5.574,5.9,260.3,33.5,84.9,41.2,10.2
NIP8_1992_1093,0,574.71,339.94,1992,5036.0,5041.0,99.9,64.11,0,0,0.0,0.0,15.123,6.5,139.0,52.0,89.7,54.1,16.8
NIP92_2003_1402,0,586.26,573.91,2003,2472.0,2479.0,99.7,101.74,0,0,0.0,0.0,7.437,6.2,412.6,42.6,86.5,65.3,16.6
NIP95_2003_1500,0,539.02,363.43,2003,1239.0,1239.0,100.0,83.78,0,0,0.0,0.0,3.717,7.0,437.4,59.8,86.2,87.8,19.9
NIP99_1999_508,0,443.47,370.49,1999,241.0,241.0,100.0,82.66,0,0,0.0,0.0,0.723,9.0,409.2,25.6,85.0,43.4,17.4
PET1_2001_50,0,655.68,613.13,2001,0.0,10.0,0.0,94.67,0,0,0.0,0.0,0.03,8.3,606.5,105.8,92.7,146.6,30.8
RED100_2011_1783,0,571.86,126.32,2011,49403.0,52084.0,94.9,77.45,0,0,0.0,0.0,156.252,5.7,386.9,88.0,87.7,106.9,14.2
RED101_2011_1802,0,612.02,181.69,2011,1670.0,1682.0,99.3,52.76,0,0,0.0,0.0,5.046,7.0,374.2,69.6,88.2,91.7,17.0
RED103_2011_1812,0,609.49,-25.79,2011,514.0,514.0,100.0,47.5,0,0,0.0,0.0,1.542,9.5,340.4,46.2,90.8,79.3,22.5
RED103_2012_1757,0,621.1,155.56,2012,1617.0,1669.0,96.9,58.91,0,0,0.0,0.0,5.007,5.6,191.1,18.3,85.9,27.8,10.2
RED106_2011_1803,0,543.17,240.3,2011,3136.0,3250.0,96.5,35.11,0,0,0.0,0.0,9.75,5.9,354.1,67.8,88.1,86.3,14.7
RED107_2011_1779,0,534.44,86.36,2011,12204.0,12465.0,97.9,87.4,0,0,0.0,0.0,37.395,5.0,380.3,67.2,88.2,85.8,15.1
RED10_2009_1716,0,585.27,547.02,2009,5640.0,5721.0,98.6,81.75,0,0,0.0,0.0,17.163,8.5,160.1,37.1,88.0,45.8,13.0
RED111_2011_1742,0,537.59,117.28,2011,2635.0,2637.0,99.9,64.59,0,0,0.0,0.0,7.911,9.9,329.3,56.1,91.2,83.0,26.7
RED112_2011_1744,0,560.39,71.66,2011,362.0,362.0,100.0,72.86,0,0,0.0,0.0,1.086,10.0,329.0,61.9,90.6,86.0,27.3
RED113_2006_1629,0,0.0,0.0,2006,45616.0,67625.0,67.5,89.77,0,0,0.0,0.0,202.875,6.7,329.6,33.3,89.0,51.9,15.9
RED113_2011_1743,0,533.33,71.76,2011,6113.0,6120.0,99.9,72.06,0,0,0.0,0.0,18.36,9.9,335.8,55.7,90.5,76.4,26.4
RED114_2011_1778,0,559.93,226.31,2011,1602.0,2880.0,55.6,22.78,0,0,0.0,0.0,8.64,8.8,342.8,74.7,90.3,88.0,24.8
RED118_2011_1780,0,542.1,43.0,2011,51278.0,68548.0,74.8,79.1,0,0,0.0,0.0,205.644,5.3,388.5,85.0,87.9,104.2,13.2
RED11_2007_1562,0,519.0,316.81,2007,5580.0,5639.0,99.0,86.42,0,0,0.0,0.0,16.917,4.3,92.2,11.3,83.6,17.9,7.5
RED120_2011_1793,0,479.1,-13.64,2011,549.0,634.0,86.6,10.73,0,0,0.0,0.0,1.902,8.2,382.9,65.9,90.1,88.6,18.7
RED121_2011_1722,0,618.57,17.58,2011,213.0,216.0,98.6,57.56,0,0,0.0,0.0,0.648,8.1,321.8,47.0,89.4,69.7,17.9
RED122_2011_1794,0,539.6,31.77,2011,2320.0,2382.0,97.4,62.1,0,0,0.0,0.0,7.146,6.5,360.0,29.4,85.6,46.1,14.0
RED123_2011_1790,0,471.67,159.38,2011,683.0,1123.0,60.8,6.06,0,0,0.0,0.0,3.369,7.2,385.1,27.4,88.1,43.3,16.1
RED124_2011_1958,0,505.81,168.43,2011,182891.0,270540.0,67.6,48.62,0,0,0.0,0.0,811.62,8.0,418.4,45.9,90.8,69.2,21.2
RED12_2000_25,0,461.46,227.93,2000,1630.0,2015.0,80.9,39.78,0,0,0.0,0.0,6.045,5.4,372.2,44.4,89.3,66.5,15.5
RED13_1996_1388,0,417.28,184.31,1996,2595.0,4546.0,57.1,84.53,0,0,0.0,0.0,13.638,5.0,235.2,50.4,90.5,58.6,13.2
RED146_2006_1628,0,493.11,177.41,2006,146230.0,191979.0,76.2,81.6,0,0,0.0,0.0,575.937,6.7,341.1,33.2,88.5,52.2,14.9
RED14_1990_966,0,542.92,289.12,1990,2509.0,2548.0,98.5,60.32,0,0,0.0,0.0,7.644,6.8,393.6,74.8,90.2,91.5,23.2
RED14_1996_764,0,510.78,165.13,1996,1095.0,2115.0,51.8,49.32,0,0,0.0,0.0,6.345,4.8,231.1,50.8,89.7,59.1,13.2
RED14_2000_57,0,357.04,249.8,2000,12241.0,18832.0,65.0,128.94,0,0,0.0,0.0,56.496,6.4,385.6,49.5,90.1,73.5,20.5
RED14_2006_1594,0,482.84,46.9,2006,129.0,155.0,83.2,65.21,0,0,0.0,0.0,0.465,8.9,160.9,46.5,91.0,53.6,20.1
RED15_1990_867,0,479.97,170.24,1990,3732.0,3753.0,99.4,79.74,0,0,0.0,0.0,11.259,6.9,393.2,73.0,90.6,91.5,23.8
RED15_2006_1595,0,483.55,236.23,2006,302.0,369.0,81.8,74.17,0,0,0.0,0.0,1.107,2.8,145.5,41.3,71.4,45.6,6.8
RED163_2006_1625,0,574.05,227.94,2006,1015.0,1054.0,96.3,52.37,0,0,0.0,0.0,3.162,6.0,314.1,34.5,88.6,52.2,14.7
RED16_1990_796,0,640.58,334.82,1990,7674.0,7842.0,97.9,63.04,0,0,0.0,0.0,23.526,6.1,469.9,64.9,88.0,88.1,19.2
RED16_2006_1679,0,401.09,88.3,2006,1195.0,1527.0,78.3,97.63,0,0,0.0,0.0,4.581,7.4,320.0,30.8,88.9,48.9,16.5
RED175_2006_1577,0,423.01,49.18,2006,923.0,2856.0,32.3,77.56,0,0,0.0,0.0,8.568,9.7,382.0,42.7,90.2,66.4,22.6
RED176_2006_1632,0,516.12,209.24,2006,13730.0,20544.0,66.8,66.48,0,0,0.0,0.0,61.632,6.7,353.9,34.6,87.9,54.8,15.2
RED177_2006_1579,0,526.42,125.18,2006,156.0,237.0,65.8,72.33,0,0,0.0,0.0,0.711,7.2,368.1,39.4,89.8,61.7,18.1
RED17_1996_652,0,513.6,284.63,1996,12906.0,13304.0,97.0,86.82,0,0,0.0,0.0,39.912,5.0,242.0,53.1,86.5,60.9,13.0
RED182_2006_1626,0,490.04,238.23,2006,15424.0,33181.0,46.5,73.57,0,0,0.0,0.0,99.543,6.7,350.6,33.8,88.2,53.8,15.7
RED183_2006_1627,0,529.68,168.61,2006,425.0,1057.0,40.2,26.11,0,0,0.0,0.0,3.171,6.9,355.4,33.7,88.9,53.9,15.8
RED184_2006_1678,0,488.59,196.44,2006,3854.0,5075.0,75.9,75.51,0,0,0.0,0.0,15.225,6.4,338.0,33.3,88.3,53.0,15.5
RED186_2006_1677,0,514.59,166.21,2006,19642.0,38558.0,50.9,59.53,0,0,0.0,0.0,115.674,6.8,345.4,32.8,88.9,52.6,16.1
RED188_2006_1676,0,479.46,257.08,2006,1377.0,2430.0,56.7,31.83,0,0,0.0,0.0,7.29,6.6,341.1,32.7,88.6,52.6,16.0
RED18_1996_559,0,622.6,238.57,1996,6663.0,6730.0,99.0,63.86,0,0,0.0,0.0,20.19,5.5,198.9,49.2,90.7,55.4,14.4
RED192_2006_1680,0,477.35,69.6,2006,583.0,2041.0,28.6,56.81,0,0,0.0,0.0,6.123,7.0,351.2,32.9,89.0,52.9,16.2
RED193_2006_1682,0,536.1,204.86,2006,63477.0,69723.0,91.0,56.58,0,0,0.0,0.0,209.169,6.2,335.5,33.5,88.4,53.1,15.3
RED19_1996_198,0,449.31,228.95,1996,8802.0,9534.0,92.3,104.91,0,0,0.0,0.0,28.602,5.6,195.4,48.5,91.4,54.5,14.2
RED19_1999_219,0,257.44,184.17,1999,774.0,893.0,86.7,186.67,0,0,0.0,0.0,2.679,13.8,114.0,41.7,92.6,43.4,24.7
RED1_2002_15,0,593.35,330.26,2002,23617.0,25296.0,93.4,68.9,0,0,0.0,0.0,75.888,6.3,319.1,47.2,88.6,62.9,16.6
RED21_1990_632,0,553.95,166.83,1990,7614.0,7853.0,97.0,78.54,0,0,0.0,0.0,23.559,7.3,454.0,68.3,89.4,91.7,22.3
RED21_1995_1324,0,588.18,181.38,1995,8939.0,9095.0,98.3,66.6,0,0,0.0,0.0,27.285,12.5,142.5,65.7,92.7,65.7,26.6
RED21_2002_170,0,582.67,178.79,2002,18417.0,19998.0,92.1,51.24,0,0,0.0,0.0,59.994,6.5,234.6,51.1,88.1,64.6,17.8
RED22_1991_263,0,603.91,438.73,1991,2412.0,2461.0,98.0,85.57,0,0,0.0,0.0,7.383,7.9,182.1,63.3,87.4,65.5,18.4
RED22_1993_309,0,538.36,158.35,1993,53451.0,60279.0,88.7,69.37,0,0,0.0,0.0,180.837,9.8,300.1,59.1,90.8,76.1,23.1
RED22_1995_901,0,571.96,529.49,1995,18345.0,18414.0,99.6,90.12,0,0,0.0,0.0,55.242,12.3,142.2,65.1,92.6,65.1,26.1
RED22_2011_1797,0,548.73,163.33,2011,7304.0,7444.0,98.1,68.73,0,0,0.0,0.0,22.332,6.5,383.0,86.5,89.6,105.2,20.1
RED23_1996_1002,0,628.0,258.01,1996,7445.0,8199.0,90.8,80.01,0,0,0.0,0.0,24.597,5.7,196.8,49.5,89.6,55.3,14.9
RED23_2002_168,0,566.09,352.13,2002,28933.0,32426.0,89.2,82.94,0,0,0.0,0.0,97.278,6.3,247.6,50.3,88.7,64.4,17.5
RED23_2011_1795,0,385.25,85.63,2011,1781.0,2558.0,69.6,83.57,0,0,0.0,0.0,7.674,8.8,379.7,64.7,90.5,87.6,22.8
RED24_1995_1019,0,577.81,284.33,1995,5792.0,5875.0,98.6,79.62,0,0,0.0,0.0,17.625,14.3,136.9,66.3,92.7,65.9,29.3
RED24_1996_713,0,460.01,205.85,1996,4755.0,8086.0,58.8,80.31,0,0,0.0,0.0,24.258,4.9,231.0,49.7,90.8,58.2,13.7
RED24_2011_1796,0,460.35,199.02,2011,43363.0,45327.0,95.7,96.28,0,0,0.0,0.0,135.981,7.0,383.8,82.9,88.9,103.5,21.9
RED26_2010_1755,0,431.63,222.48,2010,1974.0,2240.0,88.1,84.62,0,0,0.0,0.0,6.72,12.2,91.8,41.7,92.7,41.7,21.7
RED26_2011_1806,0,512.82,196.13,2011,463.0,620.0,74.7,66.22,0,0,0.0,0.0,1.86,12.0,363.7,70.4,90.5,92.8,34.2
RED27_1996_889,0,383.69,250.82,1996,1142.0,1144.0,99.8,112.71,0,0,0.0,0.0,3.432,6.3,359.1,59.0,90.8,77.9,17.0
RED27_2002_191,0,649.85,196.11,2002,18930.0,20001.0,94.6,54.93,0,0,0.0,0.0,60.003,6.4,250.2,51.0,88.9,65.5,17.6
RED27_2011_1701,0,506.17,9.34,2011,1065.0,1419.0,75.1,53.18,0,0,0.0,0.0,4.257,8.0,374.1,60.4,89.3,81.7,23.5
RED28_2012_1849,0,505.33,103.01,2012,265.0,267.0,99.3,58.73,0,0,0.0,0.0,0.801,6.7,95.8,35.3,90.3,37.6,15.4
RED29_1993_406,0,625.63,203.55,1993,68172.0,68300.0,99.8,59.04,0,0,0.0,0.0,204.9,9.7,286.1,53.2,91.1,69.2,23.9
RED29_1995_484,0,502.77,78.25,1995,5.0,5.0,100.0,88.39,0,0,0.0,0.0,0.015,15.2,118.0,54.3,93.1,54.1,28.1
RED29_2011_1809,0,504.89,110.22,2011,114915.0,123367.0,93.1,60.18,0,0,0.0,0.0,370.101,6.6,358.3,60.7,88.6,84.1,18.2
RED31_1993_549,0,630.42,241.57,1993,57700.0,59376.0,97.2,66.91,0,0,0.0,0.0,178.128,9.6,294.8,56.1,91.2,73.3,25.8
RED32_2010_1751,0,564.14,227.08,2010,23753.0,24502.0,96.9,69.39,0,0,0.0,0.0,73.506,7.4,125.2,46.8,88.1,47.3,15.8
RED32_2011_1789,0,490.94,186.66,2011,15291.0,20023.0,76.4,70.68,0,0,0.0,0.0,60.069,7.9,367.5,50.4,89.2,71.8,20.5
RED34_2002_190,0,596.18,188.43,2002,10832.0,11710.0,92.5,61.53,0,0,0.0,0.0,35.13,6.7,252.1,52.2,89.7,67.5,18.4
RED34_2012_1925,0,480.77,309.75,2012,628.0,635.0,98.9,93.03,0,0,0.0,0.0,1.905,8.1,273.6,43.0,90.0,59.4,20.6
RED35_1993_1147,0,599.54,356.95,1993,26930.0,27253.0,98.8,75.43,0,0,0.0,0.0,81.759,9.5,300.9,56.5,90.8,74.2,25.8
RED35_2011_1721,0,527.59,189.89,2011,619.0,884.0,70.0,62.33,0,0,0.0,0.0,2.652,7.2,357.8,47.2,88.9,66.5,18.5
RED36_1991_460,0,559.83,205.53,1991,43597.0,48131.0,90.6,71.67,0,0,0.0,0.0,144.393,7.1,230.1,59.7,89.2,73.0,20.9
RED36_2011_1671,0,467.87,55.8,2011,191.0,198.0,96.5,16.53,0,0,0.0,0.0,0.594,6.2,318.8,65.7,88.4,82.3,19.8
RED37_2002_187,0,552.02,514.97,2002,313.0,335.0,93.4,86.34,0,0,0.0,0.0,1.005,12.6,257.1,57.3,95.4,73.6,27.8
RED38_2002_186,0,624.45,218.38,2002,111.0,112.0,99.1,70.38,0,0,0.0,0.0,0.336,13.3,257.9,55.8,94.3,73.9,29.2
RED38_2012_1913,0,499.32,151.91,2012,1165.0,3622.0,32.2,11.27,0,0,0.0,0.0,10.866,8.3,192.8,46.2,90.3,55.5,18.0
RED39_2002_90,0,599.54,216.97,2002,34169.0,38360.0,89.1,72.01,0,0,0.0,0.0,115.08,5.6,300.4,51.1,88.8,64.1,14.0
RED40_2002_91,0,361.15,183.21,2002,862.0,932.0,92.5,128.17,0,0,0.0,0.0,2.796,5.9,251.3,56.0,90.1,74.0,15.4
RED41_1994_116,0,557.03,296.5,1994,2558.0,3689.0,69.3,73.62,0,0,0.0,0.0,11.067,6.9,244.2,34.3,88.0,49.5,16.7
RED41_2002_169,0,622.06,421.59,2002,691.0,835.0,82.8,79.46,0,0,0.0,0.0,2.505,7.0,241.1,50.4,88.8,64.4,18.1
RED41_2012_1758,0,546.61,215.39,2012,1913.0,1913.0,100.0,79.72,0,0,0.0,0.0,5.739,9.4,231.7,53.7,91.3,65.5,22.7
RED44_2006_1683,0,423.34,47.59,2006,2753.0,8887.0,31.0,79.69,0,0,0.0,0.0,26.661,9.0,231.1,39.5,88.9,54.4,21.0
RED44_2010_1753,0,185.73,77.53,2010,781.0,782.0,99.9,154.37,0,0,0.0,0.0,2.346,4.5,154.4,14.9,87.8,23.5,7.8
RED47_2002_92,0,593.33,56.83,2002,65783.0,66398.0,99.1,56.89,0,0,0.0,0.0,199.194,7.0,252.3,50.8,88.3,64.9,19.3
RED48_2001_72,0,542.96,29.29,2001,453.0,699.0,64.8,51.71,0,0,0.0,0.0,2.097,7.2,338.1,55.2,92.1,75.9,20.9
RED49_2012_1844,0,541.45,114.47,2012,2288.0,2471.0,92.6,54.23,0,0,0.0,0.0,7.413,9.6,251.8,55.8,91.0,70.6,25.3
RED50_2011_1813,0,472.19,62.99,2011,8630.0,9288.0,92.9,95.32,0,0,0.0,0.0,27.864,7.5,338.4,39.2,89.6,57.3,19.0
RED50_2012_1926,0,500.48,103.61,2012,23534.0,31345.0,75.1,57.68,0,0,0.0,0.0,94.035,9.3,248.3,49.5,90.4,65.3,24.1
RED51_2011_1670,0,545.62,208.17,2011,691.0,707.0,97.7,61.32,0,0,0.0,0.0,2.121,9.9,332.1,56.0,91.3,79.6,22.2
RED51_2012_1908,0,545.41,260.63,2012,1396.0,1911.0,73.1,60.59,0,0,0.0,0.0,5.733,9.5,251.2,48.6,90.4,64.7,24.2
RED52_2011_1814,0,568.44,175.56,2011,7880.0,7957.0,99.0,77.59,0,0,0.0,0.0,23.871,7.7,332.7,41.3,89.6,60.2,19.3
RED52_2012_1902,0,520.75,218.76,2012,405.0,878.0,46.1,81.09,0,0,0.0,0.0,2.634,8.7,241.9,50.3,90.0,65.4,20.7
RED53_2011_1792,0,562.68,143.14,2011,5451.0,5711.0,95.4,65.71,0,0,0.0,0.0,17.133,8.0,321.3,46.6,89.3,69.7,17.1
RED53_2012_1842,0,492.52,162.43,2012,67662.0,82028.0,82.5,61.98,0,0,0.0,0.0,246.084,7.6,243.6,44.0,90.0,58.7,19.7
RED54_2011_1784,0,565.38,176.13,2011,14894.0,14952.0,99.6,78.72,0,0,0.0,0.0,44.856,5.4,366.8,83.9,89.0,98.7,16.8
RED55_2002_95,0,540.6,207.42,2002,616.0,3384.0,18.2,73.57,0,0,0.0,0.0,10.152,7.3,255.1,51.8,88.8,64.2,19.2
RED55_2011_1787,0,580.54,127.19,2011,7468.0,7529.0,99.2,59.52,0,0,0.0,0.0,22.587,6.9,341.8,52.9,88.7,75.6,17.3
RED56_2002_167,0,583.48,285.75,2002,2031.0,2100.0,96.7,63.75,0,0,0.0,0.0,6.3,10.0,249.9,57.8,93.4,73.1,23.3
RED57_2002_163,0,617.18,263.69,2002,50208.0,54771.0,91.7,69.91,0,0,0.0,0.0,164.313,5.7,301.3,45.5,88.4,59.7,13.2
RED57_2012_1845,0,558.68,268.7,2012,15745.0,16532.0,95.2,77.69,0,0,0.0,0.0,49.596,8.4,237.6,50.6,91.1,64.7,21.7
RED58_2011_1799,0,552.28,238.93,2011,23698.0,24410.0,97.1,83.71,0,0,0.0,0.0,73.23,6.0,369.6,85.3,88.9,102.8,16.4
RED58_2012_1922,0,524.44,286.87,2012,14106.0,14747.0,95.7,71.43,0,0,0.0,0.0,44.241,8.5,237.2,50.6,90.6,65.4,21.0
RED59_2012_1909,0,538.32,233.87,2012,483.0,490.0,98.6,68.23,0,0,0.0,0.0,1.47,8.6,237.8,50.3,90.5,65.2,21.0
RED5_1990_876,0,497.88,315.17,1990,1383.0,1816.0,76.2,74.89,0,0,0.0,0.0,5.448,5.4,153.0,50.4,90.5,54.2,12.5
RED5_2002_185,0,471.83,181.82,2002,39437.0,40270.0,97.9,80.45,0,0,0.0,0.0,120.81,7.2,246.1,57.1,90.5,73.9,18.9
RED60_2001_42,0,563.15,384.63,2001,577.0,585.0,98.6,69.57,0,0,0.0,0.0,1.755,5.3,342.9,53.8,88.4,74.4,16.5
RED60_2002_175,0,622.3,354.78,2002,4113.0,4154.0,99.0,57.02,0,0,0.0,0.0,12.462,7.2,242.4,48.7,90.7,63.1,18.5
RED60_2012_1899,0,583.18,132.48,2012,13115.0,13398.0,97.9,72.01,0,0,0.0,0.0,40.194,8.9,239.8,46.8,90.6,61.2,21.8
RED61_2001_65,0,500.27,160.97,2001,244.0,245.0,99.6,77.39,0,0,0.0,0.0,0.735,5.6,346.0,54.6,88.8,75.4,19.3
RED61_2012_1843,0,435.6,192.31,2012,3117.0,3428.0,90.9,114.41,0,0,0.0,0.0,10.284,8.3,259.9,44.3,90.3,60.4,21.5
RED62_1995_351,0,556.96,77.94,1995,15688.0,26201.0,59.9,68.36,0,0,0.0,0.0,78.603,11.6,231.0,79.3,92.6,86.1,30.0
RED62_2012_1936,0,529.17,220.93,2012,5444.0,5697.0,95.6,24.77,0,0,0.0,0.0,17.091,7.7,271.5,44.4,90.0,59.1,20.1
RED63_2002_171,0,514.11,256.36,2002,606.0,947.0,64.0,72.51,0,0,0.0,0.0,2.841,5.9,238.1,48.5,89.2,61.5,16.9
RED63_2012_1923,0,517.42,104.86,2012,11535.0,11991.0,96.2,73.84,0,0,0.0,0.0,35.973,7.9,271.8,43.5,90.0,59.6,20.5
RED64_2012_1905,0,510.64,315.75,2012,1466.0,1641.0,89.3,55.2,0,0,0.0,0.0,4.923,7.7,271.7,44.4,89.9,59.6,20.3
RED65_2011_1777,0,360.2,72.5,2011,761.0,1089.0,69.9,9.96,0,0,0.0,0.0,3.267,10.4,329.4,74.0,92.0,90.8,28.9
RED66_2002_181,0,564.03,251.78,2002,4472.0,4511.0,99.1,72.21,0,0,0.0,0.0,13.533,6.0,311.4,46.6,89.4,65.7,15.6
RED66_2011_1723,0,406.78,116.51,2011,7256.0,9041.0,80.3,43.67,0,0,0.0,0.0,27.123,9.7,376.7,68.2,91.0,88.8,25.0
RED66_2012_1900,0,543.16,275.73,2012,13418.0,13663.0,98.2,81.61,0,0,0.0,0.0,40.989,8.4,244.0,50.2,90.9,65.3,21.9
RED67_2011_1724,0,298.98,27.95,2011,255.0,332.0,76.8,6.39,0,0,0.0,0.0,0.996,9.6,375.6,67.9,91.0,88.5,24.6
RED68_2003_1428,0,453.43,262.92,2003,299.0,533.0,56.1,66.48,0,0,0.0,0.0,1.599,4.7,282.3,39.6,84.8,57.6,13.3
RED69_2006_1673,0,565.94,353.29,2006,438.0,439.0,99.8,80.56,0,0,0.0,0.0,1.317,7.6,240.8,23.8,89.0,37.2,13.6
RED69_2012_1839,0,595.6,320.41,2012,1663.0,1689.0,98.5,64.36,0,0,0.0,0.0,5.067,8.7,242.1,50.3,90.7,65.9,21.4
RED70_2012_1937,0,577.67,574.89,2012,1127.0,1174.0,96.0,99.1,0,0,0.0,0.0,3.522,8.8,245.5,48.9,90.3,64.8,21.1
RED71_2012_1918,0,532.92,158.41,2012,25988.0,32599.0,79.7,33.41,0,0,0.0,0.0,97.797,11.2,250.3,45.5,90.8,62.5,24.2
RED72_2011_1816,0,457.13,127.29,2011,8945.0,10399.0,86.0,9.64,0,0,0.0,0.0,31.197,8.9,380.7,67.0,90.6,85.0,24.3
RED72_2012_1906,0,456.91,97.51,2012,11288.0,33990.0,33.2,79.05,0,0,0.0,0.0,101.97,8.6,274.4,40.9,90.2,56.6,20.0
RED73_2011_1801,0,521.54,225.93,2011,151.0,357.0,42.3,76.37,0,0,0.0,0.0,1.071,8.2,390.6,76.0,89.4,98.9,21.4
RED75_1996_243,0,500.94,192.23,1996,2350.0,2350.0,100.0,64.46,0,0,0.0,0.0,7.05,5.8,372.4,60.8,90.0,82.8,17.4
RED77_1995_1467,0,547.23,183.56,1995,40851.0,61887.0,66.0,72.98,0,0,0.0,0.0,185.661,8.4,248.2,74.7,91.6,79.6,25.0
RED7_2008_1665,0,488.77,194.66,2008,1000.0,1047.0,95.5,72.84,0,0,0.0,0.0,3.141,7.4,248.8,33.7,89.3,51.3,16.5
RED7_2009_1725,0,550.92,112.96,2009,5487.0,5501.0,99.7,67.98,0,0,0.0,0.0,16.503,11.1,167.7,46.2,91.4,54.5,19.9
RED82_1995_139,0,489.03,194.27,1995,566.0,1107.0,51.1,86.7,0,0,0.0,0.0,3.321,13.1,216.9,72.4,93.6,79.7,34.1
RED82_2003_1498,0,325.63,78.55,2003,2036.0,2101.0,96.9,110.8,0,0,0.0,0.0,6.303,5.1,422.0,45.7,88.2,66.0,16.5
RED82_2011_1800,0,553.04,204.9,2011,67957.0,69632.0,97.6,47.9,0,0,0.0,0.0,208.896,5.6,346.3,67.2,88.1,86.4,13.9
RED83_1991_1455,0,582.52,504.99,1991,5601.0,5611.0,99.8,90.93,0,0,0.0,0.0,16.833,5.3,471.7,66.4,88.2,98.8,17.9
RED83_1995_959,0,576.29,92.44,1995,70493.0,70493.0,100.0,64.37,0,0,0.0,0.0,211.479,9.7,220.6,65.6,91.2,74.4,25.1
RED84_1995_1024,0,535.19,220.32,1995,13630.0,13752.0,99.1,77.87,0,0,0.0,0.0,41.256,6.5,230.2,59.2,87.9,68.2,18.5
RED84_2006_1576,0,460.43,236.18,2006,29649.0,51608.0,57.5,88.8,0,0,0.0,0.0,154.824,7.3,342.9,32.5,88.9,51.1,16.0
RED85_2011_1818,0,493.89,119.15,2011,171685.0,272390.0,63.0,53.81,0,0,0.0,0.0,817.17,9.0,438.1,53.7,90.8,68.1,23.4
RED88_1995_497,0,549.44,221.52,1995,1140.0,1935.0,58.9,81.01,0,0,0.0,0.0,5.805,5.8,288.3,43.2,89.4,56.3,13.3
RED90_2003_1422,0,412.09,320.94,2003,88.0,88.0,100.0,123.95,0,0,0.0,0.0,0.264,5.5,489.3,30.8,87.9,56.3,15.5
RED91_2003_1438,0,604.88,179.88,2003,2749.0,2894.0,95.0,69.27,0,0,0.0,0.0,8.682,5.8,489.4,30.3,87.8,55.7,15.4
RED91_2011_1702,0,494.04,55.43,2011,22984.0,26286.0,87.4,71.72,0,0,0.0,0.0,78.858,6.7,345.0,30.6,88.4,49.2,15.6
RED93_2003_1545,0,554.13,66.33,2003,2652.0,3447.0,76.9,73.44,0,0,0.0,0.0,10.341,6.3,486.3,27.8,87.9,48.1,15.9
RED93_2011_1738,0,604.25,49.53,2011,727.0,728.0,99.9,38.07,0,0,0.0,0.0,2.184,9.1,325.3,48.4,90.6,80.1,24.0
RED94_2012_1854,0,473.49,307.1,2012,790.0,3053.0,25.9,74.63,0,0,0.0,0.0,9.159,7.6,258.0,39.5,88.8,55.1,19.8
RED96_2011_1804,0,491.15,95.69,2011,24263.0,25942.0,93.5,71.25,0,0,0.0,0.0,77.826,6.7,360.2,67.9,88.6,87.8,18.9
RED9_1997_1238,0,529.9,27.04,1997,4069.0,4906.0,82.9,56.41,0,0,0.0,0.0,14.718,8.2,129.1,36.9,89.0,42.3,16.9
SIO110_1991_1347,0,463.14,245.92,1991,23789.0,23789.0,100.0,83.6,0,0,0.0,0.0,71.367,7.8,439.7,57.2,92.3,87.9,23.4
SIO119_1991_1398,0,607.62,444.59,1991,9775.0,9836.0,99.4,85.15,0,0,0.0,0.0,29.508,7.8,448.1,68.4,87.6,102.6,23.7
SIO20_1992_878,0,578.59,428.63,1992,4025.0,4025.0,100.0,91.25,0,0,0.0,0.0,12.075,8.6,153.7,41.8,89.5,48.7,16.1
SIO22_1990_339,0,629.51,159.98,1990,4099.0,4100.0,100.0,40.11,0,0,0.0,0.0,12.3,6.5,307.7,70.3,89.3,84.1,22.2
SIO22_1993_1099,0,489.91,399.8,1993,927.0,927.0,100.0,38.45,0,0,0.0,0.0,2.781,6.0,122.1,44.6,88.1,44.9,14.4
SIO23_1992_401,0,543.52,276.09,1992,50185.0,50200.0,100.0,83.7,0,0,0.0,0.0,150.6,7.2,145.8,39.8,89.7,45.9,13.9
SIO24_1992_533,0,522.63,217.82,1992,35691.0,35844.0,99.6,84.61,0,0,0.0,0.0,107.532,7.5,132.8,37.1,89.8,43.3,14.2
SIO25_1992_1271,0,537.04,155.05,1992,8080.0,8085.0,99.9,66.73,0,0,0.0,0.0,24.255,8.1,155.6,45.8,89.5,52.1,18.6
SIO26_1992_606,0,480.82,200.46,1992,34918.0,34982.0,99.8,82.27,0,0,0.0,0.0,104.946,8.3,153.2,44.7,89.5,51.4,18.7
SIO30_1991_693,0,494.36,171.71,1991,47406.0,48544.0,97.7,85.93,0,0,0.0,0.0,145.632,7.9,243.2,50.9,89.5,62.7,19.9
SIO31_1993_596,0,442.19,227.81,1993,1159.0,1159.0,100.0,94.74,0,0,0.0,0.0,3.477,9.7,162.8,52.6,90.7,57.6,20.2
SIO34_1991_1048,0,557.27,213.47,1991,2853.0,2854.0,100.0,79.62,0,0,0.0,0.0,8.562,8.6,244.2,51.6,90.4,62.2,21.2
SIO37_1993_991,0,476.17,158.54,1993,10796.0,10798.0,100.0,72.02,0,0,0.0,0.0,32.394,11.7,261.4,56.8,90.6,71.0,27.5
SIO41_1993_717,0,593.61,298.87,1993,54213.0,54487.0,99.5,63.26,0,0,0.0,0.0,163.461,11.9,264.2,58.0,91.3,72.6,28.1
SIO44_1990_1124,0,576.76,167.17,1990,3148.0,3148.0,100.0,55.17,0,0,0.0,0.0,9.444,6.6,448.3,60.1,88.8,83.8,21.5
SIO45_1993_265,0,634.5,225.77,1993,910.0,910.0,100.0,48.37,0,0,0.0,0.0,2.73,13.2,215.1,52.1,92.0,63.8,30.1
SIO48_1993_588,0,574.45,374.78,1993,9930.0,9945.0,99.8,84.93,0,0,0.0,0.0,29.835,11.9,264.1,57.6,91.1,72.3,28.2
SIO49_1990_255,0,634.18,319.4,1990,130392.0,131201.0,99.4,70.58,0,0,0.0,0.0,393.603,6.4,453.7,61.4,88.7,87.7,21.1
SIO54_1991_618,0,443.3,193.13,1991,12728.0,12728.0,100.0,95.2,0,0,0.0,0.0,38.184,7.7,296.0,52.7,89.1,69.0,20.6
SIO80_1991_595,0,531.44,345.82,1991,76168.0,76210.0,99.9,93.95,0,0,0.0,0.0,228.63,6.8,469.1,61.5,91.0,89.8,21.1
SIO82_1990_1343,0,551.65,401.11,1990,9562.0,9670.0,98.9,88.37,0,0,0.0,0.0,29.01,5.3,443.0,58.4,88.1,84.3,17.2
SIO83_1991_1447,0,566.67,355.56,1991,43431.0,44160.0,98.3,79.38,0,0,0.0,0.0,132.48,8.3,440.5,65.7,91.6,97.3,24.2
SIO92_1991_1215,0,523.55,381.66,1991,7144.0,7149.0,99.9,95.0,0,0,0.0,0.0,21.447,8.7,448.5,65.2,92.0,94.9,26.5
SIO94_1991_551,0,522.43,307.79,1991,15202.0,15382.0,98.8,86.04,0,0,0.0,0.0,46.146,8.0,439.5,60.0,92.1,91.2,24.7
SLK101_2003_1480,0,534.7,378.62,2003,656.0,656.0,100.0,91.52,0,0,0.0,0.0,1.968,12.3,492.2,48.2,86.7,74.4,30.7
SLK101_2011_1737,0,496.8,69.26,2011,367.0,368.0,99.7,113.08,0,0,0.0,0.0,1.104,9.5,289.0,32.6,89.4,48.0,17.2
SLK101_2012_1840,0,581.23,535.94,2012,2388.0,2389.0,100.0,97.5,0,0,0.0,0.0,7.167,5.8,153.7,18.6,87.7,26.4,11.9
SLK103_1994_623,0,484.51,175.2,1994,11699.0,11963.0,97.8,87.1,0,0,0.0,0.0,35.889,6.2,250.6,39.1,89.3,53.0,15.9
SLK103_2011_1736,0,553.69,394.24,2011,13375.0,13375.0,100.0,89.13,0,0,0.0,0.0,40.125,8.3,267.8,23.5,88.5,38.5,15.9
SLK104_1995_924,0,559.38,196.69,1995,262.0,262.0,100.0,66.49,0,0,0.0,0.0,0.786,4.9,236.2,44.3,86.8,61.6,14.5
SLK107_1994_882,0,608.73,330.81,1994,8231.0,8231.0,100.0,71.04,0,0,0.0,0.0,24.693,6.5,227.1,40.3,89.7,51.6,15.1
SLK108_1994_333,0,599.82,349.9,1994,3220.0,3221.0,100.0,79.01,0,0,0.0,0.0,9.663,6.4,228.6,40.5,89.7,51.7,15.0
SLK10_1996_892,0,536.19,244.69,1996,706.0,723.0,97.6,90.52,0,0,0.0,0.0,2.169,9.1,88.9,34.5,91.4,35.8,15.6
SLK10_2009_1706,0,565.16,273.09,2009,2780.0,2780.0,100.0,81.55,0,0,0.0,0.0,8.34,4.9,170.4,39.9,86.3,49.0,11.7
SLK118_2006_1590,0,437.03,420.99,2006,215.0,215.0,100.0,109.28,0,0,0.0,0.0,0.645,2.9,215.1,24.5,80.8,35.4,6.6
SLK11_2002_54,0,502.28,138.63,2002,507.0,510.0,99.4,88.37,0,0,0.0,0.0,1.53,13.5,104.5,31.4,88.7,34.2,21.7
SLK120_1994_122,0,507.5,99.45,1994,1695.0,1695.0,100.0,72.07,0,0,0.0,0.0,5.085,6.3,261.0,54.8,88.8,60.7,16.8
SLK121_1996_1212,0,432.13,131.52,1996,887.0,887.0,100.0,91.07,0,0,0.0,0.0,2.661,8.4,329.6,65.7,91.6,85.9,22.1
SLK128_1995_1182,0,505.37,225.67,1995,13172.0,13173.0,100.0,79.37,0,0,0.0,0.0,39.519,5.4,343.6,21.5,87.1,37.1,11.6
SLK12_2002_55,0,487.09,106.05,2002,1019.0,1021.0,99.8,88.18,0,0,0.0,0.0,3.063,7.5,126.8,39.4,88.5,41.3,15.1
SLK130_1996_788,0,482.78,141.2,1996,1133.0,1133.0,100.0,72.22,0,0,0.0,0.0,3.399,8.3,339.3,64.8,91.0,85.0,25.3
SLK132_2011_1740,0,540.87,140.69,2011,640.0,640.0,100.0,69.3,0,0,0.0,0.0,1.92,7.0,300.0,27.4,90.0,44.4,15.9
SLK13_2000_20,0,490.19,171.13,2000,65.0,65.0,100.0,51.26,0,0,0.0,0.0,0.195,6.1,392.8,55.8,89.0,80.7,18.7
SLK13_2009_1707,0,575.78,242.23,2009,486.0,486.0,100.0,75.6,0,0,0.0,0.0,1.458,4.2,162.4,36.2,83.4,46.9,10.6
SLK147_2011_1700,0,542.73,88.24,2011,6919.0,6990.0,99.0,71.25,0,0,0.0,0.0,20.97,7.0,307.4,25.2,88.7,41.8,14.5
SLK14_1995_425,0,498.38,305.45,1995,19793.0,20208.0,97.9,87.79,0,0,0.0,0.0,60.624,7.8,187.1,53.2,90.4,58.7,19.0
SLK15_1994_963,0,573.09,314.96,1994,23568.0,23691.0,99.5,74.83,0,0,0.0,0.0,71.073,9.1,192.4,45.2,90.4,51.2,19.2
SLK16_2000_28,0,574.75,339.93,2000,2764.0,2772.0,99.7,78.21,0,0,0.0,0.0,8.316,7.4,366.6,51.6,88.6,75.3,22.0
SLK17_1994_617,0,569.99,348.51,1994,11324.0,11384.0,99.5,85.89,0,0,0.0,0.0,34.152,8.7,162.2,49.8,92.6,53.8,20.5
SLK17_1999_1207,0,556.6,180.15,1999,8427.0,8519.0,98.9,61.95,0,0,0.0,0.0,25.557,16.2,68.1,39.3,92.8,39.1,26.4
SLK17_2002_193,0,548.01,60.71,2002,1187.0,1189.0,99.8,67.41,0,0,0.0,0.0,3.567,10.7,204.8,47.4,91.4,57.9,19.0
SLK17_2009_1705,0,504.4,107.36,2009,656.0,656.0,100.0,90.68,0,0,0.0,0.0,1.968,6.2,181.8,38.5,87.1,50.0,12.6
SLK18_2000_24,0,621.62,280.32,2000,91.0,91.0,100.0,44.83,0,0,0.0,0.0,0.273,5.9,367.6,52.8,89.0,76.2,19.9
SLK19_2002_172,0,541.21,181.54,2002,877.0,892.0,98.3,56.95,0,0,0.0,0.0,2.676,9.0,208.4,49.7,89.9,59.8,19.1
SLK1_2001_63,0,543.58,538.85,2001,345.0,345.0,100.0,99.86,0,0,0.0,0.0,1.035,6.8,347.9,57.0,89.8,75.9,20.7
SLK1_2002_16,0,570.79,156.32,2002,7687.0,7703.0,99.8,65.49,0,0,0.0,0.0,23.109,7.1,235.6,55.6,90.5,63.4,18.3
SLK1_2003_1453,0,494.44,502.61,2003,9195.0,9195.0,100.0,100.85,0,0,0.0,0.0,27.585,11.3,309.9,59.1,89.8,76.7,27.8
SLK20_1995_731,0,497.1,224.24,1995,16922.0,16924.0,100.0,78.0,0,0,0.0,0.0,50.772,8.5,197.0,56.4,91.1,62.8,21.9
SLK20_1999_573,0,540.77,204.47,1999,4005.0,4077.0,98.2,51.97,0,0,0.0,0.0,12.231,15.7,68.0,39.7,92.2,39.4,26.8
SLK20_2003_1434,0,560.95,222.0,2003,199.0,207.0,96.1,85.2,0,0,0.0,0.0,0.621,7.7,87.1,36.3,91.0,36.6,17.2
SLK20_2012_1919,0,543.36,127.19,2012,90.0,117.0,76.9,63.73,0,0,0.0,0.0,0.351,8.5,78.8,37.3,89.9,37.4,15.8
SLK21_2002_177,0,241.22,122.43,2002,240.0,246.0,97.6,201.36,0,0,0.0,0.0,0.738,10.2,198.9,48.7,90.1,58.5,21.1
SLK22_2009_1704,0,473.4,162.92,2009,2318.0,2338.0,99.1,77.17,0,0,0.0,0.0,7.014,7.6,183.2,47.0,91.6,60.3,16.3
SLK23_2009_1712,0,545.63,415.27,2009,4580.0,4616.0,99.2,84.78,0,0,0.0,0.0,13.848,9.2,145.7,31.7,89.4,38.8,12.2
SLK24_2001_43,0,390.2,346.18,2001,410.0,410.0,100.0,120.28,0,0,0.0,0.0,1.23,6.7,182.7,47.4,89.5,55.6,16.7
SLK24_2009_1727,0,614.86,209.96,2009,8815.0,8826.0,99.9,68.04,0,0,0.0,0.0,26.478,15.6,168.7,33.5,91.2,44.2,20.8
SLK25_2005_1535,0,530.26,184.32,2005,436.0,436.0,100.0,55.67,0,0,0.0,0.0,1.308,10.2,127.0,28.8,91.4,34.2,18.6
SLK25_2009_1726,0,572.91,103.26,2009,11258.0,11294.0,99.7,71.65,0,0,0.0,0.0,33.882,14.8,159.7,33.1,91.2,42.6,21.5
SLK26_2009_1715,0,580.78,261.91,2009,5593.0,5623.0,99.5,69.81,0,0,0.0,0.0,16.869,8.6,146.3,30.2,89.1,39.5,11.6
SLK26_2012_1765,0,536.71,411.95,2012,1669.0,1680.0,99.3,88.37,0,0,0.0,0.0,5.04,8.2,107.4,29.6,88.6,31.8,15.1
SLK27_1996_707,0,568.76,201.13,1996,12554.0,12590.0,99.7,71.2,0,0,0.0,0.0,37.77,6.8,174.4,47.6,90.5,53.1,17.5
SLK29_2008_1667,0,543.64,204.38,2008,1442.0,1444.0,99.9,79.84,0,0,0.0,0.0,4.332,6.7,278.3,32.5,87.2,48.0,16.3
SLK29_2012_1855,0,563.54,442.59,2012,898.0,898.0,100.0,93.23,0,0,0.0,0.0,2.694,7.5,103.2,30.9,89.2,32.7,14.3
SLK2_2002_51,0,220.49,118.4,2002,101.0,101.0,100.0,174.57,0,0,0.0,0.0,0.303,7.9,221.3,60.9,90.7,69.4,21.1
SLK30_2002_184,0,493.52,185.45,2002,27345.0,27791.0,98.4,92.61,0,0,0.0,0.0,83.373,8.3,238.9,49.1,89.4,59.7,19.8
SLK30_2006_1581,0,563.68,384.62,2006,3935.0,3935.0,100.0,83.13,0,0,0.0,0.0,11.805,7.5,232.2,25.5,88.0,38.3,13.6
SLK31_2002_89,0,495.89,291.68,2002,32786.0,32827.0,99.9,92.33,0,0,0.0,0.0,98.481,10.4,234.7,44.6,89.8,55.0,21.0
SLK32_1995_1462,0,479.83,278.57,1995,8943.0,8953.0,99.9,75.97,0,0,0.0,0.0,26.859,7.8,205.0,52.3,89.5,58.8,19.2
SLK32_2012_1850,0,572.03,344.72,2012,821.0,821.0,100.0,66.91,0,0,0.0,0.0,2.463,8.0,69.8,26.1,88.5,27.6,10.6
SLK33_1996_1070,0,497.2,198.01,1996,32392.0,32549.0,99.5,58.17,0,0,0.0,0.0,97.647,7.3,171.8,47.1,91.1,54.0,18.3
SLK33_1999_1282,0,514.12,197.8,1999,6548.0,6548.0,100.0,62.44,0,0,0.0,0.0,19.644,11.0,118.4,41.7,89.3,44.1,19.9
SLK34_2008_1666,0,158.21,29.72,2008,91.0,91.0,100.0,228.53,0,0,0.0,0.0,0.273,3.4,272.4,20.4,81.3,33.5,6.5
SLK35_1994_1303,0,488.61,314.68,1994,3243.0,3244.0,100.0,95.33,0,0,0.0,0.0,9.732,7.5,190.7,46.2,89.3,51.7,18.0
SLK35_1995_1341,0,520.26,303.85,1995,2668.0,2688.0,99.3,86.12,0,0,0.0,0.0,8.064,7.3,215.1,55.4,90.4,62.3,20.1
SLK35_1999_1199,0,552.6,174.86,1999,9168.0,9173.0,99.9,67.55,0,0,0.0,0.0,27.519,7.1,245.8,50.9,88.9,61.8,17.1
SLK35_2011_1821,0,486.53,221.53,2011,425304.0,429915.0,98.9,89.69,0,0,0.0,0.0,1289.745,11.2,282.7,52.8,91.9,64.6,23.6
SLK36_1995_1256,0,440.13,208.71,1995,3768.0,3774.0,99.8,93.85,0,0,0.0,0.0,11.322,7.4,208.9,56.2,90.4,62.2,19.7
SLK36_1999_369,0,465.54,237.02,1999,623.0,624.0,99.8,83.56,0,0,0.0,0.0,1.872,9.4,190.4,50.6,90.5,55.4,16.7
SLK36_2002_56,0,492.15,365.51,2002,250.0,250.0,100.0,92.5,0,0,0.0,0.0,0.75,9.5,236.9,40.4,89.0,48.7,18.6
SLK37_1999_1203,0,503.88,49.0,1999,9402.0,9422.0,99.8,74.31,0,0,0.0,0.0,28.266,6.8,212.1,49.9,88.2,60.5,16.8
SLK38_1999_1310,0,522.95,157.52,1999,21039.0,21099.0,99.7,69.05,0,0,0.0,0.0,63.297,6.3,147.1,39.9,88.3,43.1,13.7
SLK38_2006_1674,0,515.45,414.77,2006,23133.0,23134.0,100.0,91.21,0,0,0.0,0.0,69.402,7.7,193.7,24.0,88.1,34.3,13.0
SLK38_2011_1798,0,483.9,188.9,2011,31172.0,31491.0,99.0,85.36,0,0,0.0,0.0,94.473,9.1,311.6,71.9,91.1,82.7,24.7
SLK39_1994_1269,0,496.87,103.89,1994,1082.0,1086.0,99.6,66.48,0,0,0.0,0.0,3.258,5.6,121.2,43.0,82.9,44.9,11.6
SLK39_1995_389,0,435.94,129.04,1995,9127.0,9231.0,98.9,93.11,0,0,0.0,0.0,27.693,7.3,228.4,54.7,90.8,62.9,20.8
SLK3_2001_39,0,613.72,27.67,2001,964.0,964.0,100.0,57.97,0,0,0.0,0.0,2.892,8.8,339.1,53.8,89.5,72.7,21.5
SLK3_2002_52,0,574.57,261.22,2002,367.0,370.0,99.2,71.39,0,0,0.0,0.0,1.11,7.8,222.4,61.2,90.7,69.7,21.1
SLK40_1999_601,0,617.7,396.61,1999,7979.0,8071.0,98.9,78.68,0,0,0.0,0.0,24.213,7.2,252.9,51.3,88.7,60.2,19.5
SLK40_2005_1534,0,499.88,213.04,2005,796.0,796.0,100.0,59.48,0,0,0.0,0.0,2.388,6.9,178.3,22.4,87.9,32.8,13.4
SLK40_2006_1672,0,567.48,409.78,2006,568.0,573.0,99.1,74.0,0,0,0.0,0.0,1.719,7.4,201.9,24.1,87.6,36.1,13.1
SLK41_1999_1071,0,561.95,304.51,1999,21165.0,21285.0,99.4,75.34,0,0,0.0,0.0,63.855,7.3,257.1,55.4,88.7,63.2,20.2
SLK42_2006_1675,0,466.35,468.66,2006,231.0,231.0,100.0,103.44,0,0,0.0,0.0,0.693,7.5,192.5,21.5,87.0,30.5,12.3
SLK44_2001_67,0,590.53,111.87,2001,211.0,211.0,100.0,65.55,0,0,0.0,0.0,0.633,9.3,311.8,50.4,89.0,69.7,22.8
SLK44_2006_1593,0,515.14,312.2,2006,1144.0,1144.0,100.0,92.37,0,0,0.0,0.0,3.432,10.3,136.2,26.3,87.2,34.3,17.8
SLK45_2001_44,0,589.09,393.66,2001,195.0,195.0,100.0,75.82,0,0,0.0,0.0,0.585,4.9,318.3,42.8,86.2,61.5,13.6
SLK45_2006_1599,0,527.68,480.67,2006,610.0,610.0,100.0,98.85,0,0,0.0,0.0,1.83,7.6,155.6,20.6,86.7,27.6,11.0
SLK45_2011_1695,0,375.67,219.12,2011,2865.0,2867.0,99.9,132.25,0,0,0.0,0.0,8.601,10.7,360.8,54.5,87.7,72.1,25.3
SLK46_1996_506,0,496.93,201.59,1996,2317.0,2319.0,99.9,69.37,0,0,0.0,0.0,6.957,7.7,173.1,47.7,91.7,54.6,18.2
SLK46_2011_1694,0,471.44,224.16,2011,1122.0,1122.0,100.0,86.49,0,0,0.0,0.0,3.366,7.9,372.6,51.9,87.6,71.5,21.4
SLK47_1996_358,0,501.85,271.72,1996,9657.0,9660.0,100.0,67.78,0,0,0.0,0.0,28.98,7.4,173.2,47.4,91.6,54.6,18.3
SLK47_2001_69,0,588.1,167.16,2001,478.0,478.0,100.0,64.55,0,0,0.0,0.0,1.434,7.7,315.6,51.2,87.0,69.0,20.5
SLK47_2002_73,0,592.81,410.14,2002,1062.0,1064.0,99.8,69.9,0,0,0.0,0.0,3.192,9.8,243.7,50.4,91.8,63.7,22.9
SLK47_2011_1788,0,435.91,206.29,2011,14686.0,14715.0,99.8,91.55,0,0,0.0,0.0,44.145,10.1,272.3,50.1,89.4,66.2,24.6
SLK47_2012_1932,0,538.89,119.21,2012,2008.0,2215.0,90.7,100.47,0,0,0.0,0.0,6.645,6.7,129.4,35.5,87.7,41.9,12.7
SLK48_1995_723,0,457.01,292.3,1995,15014.0,15159.0,99.0,93.09,0,0,0.0,0.0,45.477,7.7,200.9,53.0,89.2,59.3,19.6
SLK48_2011_1785,0,487.89,202.91,2011,24217.0,24350.0,99.5,84.9,0,0,0.0,0.0,73.05,6.9,341.3,46.7,87.9,66.0,18.4
SLK49_1994_538,0,522.42,232.69,1994,7053.0,7054.0,100.0,74.69,0,0,0.0,0.0,21.162,7.3,235.4,52.2,90.4,59.3,18.2
SLK49_2010_1730,0,568.85,188.31,2010,753.0,753.0,100.0,57.61,0,0,0.0,0.0,2.259,7.5,234.3,43.1,88.2,55.8,14.3
SLK4_2001_64,0,440.1,437.54,2001,159.0,159.0,100.0,77.1,0,0,0.0,0.0,0.477,6.5,343.3,55.3,87.8,73.8,19.0
SLK4_2002_17,0,485.33,369.99,2002,82313.0,82510.0,99.8,91.31,0,0,0.0,0.0,247.53,9.4,230.9,40.9,88.9,49.4,19.3
SLK4_2003_1401,0,518.52,531.38,2003,6729.0,6734.0,99.9,110.73,0,0,0.0,0.0,20.202,1.4,299.0,36.2,65.7,65.9,3.3
SLK50_1995_1131,0,490.99,293.45,1995,7787.0,7976.0,97.6,82.11,0,0,0.0,0.0,23.928,7.8,208.4,53.8,90.9,63.4,22.0
SLK50_2011_1805,0,517.51,202.76,2011,5385.0,5387.0,100.0,66.42,0,0,0.0,0.0,16.161,10.3,305.8,59.7,89.7,76.5,27.6
SLK51_1995_638,0,503.73,89.97,1995,5364.0,5365.0,100.0,77.01,0,0,0.0,0.0,16.095,7.2,197.4,57.7,90.7,64.6,20.5
SLK51_1996_772,0,505.97,214.55,1996,62825.0,62971.0,99.8,61.15,0,0,0.0,0.0,188.913,6.9,169.7,46.1,89.9,52.7,16.3
SLK51_2003_1403,0,515.07,287.22,2003,56411.0,56813.0,99.3,86.99,0,0,0.0,0.0,170.439,8.9,268.9,53.6,89.2,68.3,23.6
SLK51_2011_1808,0,557.6,211.35,2011,3616.0,3616.0,100.0,63.88,0,0,0.0,0.0,10.848,10.4,301.9,58.2,89.9,75.9,27.9
SLK52_1996_694,0,524.16,83.76,1996,3468.0,3492.0,99.3,65.24,0,0,0.0,0.0,10.476,7.1,172.7,47.3,90.8,53.4,17.9
SLK53_1996_826,0,547.62,271.13,1996,2220.0,2220.0,100.0,73.3,0,0,0.0,0.0,6.66,6.8,175.9,48.0,90.9,53.4,17.4
SLK54_1995_1132,0,524.26,143.02,1995,1465.0,1466.0,99.9,79.42,0,0,0.0,0.0,4.398,7.2,193.1,51.1,87.4,58.3,18.3
SLK54_1999_1365,0,453.76,98.06,1999,16049.0,16218.0,99.0,85.04,0,0,0.0,0.0,48.654,9.7,285.4,87.9,89.7,98.7,27.8
SLK54_2002_179,0,546.66,359.11,2002,33316.0,33383.0,99.8,86.38,0,0,0.0,0.0,100.149,5.8,246.0,52.7,87.6,63.2,15.2
SLK55_1996_156,0,539.24,259.36,1996,7712.0,7770.0,99.3,76.6,0,0,0.0,0.0,23.31,5.9,170.2,51.4,89.3,54.7,16.2
SLK55_2011_1741,0,492.34,203.78,2011,5860.0,5895.0,99.4,83.16,0,0,0.0,0.0,17.685,10.1,304.5,87.5,90.8,102.0,31.2
SLK56_1995_779,0,523.4,361.89,1995,5863.0,5863.0,100.0,86.74,0,0,0.0,0.0,17.589,6.5,206.2,51.3,87.8,59.9,16.9
SLK57_2003_1479,0,592.7,130.85,2003,125874.0,126262.0,99.7,78.68,0,0,0.0,0.0,378.786,8.3,295.5,52.2,89.5,66.5,20.1
SLK57_2011_1739,0,501.98,189.93,2011,999.0,999.0,100.0,75.23,0,0,0.0,0.0,2.997,10.0,305.9,87.7,90.7,101.9,30.6
SLK58_1994_132,0,537.16,181.86,1994,2660.0,2660.0,100.0,64.28,0,0,0.0,0.0,7.98,7.3,226.2,39.6,89.8,50.8,17.3
SLK58_1995_394,0,549.42,262.76,1995,81662.0,82277.0,99.3,75.52,0,0,0.0,0.0,246.831,7.4,232.5,54.7,90.5,64.0,20.5
SLK58_2003_1412,0,539.65,143.34,2003,129115.0,130324.0,99.1,87.05,0,0,0.0,0.0,390.972,9.5,247.7,52.1,90.3,65.0,24.3
SLK59_1995_841,0,532.09,462.36,1995,2391.0,2391.0,100.0,94.6,0,0,0.0,0.0,7.173,12.2,184.8,57.3,92.2,64.7,26.9
SLK5_2001_38,0,537.28,400.72,2001,639.0,639.0,100.0,66.31,0,0,0.0,0.0,1.917,6.4,342.0,55.0,88.2,73.4,18.8
SLK5_2002_12,0,479.07,322.03,2002,10345.0,10345.0,100.0,103.57,0,0,0.0,0.0,31.035,8.1,228.0,43.1,88.6,50.4,18.1
SLK60_1995_931,0,561.38,385.1,1995,6763.0,6889.0,98.2,89.14,0,0,0.0,0.0,20.667,7.2,237.0,56.6,90.1,68.7,20.5
SLK60_2011_1815,0,489.02,201.34,2011,72659.0,74162.0,98.0,93.94,0,0,0.0,0.0,222.486,12.0,299.6,78.5,92.5,89.6,31.5
SLK61_1995_306,0,602.54,194.23,1995,904.0,904.0,100.0,66.4,0,0,0.0,0.0,2.712,7.0,235.8,52.6,89.0,64.7,18.8
SLK62_1995_504,0,545.02,241.4,1995,5479.0,5479.0,100.0,73.03,0,0,0.0,0.0,16.437,10.6,187.1,50.4,91.2,59.2,24.1
SLK63_1996_428,0,543.16,213.29,1996,1580.0,1875.0,84.3,75.2,0,0,0.0,0.0,5.625,10.6,142.1,56.8,91.3,58.0,24.6
SLK63_2010_1729,0,588.63,295.84,2010,2860.0,2879.0,99.3,74.74,0,0,0.0,0.0,8.637,6.5,325.0,25.9,89.4,42.7,11.8
SLK64_2010_1733,0,598.43,183.44,2010,1043.0,1045.0,99.8,74.45,0,0,0.0,0.0,3.135,6.7,365.2,27.6,91.4,46.2,12.3
SLK65_2003_1488,0,536.77,377.06,2003,675.0,675.0,100.0,90.71,0,0,0.0,0.0,2.025,14.9,269.9,73.6,91.1,84.0,35.2
SLK65_2010_1732,0,597.23,197.85,2010,533.0,533.0,100.0,74.87,0,0,0.0,0.0,1.599,5.7,378.8,27.5,89.6,46.8,12.0
SLK65_2011_1822,0,575.0,264.44,2011,1421.0,1421.0,100.0,71.75,0,0,0.0,0.0,4.263,9.4,281.2,53.9,90.5,71.3,25.2
SLK66_1996_1275,0,557.08,-33.28,1996,369.0,369.0,100.0,66.59,0,0,0.0,0.0,1.107,10.6,142.4,57.3,92.1,58.3,24.5
SLK66_2003_1432,0,557.35,190.3,2003,2964.0,2967.0,99.9,88.08,0,0,0.0,0.0,8.901,12.2,290.3,71.3,90.0,83.3,30.5
SLK68_1994_490,0,475.07,313.46,1994,3470.0,3472.0,99.9,89.71,0,0,0.0,0.0,10.416,6.9,236.9,42.2,90.0,52.8,16.9
SLK68_2002_178,0,559.82,431.91,2002,734.0,741.0,99.1,91.4,0,0,0.0,0.0,2.223,5.7,249.5,49.7,88.2,64.8,15.9
SLK69_1995_1451,0,529.86,245.02,1995,12908.0,13365.0,96.6,74.62,0,0,0.0,0.0,40.095,9.1,191.7,53.2,91.0,58.2,21.9
SLK69_1996_352,0,551.94,216.81,1996,15931.0,16106.0,98.9,72.83,0,0,0.0,0.0,48.318,8.1,181.7,51.0,90.6,56.8,19.5
SLK6_2000_27,0,474.4,187.24,2000,340.0,340.0,100.0,67.41,0,0,0.0,0.0,1.02,5.6,117.5,26.0,84.3,30.3,10.7
SLK6_2001_37,0,578.14,404.19,2001,698.0,701.0,99.6,75.97,0,0,0.0,0.0,2.103,6.6,341.7,55.0,89.6,73.4,19.5
SLK6_2002_13,0,547.93,190.25,2002,2039.0,2072.0,98.4,72.64,0,0,0.0,0.0,6.216,6.8,240.7,46.2,89.1,57.6,16.5
SLK70_1995_237,0,577.32,252.7,1995,21606.0,21664.0,99.7,76.89,0,0,0.0,0.0,64.992,7.9,211.9,54.6,89.0,63.5,19.5
SLK70_1996_1083,0,535.18,250.03,1996,62710.0,65336.0,96.0,75.08,0,0,0.0,0.0,196.008,9.2,201.9,61.6,91.2,67.9,23.1
SLK70_2002_166,0,549.56,182.37,2002,1722.0,1722.0,100.0,66.62,0,0,0.0,0.0,5.166,5.7,244.4,38.2,87.4,45.0,12.5
SLK70_2003_1431,0,485.3,371.64,2003,17589.0,17620.0,99.8,98.6,0,0,0.0,0.0,52.86,7.5,301.6,59.4,87.8,80.4,23.4
SLK70_2011_1807,0,487.83,90.13,2011,527042.0,530575.0,99.3,86.31,0,0,0.0,0.0,1591.725,9.0,322.7,68.0,89.8,87.7,27.8
SLK71_1996_1142,0,487.74,143.4,1996,32841.0,33150.0,99.1,71.68,0,0,0.0,0.0,99.45,7.6,205.0,59.4,89.7,64.7,20.3
SLK71_2003_1538,0,507.55,358.54,2003,3239.0,3269.0,99.1,97.29,0,0,0.0,0.0,9.807,7.9,466.4,53.3,89.8,77.6,23.3
SLK71_2011_1745,0,589.47,249.5,2011,333.0,333.0,100.0,50.56,0,0,0.0,0.0,0.999,8.6,279.6,36.5,89.6,53.0,17.0
SLK71_2012_1914,0,495.46,453.08,2012,1069.0,1069.0,100.0,106.81,0,0,0.0,0.0,3.207,9.5,198.7,57.1,90.7,65.2,22.0
SLK72_1995_1077,0,544.69,331.31,1995,47734.0,47833.0,99.8,82.25,0,0,0.0,0.0,143.499,9.0,192.9,53.4,90.4,60.0,21.2
SLK72_2012_1766,0,546.22,342.23,2012,5845.0,6017.0,97.1,84.7,0,0,0.0,0.0,18.051,8.5,194.7,54.0,90.3,62.0,19.8
SLK73_1995_597,0,592.78,262.55,1995,9461.0,9492.0,99.7,67.82,0,0,0.0,0.0,28.476,7.8,211.4,53.7,91.1,63.2,20.6
SLK73_2012_1759,0,545.65,442.58,2012,6656.0,6677.0,99.7,89.37,0,0,0.0,0.0,20.031,9.8,208.0,57.2,91.9,69.5,23.1
SLK74_1995_1304,0,537.54,272.26,1995,7649.0,7721.0,99.1,83.87,0,0,0.0,0.0,23.163,5.8,211.1,53.5,86.5,63.2,16.3
SLK74_1996_261,0,521.68,185.11,1996,2673.0,2683.0,99.6,83.36,0,0,0.0,0.0,8.049,9.4,170.3,59.9,90.2,64.1,23.8
SLK74_1999_1167,0,556.47,399.01,1999,1010.0,1011.0,99.9,79.0,0,0,0.0,0.0,3.033,5.8,391.1,39.5,88.2,61.5,15.9
SLK74_2012_1851,0,571.05,188.17,2012,70312.0,72534.0,96.9,71.87,0,0,0.0,0.0,217.602,7.4,240.4,41.4,89.1,55.0,17.5
SLK75_1996_1326,0,499.15,179.56,1996,14450.0,14456.0,100.0,69.13,0,0,0.0,0.0,43.368,7.6,184.8,52.1,89.6,57.4,18.3
SLK75_2011_1699,0,520.43,130.67,2011,78272.0,78476.0,99.7,81.24,0,0,0.0,0.0,235.428,7.6,304.6,50.5,88.6,71.0,14.9
SLK76_1995_567,0,566.25,234.39,1995,22650.0,22707.0,99.7,75.04,0,0,0.0,0.0,68.121,6.5,239.4,48.6,89.0,62.5,18.4
SLK76_2011_1810,0,476.36,171.6,2011,7578.0,7589.0,99.9,85.18,0,0,0.0,0.0,22.767,7.6,320.1,57.2,89.1,79.8,18.1
SLK77_1995_1176,0,590.04,240.74,1995,924.0,1017.0,90.9,77.35,0,0,0.0,0.0,3.051,6.6,239.5,49.6,88.8,61.6,18.3
SLK78_1995_1370,0,540.71,550.46,1995,1328.0,1329.0,99.9,108.15,0,0,0.0,0.0,3.987,8.2,206.4,51.4,90.0,60.9,20.6
SLK79_2011_1697,0,508.71,116.52,2011,7162.0,7266.0,98.6,85.53,0,0,0.0,0.0,21.798,5.6,323.2,53.3,87.5,74.6,17.2
SLK79_2012_1927,0,570.57,406.35,2012,916.0,927.0,98.8,85.76,0,0,0.0,0.0,2.781,9.3,290.7,47.6,89.8,65.9,21.6
SLK7_2002_14,0,392.14,293.5,2002,1016.0,1016.0,100.0,109.53,0,0,0.0,0.0,3.048,6.3,231.6,35.9,87.1,46.8,13.6
SLK80_1999_1544,0,552.05,297.74,1999,12961.0,12962.0,100.0,65.68,0,0,0.0,0.0,38.886,4.2,552.0,36.7,86.4,62.4,12.7
SLK80_2003_1547,0,600.92,227.89,2003,4254.0,4254.0,100.0,73.38,0,0,0.0,0.0,12.762,7.0,341.3,36.8,88.0,54.8,17.3
SLK81_1995_1042,0,600.92,106.96,1995,391.0,436.0,89.7,51.81,0,0,0.0,0.0,1.308,6.5,241.8,56.4,87.6,65.9,15.7
SLK81_2012_1915,0,570.24,570.82,2012,624.0,635.0,98.3,101.5,0,0,0.0,0.0,1.905,7.2,190.6,30.6,89.1,40.1,14.2
SLK82_1999_992,0,526.62,216.93,1999,4853.0,4853.0,100.0,73.25,0,0,0.0,0.0,14.559,4.2,539.7,34.7,86.2,59.3,12.2
SLK82_2011_1824,0,483.52,166.53,2011,28336.0,28639.0,98.9,88.86,0,0,0.0,0.0,85.917,7.0,314.5,45.7,89.3,66.0,17.0
SLK82_2012_1857,0,574.27,276.55,2012,7350.0,7385.0,99.5,76.78,0,0,0.0,0.0,22.155,7.0,201.9,42.6,88.8,53.0,14.1
SLK84_1996_148,0,590.65,284.13,1996,3188.0,3198.0,99.7,66.65,0,0,0.0,0.0,9.594,8.0,193.1,57.4,89.5,63.3,21.2
SLK84_2011_1669,0,480.0,232.31,2011,21334.0,21379.0,99.8,87.5,0,0,0.0,0.0,64.137,13.4,328.4,64.9,90.7,85.1,33.9
SLK85_1996_338,0,562.97,280.2,1996,3891.0,3896.0,99.9,71.54,0,0,0.0,0.0,11.688,7.8,160.7,49.4,90.7,54.1,19.2
SLK85_2011_1781,0,450.9,251.64,2011,1273.0,1273.0,100.0,91.71,0,0,0.0,0.0,3.819,5.6,323.7,46.2,87.0,66.3,14.3
SLK85_2012_1760,0,490.33,316.5,2012,509.0,519.0,98.1,95.52,0,0,0.0,0.0,1.557,6.4,208.2,40.0,88.7,52.3,16.0
SLK86_1995_454,0,510.49,172.31,1995,19245.0,19249.0,100.0,81.87,0,0,0.0,0.0,57.747,6.5,215.5,57.5,89.1,65.2,17.2
SLK87_2011_1782,0,564.55,14.06,2011,3113.0,3125.0,99.6,63.77,0,0,0.0,0.0,9.375,6.3,328.7,46.0,87.5,68.3,18.7
SLK88_1996_656,0,488.81,270.17,1996,30078.0,30804.0,97.6,84.71,0,0,0.0,0.0,92.412,5.5,167.3,45.5,89.4,51.9,13.8
SLK88_2011_1786,0,550.25,249.55,2011,7551.0,7897.0,95.6,73.96,0,0,0.0,0.0,23.691,6.4,368.9,41.0,87.6,62.9,18.0
SLK8_2002_18,0,492.65,284.28,2002,4861.0,4861.0,100.0,86.03,0,0,0.0,0.0,14.583,6.3,229.4,35.6,86.8,44.7,12.5
SLK90_1995_344,0,563.55,560.35,1995,3707.0,3720.0,99.7,93.04,0,0,0.0,0.0,11.16,4.0,240.8,38.6,84.2,54.4,11.3
SLK91_1996_1162,0,517.08,296.91,1996,3053.0,3053.0,100.0,79.36,0,0,0.0,0.0,9.159,7.2,183.7,51.3,89.3,56.4,16.3
SLK91_2012_1846,0,587.76,227.71,2012,7161.0,7190.0,99.6,69.94,0,0,0.0,0.0,21.57,7.3,185.7,59.8,88.9,64.7,21.8
SLK93_2012_1928,0,546.11,547.34,2012,7713.0,7903.0,97.6,108.14,0,0,0.0,0.0,23.709,7.1,177.5,36.4,89.3,45.4,13.3
SLK94_2003_1494,0,597.69,284.77,2003,2935.0,2938.0,99.9,73.86,0,0,0.0,0.0,8.814,7.9,476.0,69.1,88.7,96.9,28.2
SLK95_1996_646,0,531.39,161.53,1996,1569.0,1570.0,99.9,68.92,0,0,0.0,0.0,4.71,5.8,194.7,57.8,87.6,63.8,16.4
SLK95_2011_1817,0,541.14,179.8,2011,1507.0,1520.0,99.1,79.0,0,0,0.0,0.0,4.56,8.6,321.5,61.9,88.4,85.5,19.9
SLK97_2006_1591,0,457.09,142.8,2006,293.0,301.0,97.3,106.31,0,0,0.0,0.0,0.903,9.5,418.5,60.7,90.7,88.7,25.9
SLK97_2012_1910,0,548.23,145.24,2012,4644.0,4653.0,99.8,87.95,0,0,0.0,0.0,13.959,6.4,206.7,51.8,88.0,61.2,17.0
THU102_1996_1138,0,507.2,202.27,1996,992.0,992.0,100.0,73.38,0,0,0.0,0.0,2.976,6.3,246.1,59.1,89.9,66.1,17.3
THU105_1996_736,0,514.42,385.81,1996,2525.0,2527.0,99.9,75.23,0,0,0.0,0.0,7.581,4.0,215.2,58.0,88.1,65.9,11.9
THU21_2009_1719,0,490.34,11.61,2009,81.0,89.0,91.0,105.78,0,0,0.0,0.0,0.267,8.8,110.5,30.7,92.3,37.2,16.1
THU22_2011_1831,0,304.99,129.92,2011,3063.0,3136.0,97.7,159.51,0,0,0.0,0.0,9.408,11.5,76.3,38.8,93.4,38.9,20.9
THU23_1992_254,0,548.13,298.64,1992,16059.0,16079.0,99.9,64.41,0,0,0.0,0.0,48.237,7.6,118.2,48.8,89.8,49.7,15.1
THU24_1992_633,0,567.85,317.58,1992,32951.0,33302.0,98.9,65.99,0,0,0.0,0.0,99.906,6.4,139.2,53.4,89.6,54.6,15.3
THU30_2005_1525,0,502.86,108.42,2005,1783.0,1857.0,96.0,62.62,0,0,0.0,0.0,5.571,9.1,251.1,39.3,90.9,53.2,19.3
THU33_2011_1829,0,375.01,209.31,2011,419.0,475.0,88.2,130.84,0,0,0.0,0.0,1.425,13.5,148.6,48.5,92.6,54.5,22.1
THU35_1996_1371,0,565.87,147.36,1996,6957.0,6957.0,100.0,59.19,0,0,0.0,0.0,20.871,6.9,199.4,57.5,89.2,63.1,17.8
THU35_2012_1858,0,562.87,177.84,2012,2325.0,2403.0,96.8,95.07,0,0,0.0,0.0,7.209,6.3,150.2,33.8,89.4,40.7,12.7
THU36_1996_1313,0,600.14,162.23,1996,16185.0,16236.0,99.7,60.43,0,0,0.0,0.0,48.708,6.3,192.0,57.1,90.6,63.0,15.3
THU38_2008_1668,0,453.26,104.14,2008,4956.0,4956.0,100.0,105.22,0,0,0.0,0.0,14.868,4.9,224.7,36.0,86.4,50.9,12.9
THU39_1996_866,0,599.48,271.25,1996,2337.0,2376.0,98.4,53.86,0,0,0.0,0.0,7.128,6.6,190.9,57.5,88.9,63.1,15.9
THU40_1996_234,0,554.72,427.83,1996,5409.0,5409.0,100.0,66.49,0,0,0.0,0.0,16.227,6.4,187.7,54.5,88.5,61.5,15.1
THU42_1995_501,0,545.76,156.63,1995,16431.0,16586.0,99.1,66.22,0,0,0.0,0.0,49.758,6.3,269.9,58.4,88.3,65.7,17.2
THU42_1996_282,0,523.82,176.49,1996,5494.0,5521.0,99.5,64.1,0,0,0.0,0.0,16.563,7.6,203.2,58.7,89.7,63.9,20.1
THU45_1995_692,0,558.64,241.77,1995,7560.0,7602.0,99.4,57.67,0,0,0.0,0.0,22.806,4.0,269.6,58.5,87.6,66.8,13.1
THU49_1996_1128,0,508.68,158.28,1996,31161.0,31281.0,99.6,79.63,0,0,0.0,0.0,93.843,7.6,198.5,57.6,89.7,62.8,19.7
THU50_2011_1826,0,375.95,148.01,2011,54771.0,55958.0,97.9,121.05,0,0,0.0,0.0,167.874,6.7,312.3,32.6,88.9,52.4,14.2
THU51_2011_1828,0,471.24,228.45,2011,5929.0,5994.0,98.9,106.97,0,0,0.0,0.0,17.982,5.6,363.1,39.8,89.3,60.5,13.7
THU52_1996_1307,0,530.73,165.74,1996,11189.0,11192.0,100.0,55.67,0,0,0.0,0.0,33.576,6.1,245.8,58.1,89.3,64.8,16.7
THU54_1995_1157,0,551.23,372.89,1995,1508.0,1530.0,98.6,71.92,0,0,0.0,0.0,4.59,4.1,222.1,58.2,85.6,67.3,13.7
THU57_2011_1746,0,413.44,124.99,2011,25681.0,27685.0,92.8,139.07,0,0,0.0,0.0,83.055,6.8,337.1,29.0,89.2,49.5,13.8
THU58_2011_1825,0,485.3,262.16,2011,1917.0,1920.0,99.8,85.63,0,0,0.0,0.0,5.76,6.4,324.4,33.8,89.4,53.0,14.8
THU59_1995_972,0,135.59,150.48,1995,930.0,930.0,100.0,375.46,0,0,0.0,0.0,2.79,3.6,267.6,59.7,85.9,70.1,11.3
THU65_1996_453,0,518.72,146.72,1996,54552.0,57043.0,95.6,74.31,0,0,0.0,0.0,171.129,6.5,187.9,56.0,88.7,61.7,15.4
THU65_2005_1527,0,410.67,118.2,2005,11026.0,11034.0,99.9,75.84,0,0,0.0,0.0,33.102,5.1,268.0,34.6,88.0,49.0,13.4
THU65_2012_1859,0,519.87,274.21,2012,8517.0,8734.0,97.5,90.96,0,0,0.0,0.0,26.202,6.9,346.0,40.8,89.0,60.9,17.1
THU66_2003_1537,0,502.02,119.53,2003,664.0,673.0,98.7,75.13,0,0,0.0,0.0,2.019,5.8,240.4,48.2,88.8,61.1,15.2
THU79_1995_1183,0,568.15,72.84,1995,1446.0,1446.0,100.0,49.9,0,0,0.0,0.0,4.338,3.9,249.3,63.7,86.2,72.0,13.9
THU80_2011_1830,0,480.2,144.55,2011,16219.0,16228.0,99.9,102.89,0,0,0.0,0.0,48.684,6.8,325.9,25.6,88.8,41.7,13.9
THU83_1996_292,0,565.52,124.16,1996,2269.0,2289.0,99.1,70.5,0,0,0.0,0.0,6.867,6.3,184.4,56.2,87.6,61.4,14.6
THU86_1996_1314,0,574.79,205.6,1996,7750.0,7758.0,99.9,61.19,0,0,0.0,0.0,23.274,6.3,185.4,55.8,88.8,61.1,14.7
THU89_1996_447,0,546.33,232.45,1996,3872.0,4030.0,96.1,71.42,0,0,0.0,0.0,12.09,5.1,197.9,57.3,89.1,62.6,14.5
THU95_1996_962,0,591.98,272.16,1996,12921.0,12960.0,99.7,54.52,0,0,0.0,0.0,38.88,4.3,247.4,58.3,87.5,65.4,12.2
