Fire_ID,x,y
NIP53_2001_1,-87.21309468889092,52.84704780160761
NIP39_2001_2,-88.44427809090047,52.80534208513021
NIP52_2001_3,-87.50774803039137,52.53058311308745
NIP40_2001_4,-87.41880560503918,52.301075458029196
NIP35_2001_5,-87.81833094934629,51.56062192763601
RED1_2001_6,-93.83045044098543,51.19850781419419
NIP24_2001_7,-86.99124534042633,50.91328496732041
FOR2_2001_8,-94.51095262109816,48.77065175409466
FOR1_2001_9,-91.5083587324088,48.1336034268292
KLK2_2001_10,-80.1510296870607,47.867346930083286
PEM3_2001_11,-77.34104295564948,45.91985499652564
SLK5_2002_12,-89.79030161730623,54.39311918585394
SLK6_2002_13,-91.4544857040234,54.3543304290655
SLK7_2002_14,-90.18209413301716,54.32830044888308
RED1_2002_15,-92.57620687819785,54.25494629729322
SLK1_2002_16,-91.33846950494411,54.21532282801357
SLK4_2002_17,-89.4778265624414,54.16032500349414
SLK8_2002_18,-89.89665438062644,54.146985138829585
SLK25_2002_19,-91.52326096250609,53.99321727036496
SLK13_2000_20,-91.5385482953034,53.55256460863826
NIP26_2000_21,-87.58502387346886,53.42431751793547
NIP19_2000_22,-86.05226842075126,53.24489454555268
NIP24_2000_23,-88.59845519965218,52.89486692940551
SLK18_2000_24,-90.1875359965288,52.8287024578356
RED12_2000_25,-93.99837250466706,52.29190122319099
NIP25_2000_26,-86.72500228013755,52.58444409396892
SLK6_2000_27,-89.25446326010818,52.48583239987336
SLK16_2000_28,-89.81774378880607,52.41165225368661
NIP44_2000_29,-88.00275101587584,50.83662020823425
DRY14_2000_30,-93.66379943999497,49.828211334807825
HEA21_2000_31,-85.06681576865299,49.98008913354754
NIP42_2000_32,-87.32506094561272,49.40076751518723
FOR5_2000_33,-94.58657263916194,48.819763514212696
FOR1_2000_34,-91.260568883976,48.10214019436687
PEM2_2000_35,-77.33950945983852,45.90113765703172
KEM1_2000_36,-76.61977218672259,45.085492068957734
SLK6_2001_37,-91.25430103991165,54.30459090231709
SLK5_2001_38,-91.33678755569615,54.2061029176897
SLK3_2001_39,-91.35503586013589,53.99956170092762
NIP54_2001_40,-87.87330770352486,53.52220130002981
NIP73_2001_41,-87.92125181041501,53.390718982253574
RED60_2001_42,-92.92383886955339,53.27064957216527
SLK24_2001_43,-89.56805801304243,52.64375265993271
SLK45_2001_44,-91.97562955815538,52.60640507433637
RED62_2001_45,-94.92092783289763,52.34567128706958
NIP22_2001_46,-86.88110788178992,51.20790835993751
NIP26_2001_47,-87.32463517401453,51.14633772385633
COC15_2001_48,-81.14573182742086,50.13274233118343
NIP77_2001_49,-87.17570657219721,50.063295266241454
PET1_2001_50,-76.88047081788422,44.81489371683913
SLK2_2002_51,-91.35150362055555,54.19989786626572
SLK3_2002_52,-91.39106856379769,54.19373286064285
COC12_2002_53,-88.85277022297217,54.00486598332195
SLK11_2002_54,-89.8305563900593,53.852252478479556
SLK12_2002_55,-90.32587343258751,53.79841319255497
SLK36_2002_56,-89.03806871088663,53.79998491891453
RED14_2000_57,-94.38262111389946,52.28421800095317
HEA11_2000_58,-83.93137392291533,49.23396830380521
FOR1_2000_59,-94.23604730339815,48.834583231135035
CHA19_2000_60,-82.91010097749998,47.99694974806411
SAU8_2000_61,-83.9987185012781,46.42944501463007
KEM2_2000_62,-76.51454623927918,45.19045673239484
SLK1_2001_63,-91.91762924104164,54.27564326152144
SLK4_2001_64,-91.4916855542895,54.163199363465395
RED61_2001_65,-92.6966010351983,53.6812765447999
NIP55_2001_66,-88.0050803368524,53.436601904517566
SLK44_2001_67,-90.86571003868825,53.86052458183464
NIP72_2001_68,-88.31445993879163,53.792479848871636
SLK47_2001_69,-91.09535048767972,53.69138179729314
NIP74_2001_70,-88.0013567719835,53.43012213947208
SLK50_2001_71,-92.26689327897881,52.940734039180725
RED48_2001_72,-95.0770575140006,52.712299023795396
SLK47_2002_73,-91.75518418689097,50.9295467581083
COC19_2002_74,-80.36617448159538,50.70802471930082
DRY10_2002_75,-92.9818824698092,49.999657209023425
NIP75_2002_76,-86.93661682194744,49.0551819554882
NIP16_2002_77,-88.52102321797081,48.49448727690249
COC3_1988_79,-80.25907805812142,49.651226009975744
SIO178_1989_81,-91.94851843678727,53.44410366430191
NIP138_1998_82,-88.61582027399405,52.87019158456123
TER7_1986_83,-87.07397374175122,48.78204884400405
SLK140_1998_86,-91.5400997418466,53.9619354406989
NIP83_2002_88,-87.08660948647453,53.64804361097089
SLK31_2002_89,-90.00203730498195,53.50295786770659
RED39_2002_90,-93.78257380208854,53.45708213725683
RED40_2002_91,-92.70637231902643,53.38687771929757
RED47_2002_92,-93.92548718681539,51.40938923601844
RED62_2002_93,-93.05622374691772,51.4045390139897
NIP51_2002_94,-86.4311512657213,51.18821412266664
RED55_2002_95,-94.90590556705365,51.266657498158054
NIP81_2002_96,-88.27152728499885,51.118734709230225
NIP38_2002_97,-86.1363500812794,50.8482393416489
RED32_2002_98,-94.09303503650372,50.815513256671366
NIP2_2002_99,-87.17377419563421,50.15293915595435
COC9_2002_100,-81.32620459609696,50.1362867108635
NIP1_2002_101,-87.17449909328552,50.05793757593298
THU16_2002_102,-89.39044404852754,49.60743276000268
NIP85_2002_103,-88.16204997848675,48.66715098380019
PEM9_2002_104,-77.49402114666978,45.90174398980484
BAN1_2002_105,-77.83228530504736,45.54348563424196
SIO179_1989_108,-90.91896968000682,53.50719296659584
GER93_1989_110,-88.45605717089936,52.542867702247314
SIO22_1989_111,-89.74774276597789,53.97819826239078
NIP81_1996_114,-88.3114680758169,52.59742325101292
SIO135_1989_115,-90.41738488416678,53.34570690533984
RED41_1994_116,-94.65714193342825,51.409755035719456
SIO196_1988_118,-90.42484977638857,52.46254199420738
RED7_1986_119,-94.30381257707386,51.150546866981344
GER31_1987_120,-87.61579034263303,51.1300797580718
TIM24_1997_121,-82.00087028071799,48.258706821121
SLK120_1994_122,-91.61071340546036,53.9060475847577
NIP240_1998_123,-88.4011772639344,50.02036534472518
SLK75_1998_124,-89.11299948926373,53.79305315966499
COC14_1992_125,-81.3161844364557,50.488702821545196
NIP146_1998_126,-88.39730080273569,52.235270423337
THU58_1996_127,-90.22697668753862,49.91834438689295
SIO100_1988_128,-92.35908822313,52.80626814451238
SIO19_1989_130,-89.81752235818036,52.244917767036746
GER20_1987_131,-86.86871285060123,52.643702013152584
SLK58_1994_132,-91.28379337274009,53.28878968256787
CHA9_1987_133,-82.15477274559281,48.107405838192065
FOR11_1996_134,-91.96035176997685,48.90188624312944
GER85_1990_135,-86.55227592959923,52.173583329478745
THU21_1998_137,-89.16950985907975,49.61943563500676
GER27_1989_138,-88.2078179342932,51.18579661173141
RED82_1995_139,-94.50060704621642,52.74170688868474
NIP75_1995_140,-88.86730693488425,51.02340027313818
RED35_1988_144,-92.62528990255589,52.36182680029377
NIP18_1995_145,-88.01545420504233,52.76359398876539
THU84_1996_147,-90.12744343432684,49.56195707076582
SLK84_1996_148,-90.15105658076205,50.90643569384596
SIO49_1987_149,-89.9875922140197,53.91786764890403
GER39_1990_151,-88.48256632655193,52.57479886536314
COC57_1998_153,-80.83551399504987,50.06296437820817
SLK55_1996_156,-91.55515520564236,53.01433710074698
COC25_1996_158,-80.70090215699273,50.62245608062316
KEN100_1995_159,-94.67131393766381,50.14665041484184
SLK18_1995_162,-89.56940260599713,52.75064925994452
RED57_2002_163,-94.10436406815553,53.4037743629655
NIP55_2002_164,-87.286072291656,53.38075102205932
RED65_2002_165,-93.21770304475872,53.33950818400296
SLK70_2002_166,-90.24628983225134,53.149822513013426
RED56_2002_167,-94.01023292045585,53.08003794709152
RED23_2002_168,-93.49095306602665,52.78949017167869
RED41_2002_169,-93.37219425433076,52.721054767399195
RED21_2002_170,-93.26874941038041,52.651420731864306
RED63_2002_171,-93.58600109419356,52.38245142164894
SLK19_2002_172,-90.64215829149467,52.20174873726619
NIP54_2002_173,-87.84758711594851,52.12922290681738
NIP56_2002_174,-86.65249390761959,52.1058486680691
RED60_2002_175,-93.150854877794,51.80270108596192
NIP101_2002_176,-88.6590304602577,53.95319959879616
SLK21_2002_177,-90.35319231652461,53.915557419350364
SLK68_2002_178,-91.83137255377278,53.89786458463102
SLK54_2002_179,-91.57018275228772,53.81264962989332
NIP48_2002_180,-88.94604397033099,53.8138178015138
RED66_2002_181,-92.87992094123274,53.7659888763025
NIP47_2002_182,-88.99199822642187,53.751923635795364
SLK32_2002_183,-91.7657109865684,53.64166243044361
SLK30_2002_184,-90.9134711677704,53.598172088471024
RED5_2002_185,-92.68871061102695,53.48544662376013
RED38_2002_186,-94.0578155950219,53.414513211661955
RED37_2002_187,-94.05851128638655,53.40481114161179
NIP32_2002_188,-87.83647157451576,53.362436124801555
NIP79_2002_189,-86.20558766067937,53.1993939063116
RED34_2002_190,-93.94124597267233,53.048005921083096
RED27_2002_191,-93.5616744119236,52.88069436277572
RED59_2002_192,-92.47113461900094,52.041785629962305
SLK17_2002_193,-90.14083971235053,51.482334626693635
GER14_1992_194,-88.37192406093607,52.54181217605356
SIO86_1989_197,-90.55179751414984,53.97487333420543
RED19_1996_198,-93.6579515364174,53.33685909428788
RED30_1989_199,-94.45048648547954,52.60680608496297
RED112_1989_201,-94.23792773327635,53.18061961509968
GER52_1989_202,-87.12395362971647,51.8624745936415
SIO71_1989_205,-90.46932010944583,53.85919738238808
SLK106_1998_207,-89.93768922647358,53.567351374949794
IGN41_1989_211,-92.08312220536584,49.724227368732365
RED19_1999_219,-92.57882403553144,50.80315158045976
TER6_1988_220,-85.69913497441766,48.903301536041376
HEA48_1995_222,-83.77951381732194,48.84664567918316
SIO16_1989_224,-89.81217920902864,52.478237061827606
ESP16_1988_225,-82.3079211134665,46.909329258781426
NIP60_1996_227,-86.68540226943469,50.635507698253626
GER94_1989_228,-88.43579504432975,52.52221306670548
GER44_1990_229,-87.63291894192923,53.161439330154984
NIP109_1996_231,-88.79687415018783,53.97511348503878
KEN121_1995_233,-94.28633865970531,50.30205148003153
THU40_1996_234,-88.92194580792143,50.81416867065105
NIP39_1996_236,-86.943397355163,49.33800858968848
SLK70_1995_237,-90.81103849354801,51.46199883575564
GER26_1991_240,-87.63542341575526,53.6099864343637
SIO28_1991_242,-90.53683577772203,53.07010504140736
RED75_1996_243,-93.32059173777002,53.711164785212006
SIO67_1989_244,-90.29588325507342,53.944066155359096
GER30_1990_245,-87.70875139101722,52.40823777685157
SIO97_1989_248,-90.79243662294311,52.03303623012043
CHA29_1995_249,-83.56171864606296,48.30495071404339
RED31_1990_251,-92.50153600775167,52.085945221007314
GER96_1989_253,-88.88964122793628,52.95447267188714
THU23_1992_254,-89.25214091338513,50.71591724354925
SIO49_1990_255,-92.21607051849749,52.75132246245023
NIP125_1998_256,-88.9889270046174,53.668104655150636
FOR6_1998_258,-94.5328308724411,48.76030314277466
SLK74_1996_261,-90.55548625969176,50.96966070093122
NIP64_1995_262,-88.38510115451614,51.07378578446382
RED22_1991_263,-93.51229531583958,53.07313566339393
SIO45_1993_265,-91.84861809742053,52.57071404178542
SIO164_1989_269,-92.4175099899245,52.01536529283064
HEA27_1996_270,-84.95513066538497,49.98673716748055
GER32_1989_272,-88.35426132261941,51.09376611229329
GER63_1989_273,-86.67080221584256,52.27905533345406
NIP165_1998_274,-88.87580891871612,52.37522179119454
DRY29_1995_275,-91.84869285124681,49.761812304117846
RED230_1988_277,-94.44085365022053,50.73543483475421
FOR78_1987_279,-94.60342287627395,48.818146594338444
THU42_1996_282,-89.83092593219365,50.47132870985656
NIP103_1998_283,-86.98829528869602,49.117818622444894
SIO10_1989_285,-91.30301322394415,54.34414392776588
SLK127_1998_287,-90.36638098822273,52.526971588529875
GER98_1991_288,-86.5079835282597,52.06755512314528
THU83_1996_292,-88.23136717855978,50.77360476126187
GER136_1989_295,-86.83671150416714,53.0012942587203
THU124_1998_298,-88.91126124024213,49.63027017845925
SLK161_1998_299,-89.80924981110108,51.85100877992974
SIO109_1988_304,-91.82699775911148,52.72968531128405
SLK61_1995_306,-90.88918214176172,53.772111294660924
SLK65_1995_307,-92.19384623437314,50.59019544545946
THU14_1995_308,-90.24896829958088,49.442667346084924
RED22_1993_309,-93.97667103238165,52.201214653678214
NIP80_1996_310,-89.07950182410168,49.16208955735155
THU76_1996_311,-90.27800280970025,49.70079214531969
GER50_1989_314,-87.29682711135159,51.844053188086555
FOR13_1987_316,-94.36719057492807,48.76130005447087
FOR10_1991_317,-93.4165844216394,48.627341251453146
NIP61_1996_318,-87.29048597796954,49.82133548467259
RED117_1989_320,-93.31821458339772,53.59574092435171
GER37_1990_321,-87.4405742150591,52.63474455989868
COC28_1996_322,-79.84020890590871,50.611620217960684
SLK47_1995_323,-91.22524174871822,53.0162636126819
RED99_1988_326,-94.67748974963123,52.61874520457515
SLK124_1998_327,-89.2964849595744,53.11235243143858
FOR61_1995_328,-91.1583640277241,49.0901452320248
SAU4_1999_329,-83.66125623671127,46.36708109114761
SLK110_1998_331,-89.06388265266952,52.00071615840252
DRY26_1996_332,-90.25142497576415,50.20834455714353
SLK108_1994_333,-89.35063520455887,52.25955947255099
SAU4_1998_335,-84.10278339624186,46.41216713679207
SLK63_1998_337,-91.51232492772154,53.881098642352924
SLK85_1996_338,-89.3621216886263,51.996774553033895
SIO22_1990_339,-91.509540489962,53.84843728198101
GER14_1986_340,-88.30337812316019,52.65264047987672
RED19_1988_341,-94.87017149235494,52.46651758109616
NIP61_1994_342,-86.1672777463782,51.40472448789395
SIO71_1988_343,-89.47831253067189,51.480274070281425
SLK90_1995_344,-92.26975688387944,53.14355372972708
NIP44_1994_346,-88.59124788734843,52.89102834490221
THU80_1996_348,-89.44866739559814,48.911746244460964
RED62_1995_351,-94.63052399603099,51.58484674879263
SLK69_1996_352,-90.10762059587137,51.76087985143427
NIP30_1999_353,-88.42945529209905,51.71457318195263
SLK52_1995_354,-89.80640593136586,53.22303530855847
NIP50_1996_355,-86.98997565174054,51.3758661013201
RED72_1989_356,-93.76322542603128,53.05917885612814
NIP18_1999_357,-88.9719624697306,51.92925902538927
SLK47_1996_358,-90.13888962476412,52.41863573265704
NIP62_1999_361,-87.83575512691128,53.70365091573174
SLK122_1998_362,-89.6429618398103,53.200703147005854
RED46_1990_364,-95.13859093401791,52.67370002709574
NIP49_1996_366,-87.27804131898219,49.365085350016905
RED5_1986_368,-93.32653948895566,53.22751467706249
SLK36_1999_369,-90.55914153542552,52.37115151892094
SIO139_1988_371,-91.45331867666685,53.75550351522529
COC37_1995_372,-81.76510965979868,49.39804287230598
NOR3_1998_373,-78.79367642362547,46.27606231725655
SLK121_1998_375,-91.77268732824223,53.910294014516104
GER28_1990_376,-87.84560372534834,52.68916181140072
GER75_1990_379,-88.84365898982557,52.24398371593106
RED71_1998_380,-93.6926654620847,52.470749692513316
RED62_1999_382,-95.07679965206606,52.51635028732243
NIP15_1989_384,-89.8661763783516,50.51530345505505
GER29_1986_385,-88.37749727751442,51.9961519897397
GER72_1989_386,-88.13415734862913,53.26898532032653
SLK39_1995_389,-90.95727178501011,52.981839955904874
TIM5_1988_390,-81.26955025578638,48.023791648248334
RED8_1987_393,-94.86459289087244,51.56313368194254
SLK58_1995_394,-91.12185123087802,53.328789237166085
GER45_1991_396,-86.90793940981278,51.309284790132146
SIO23_1992_401,-89.20296227475508,52.65751232445835
SLK137_1998_402,-90.59585376070396,52.03801036985293
SLK55_1995_404,-90.57780246271923,53.467765305269864
RED29_1993_406,-92.70102631324977,51.95833676723561
GER45_1990_410,-87.74135438262775,52.78411270367447
NIP29_1997_412,-88.46541015435974,49.64596839373617
THU136_1995_414,-90.7878626803785,48.214188827228014
RED390_1988_415,-95.01742992121977,50.90663752946283
RED46_1987_416,-93.69927251819688,52.799138895545326
GER46_1989_417,-87.18606755857066,52.10148159012569
HEA16_1992_418,-82.07264735232727,49.92846939771047
NIP43_1999_421,-88.23573939718993,53.75316415323713
SLK14_1995_425,-89.69456178250705,52.86380433855161
SLK63_1996_428,-90.7225058664744,50.92294695483567
RED20_1996_431,-93.83443344560311,52.272963307835205
FOR38_1995_439,-91.16871856021439,48.98263381682171
RED74_1989_442,-94.50044123300125,52.8881149826236
THU89_1996_447,-89.8640573164586,50.66552174572292
KEN14_1988_448,-94.96436368916817,49.89570377726667
GER70_1991_449,-88.3644378961418,51.88691225780503
SLK128_1998_450,-91.38465632289436,53.81978529221112
THU65_1996_453,-88.78711108447527,50.66823669407503
SLK86_1995_454,-89.15772051485742,51.132842147369345
GER80_1989_455,-88.0821413031409,53.69192801865352
NIP58_1996_457,-87.32193738741596,51.0743613643803
NIP19_1996_458,-87.5913006766478,53.239363791386644
RED70_1989_459,-93.88695585665052,52.13086906703185
RED36_1991_460,-94.12732865486949,52.818936535512
THU71_1996_461,-90.08586881033193,49.12348248381588
NIP82_1995_463,-88.92194709514236,53.03709250352027
RED213_1988_465,-94.66185920010217,50.890172846141155
SIO70_1990_466,-90.90913748940814,52.29312731297418
FOR9_1996_467,-91.70144925141716,48.47063160122798
GOG1_1987_468,-81.95530619755306,48.030155220765174
FOR1_1993_470,-94.58985508513527,48.83508634311915
NIP22_1996_474,-88.48577223510172,51.78551602433844
COC34_1997_475,-79.52681168393383,49.15323631170634
SLK78_1998_477,-89.6783401700326,52.72771408589673
THU67_1998_478,-89.56184018706874,50.744071058926735
HEA6_1987_479,-83.86704647119323,49.48344282866121
SIO120_1989_482,-90.29542689478471,52.581528130179166
RED29_1995_484,-92.90438660934812,52.14914008142368
COC12_1992_485,-81.81117508820971,49.69005684174553
TIM2_1997_488,-81.4316871388829,48.4270277322513
GER129_1989_489,-86.42536846901709,52.87760791985077
SLK68_1994_490,-92.4659455563052,53.28977146019357
RED41_1989_491,-92.85656397337814,53.571256886772986
IGN9_1987_492,-90.48211103355045,49.94829227936257
RED320_1988_494,-94.16955653290157,51.991677752223936
COC24_1995_496,-80.91614306280049,49.8172159941799
RED88_1995_497,-93.93464513942824,52.76916146775161
RED52_1989_499,-92.84364361150539,52.5737385056459
SIO44_1993_500,-91.95007013746233,52.562290802682
THU42_1995_501,-89.82018399312935,50.83935845015631
NIP12_1999_502,-88.0690481158716,49.60556361145696
SIO153_1989_503,-90.66136035278859,53.046621993701784
SLK62_1995_504,-90.79751126653885,53.45769010895227
SLK46_1996_506,-89.95925744834513,52.33864930709447
SIO106_1989_507,-92.21870270269714,52.422258671897474
NIP99_1999_508,-87.37328275297448,52.068854277249635
RED54_1989_509,-93.5099962658163,52.10577765391785
SIO39_1993_510,-91.92504711690584,52.74253209203177
GER30_1989_511,-88.28026672900654,51.42827235929493
HEA21_1991_512,-84.55533603473272,49.22396110245407
GER46_1990_513,-87.94589605848277,53.97127453609294
THU13_1999_514,-89.93292616431896,49.38773452842185
SIO4_1989_515,-89.83648697493149,51.93544792288641
RED280_1988_517,-94.90171206624767,50.83451784209511
SIO8_1989_518,-90.91139659538148,54.172077394960404
COC19_1997_521,-80.46494026371944,48.88808435758757
RED129_1995_524,-93.32392652080718,53.774726227398226
NIP123_1998_528,-88.54297031469834,53.74010714258889
CHA12_1991_532,-83.57992073304092,47.737932799160646
SIO24_1992_533,-89.10901918815532,53.05529142899461
RED20_1995_536,-93.6344956692373,51.950282273545206
SLK49_1994_538,-92.18967708461182,53.630796640161684
SLK70_1998_539,-90.74356532151167,53.178896123975996
NIP127_1998_540,-88.08179601777337,53.5104568432109
FOR79_1987_542,-94.61577749442476,48.79518953378656
NIP22_1995_543,-88.55958850091133,53.28071363020829
COC53_1996_544,-79.92737851661795,50.65013838169742
RED38_1998_545,-93.73516246239569,53.603757528127865
COC38_1998_546,-80.36899360891297,50.30470946109011
RED324_1988_547,-94.2788280496447,52.326830484927385
RED31_1993_549,-92.86839012876375,52.3297960278549
RED238_1988_550,-95.10297570672824,50.83359941373949
SIO94_1991_551,-90.68477042769106,52.646533307889236
THU41_1996_553,-90.04954527614909,49.25395269995755
SLK73_1999_556,-90.2742021604509,53.10852018579627
RED18_1996_559,-93.55757916232488,53.164493481117105
TIM5_1996_563,-81.1653325488212,47.58519868473761
SIO143_1989_564,-90.94628887899977,52.995525462987366
NIP37_1996_565,-88.69737233484449,51.40438604790407
SLK76_1995_567,-91.96227661329543,53.66086594336746
SIO64_1987_568,-92.29429837216472,54.03027630933593
PAR13_1999_571,-79.55576803756567,45.28042316307138
SLK20_1999_573,-90.30015055022912,51.03593777950337
GER19_1993_575,-88.09321213360693,53.50047602798445
GER13_1986_576,-88.26080516006644,51.43010379448478
RED68_1989_585,-93.15570535433912,53.759420648917676
GER25_1992_587,-88.94536285021174,52.54614930195168
SIO48_1993_588,-91.76807202062749,52.63879821308443
RED74_1995_590,-94.62961080061861,52.99416637078528
SIO33_1989_592,-90.48020605775069,51.9054861431257
THU53_1996_593,-90.60053891367622,49.20573202935748
RED233_1988_594,-94.94402920380195,50.99146531374049
SIO80_1991_595,-89.43135119052603,52.00434228320919
SIO31_1993_596,-89.7818885054481,53.82474856247734
SLK73_1995_597,-91.96619495214604,53.2868907620115
COC18_1992_598,-80.11372745789312,50.03806945497995
SLK40_1999_601,-89.22373229455876,52.23985309183044
NIP121_1998_602,-88.41334643745738,53.7218601002698
SLK102_1998_603,-90.9488972419833,53.58625150154934
RED7_1994_604,-93.1913638481438,52.892917871543084
SIO26_1992_606,-90.83020333086026,52.371124223190066
GER11_1991_607,-88.85853089052944,52.63619171078523
GER61_1989_608,-86.65201586428363,52.10973404117412
NIP241_1998_609,-87.04625910561452,49.011493113322544
RED338_1988_610,-95.13961441709772,52.760463921261106
SLK17_1994_617,-90.27623614144586,51.50452389647406
SIO54_1991_618,-89.33900981678298,53.92165028961008
SIO87_1989_619,-90.7551435327787,53.04486794934304
NIP51_1996_620,-87.22997406192947,50.66349026032949
SLK103_1994_623,-90.89681110679746,52.13251138700935
NIP163_1998_625,-88.5639720872702,52.31155020937736
NIP62_1996_627,-87.77498161270887,50.802070661419734
COC38_1995_629,-81.56343883512994,50.11822862888019
RED28_1989_630,-94.59547223527666,52.31739835182632
GER57_1990_631,-87.06130105021037,53.09531125003197
RED21_1990_632,-94.20419846325926,51.95312701857513
THU24_1992_633,-89.25948432040104,50.65640880475682
RED28_1987_634,-93.42132454249138,52.050696576039954
SIO114_1989_636,-89.16920516950158,53.30683600181796
SLK51_1995_638,-90.94047064634618,53.875827910908775
FOR33_1987_639,-92.58523923836778,49.38244677211644
TIM41_1998_641,-81.65712767132764,48.26581178092321
RED352_1988_642,-93.19592055697682,53.97057656302085
GER19_1989_643,-87.89104207255807,52.182760999850956
RED13_1990_645,-94.34789129031874,52.280367125161426
SLK95_1996_646,-90.08864419539131,50.73646431529209
WAW31_1995_650,-85.90608709651787,48.85558321397842
THU71_1987_651,-90.65918902446587,48.909240610994544
RED17_1996_652,-93.92703072406802,52.10179586556799
NIP122_1998_654,-88.43593995538345,53.70681850266902
SLK88_1996_656,-89.92811447455013,52.88478384382594
SIO18_1993_657,-89.08044420750961,53.396184329142734
SIO96_1991_659,-90.72622637272006,51.92606675064382
THU73_1996_661,-90.45950438954198,49.59880834004325
NIP52_1999_664,-85.99520167162206,50.84086885669339
NIP120_1998_665,-88.57010182866638,53.51152056518042
SLK129_1998_666,-89.48133777724676,53.07909276006226
RED93_1995_667,-94.44217028859376,52.698008883837694
SIO91_1989_668,-91.67762214359014,53.272252521393604
RED46_1989_672,-93.96463120062397,53.19409443776814
THU38_1996_675,-89.04447524368253,49.4261198617908
SUD164_1991_676,-81.41021453752805,46.96516896528057
RED58_1999_677,-92.28299763512217,51.28577631976813
GER48_1990_680,-86.00154682374598,50.82690927009767
RED2_1989_681,-92.60027639904989,54.474106001339266
SLK74_1998_682,-89.16742905322988,53.48229405032892
WAW22_1998_683,-86.42347397738105,49.37392714315316
THU71_1998_684,-89.89707412156027,50.13834249560221
GER76_1989_685,-88.85256129884628,52.15452293779852
SLK144_1998_687,-89.34066317887213,52.58498092552286
NIP61_1999_689,-87.2114939174471,53.15974784450525
THU45_1995_692,-89.73861680990065,50.74328554595739
SIO30_1991_693,-89.57446005238273,53.08543411290069
SLK52_1996_694,-90.53561178139472,52.671227916039086
NIP26_1994_695,-87.86715715841424,51.966319498763774
WAW7_1998_696,-86.1214642707753,49.64283187657239
SIO72_1991_699,-90.84409049311807,52.9298977499223
SLK37_1995_702,-90.88644252790955,53.066613618841025
DRY32_1995_703,-91.4278853376035,49.83185084918769
SLK27_1996_707,-90.88403922900483,52.79291583116251
GER65_1989_708,-87.03988513536845,52.3080662487665
RED69_1989_709,-93.25248024594269,53.52575128543845
RED76_1989_711,-94.59335627002788,52.413907068703416
RED24_1996_713,-94.48331981260941,52.77579187948884
NIP34_1998_714,-87.83251379108393,48.833553938484606
SUD23_1992_715,-81.14328577404352,46.93224801785703
GER40_1991_716,-86.06748906002194,49.62152663670635
SIO41_1993_717,-91.99334607146598,52.61655685041333
GER21_1992_720,-86.46160635495978,52.25650861795789
NIP144_1998_721,-87.45925856542225,52.63261620200121
SLK48_1995_723,-89.74554614557688,52.512529236809144
WAW86_1995_724,-84.68004262099225,48.38859644180232
NIP46_1996_726,-88.99281642853934,49.2036672965091
NOR17_1999_728,-79.39936627744585,46.86571772489328
RED39_1998_730,-92.83637061375565,53.4506405755127
SLK20_1995_731,-90.868887506672,52.0226982697889
GER38_1989_732,-87.7867539216497,51.538190164288046
RED33_1989_733,-94.63750697497663,52.55180549926962
GER60_1989_734,-86.97909516782217,52.100731791757084
THU105_1996_736,-89.86365719875833,50.30416106682382
NIP97_1999_737,-85.6229880293968,49.85199898155611
COC17_1999_738,-80.69242749991557,50.754696963702564
GER20_1990_740,-86.39269485599058,52.38031469648318
THU79_1996_742,-90.51851792882357,49.511860335470814
FOR141_1995_743,-91.06917982083674,48.35325972497383
SLK16_1999_744,-90.73887662072826,54.13562199567993
RED32_1989_746,-94.46247173943736,52.43821910697786
THU109_1988_747,-90.16694255113025,49.956053856602686
SIO86_1990_750,-89.91507224319514,52.25242971337015
SIO119_1989_751,-90.53569745850288,52.472282808962966
FOR42_1995_752,-92.52347286157293,48.84511017260875
RED309_1988_753,-93.62467952664018,53.53476211831472
THU65_1998_754,-89.31050216883168,50.77394400245633
NIP154_1995_756,-86.39231970410725,49.78103700790014
NIP62_1994_758,-88.24388431501282,51.88371840103841
RED55_1989_759,-92.92484434700113,52.45454140026398
NIP49_1998_760,-85.6685905404472,49.77904727424006
RED27_1989_762,-93.91702001876486,52.55103352893453
SUD63_1988_763,-80.57854200654396,47.09898317493109
RED14_1996_764,-94.81090758962266,52.502983965151024
PEM74_1990_765,-77.44958019793496,45.88868252956797
GER64_1989_767,-87.08503384942114,52.296397035785304
SIO103_1989_769,-91.11903178763002,53.858202226780335
SIO134_1989_770,-90.29104969499983,53.383889818282626
SLK51_1996_772,-90.2272835160431,52.7635158165838
NIP82_1996_776,-88.12951607453276,52.726120575638895
SLK56_1995_779,-90.01469355075112,52.83832909372555
SIO18_1988_780,-91.88473880756221,52.48004718340816
NIP64_1996_782,-87.28482511734562,49.86421937112252
RED406_1988_785,-92.98377498111213,52.93925459821378
GER99_1989_786,-87.7203593861595,51.62522202803552
SLK130_1996_788,-90.08145320991545,53.33710390904392
RED77_1988_789,-92.57965022334716,51.9921335493388
GER25_1991_791,-86.52629549004249,52.06618293301153
GER60_1990_792,-86.3352249590518,53.78051686348743
FOR30_1989_793,-94.53065496056301,48.7699904319543
RED26_1999_794,-93.09469273020062,53.516252639773924
RED16_1990_796,-93.05345836371536,52.40886874573496
WAW5_1999_797,-85.44017832348692,48.74190850389048
GER83_1990_798,-87.16393889019197,53.87914583744762
SLK111_1998_800,-91.71690481183047,53.76705873073598
GER12_1986_801,-88.91035472048348,52.597896828778175
THU103_1988_802,-89.83649018572643,50.04541899388554
SIO123_1989_804,-91.12523538942412,53.792514979756575
NIP83_1996_805,-87.10628168123608,52.397477477030684
GER38_1990_810,-88.13418133932313,52.5661589084959
FOR35_1987_812,-94.59429597639728,48.87332355676856
ATI10_1987_819,-91.505166096996,48.385835170664755
RED35_1989_820,-93.56439683440333,53.47231570268953
NIP230_1998_821,-87.69142182603035,48.79339492849838
RED30_1996_824,-95.14591775963218,52.22907516690551
RED397_1988_825,-93.65807918448694,52.75732339180942
SLK53_1996_826,-90.98676169545034,52.75802316496723
RED29_1989_827,-94.48820911676707,52.495061031893044
FOR140_1995_828,-91.28535236315278,48.777000338129255
CHA7_1992_829,-83.55144626982789,48.16572524636964
RED58_1998_830,-94.43191290232917,52.288762983287235
GER21_1987_831,-87.4517696537844,52.91502765619244
NIP56_1998_832,-85.75684862098686,50.15960423630756
THU45_1996_834,-89.16641302668269,48.81797376840194
FOR8_1987_835,-93.40717242463127,48.62614344932241
MOO15_1991_836,-80.74476553437228,50.72587596276418
RED64_1989_838,-94.79234970390054,52.234293264628015
DRY18_1996_839,-91.90074131070294,49.548517247698555
SLK105_1998_840,-89.9991756818613,53.58330572240859
SLK59_1995_841,-91.02160885007142,53.054602035353035
NIP126_1998_844,-88.74867601842448,53.420479385837
RED28_1996_846,-93.06709387141849,53.83399610718571
COC36_1995_847,-80.57739790435355,50.51575838871573
RED235_1988_849,-94.86487408368224,50.93449356065851
RED355_1988_855,-92.85056039722458,52.830423875929064
NIP86_1996_856,-89.13560865595981,49.16624227160847
SIO12_1989_858,-91.26800102419229,53.39748044107998
NIP40_1999_860,-87.63854165283588,53.85446767028925
RED208_1988_862,-94.50811476450863,50.898205830965274
SIO118_1989_864,-90.49305661334456,52.439374465381164
THU39_1996_866,-88.94737879304479,50.52692908724942
RED15_1990_867,-93.67035446466812,53.52802798899035
GER36_1992_868,-86.68996096605149,51.33645509746059
ESP17_1988_869,-82.43517160140148,46.892232024151404
GER21_1988_873,-88.361041014676,51.195230334360076
GER123_1989_875,-87.39667122987723,53.6149124882455
RED5_1990_876,-94.72873415910144,52.86582428762686
SIO20_1992_878,-89.4452533024422,52.237138354879384
RED56_1989_879,-92.96051163656992,52.54861149231324
SLK107_1994_882,-89.29447530106677,52.28715377549245
SLK60_1996_884,-90.69811831861787,50.86898387931643
THU82_1987_885,-90.47219047132427,49.28490112053101
RED27_1996_889,-92.86844088490415,53.60941463622423
SLK10_1996_892,-90.21729252979011,51.242099062671144
NIP201_1998_894,-88.69782486380448,53.77609521055908
GER63_1991_897,-87.31121127199603,52.22844024818344
RED22_1995_901,-92.85656829258183,52.682738824540905
COC33_1995_903,-80.81699874304556,50.25706121679074
NIP104_1999_908,-88.14601122675892,53.33838380767664
NIP43_1996_910,-88.0537560421566,51.58607696021588
NIP110_1998_914,-86.8078701284645,52.5422360740643
NIP54_1995_915,-87.03231433204802,52.07059076205647
NIP33_1995_917,-88.00937642413687,51.950194963271834
RED33_1988_921,-92.63045859942162,52.24019592289405
CHA9_1990_922,-83.07548318893278,48.10763490056272
SLK104_1995_924,-90.3763744534494,53.75593792228842
RED42_1989_927,-93.12600187499697,52.91779643628294
RED40_1989_928,-93.53579064310257,53.687792886964345
SIO16_1989_930,-92.11668433607471,54.2276222766813
SLK60_1995_931,-91.24430284812387,53.786133297394876
NOR70_1988_932,-79.5672761062457,46.712471817610904
SIO179_1988_934,-90.00023309279388,52.62733120222402
COC15_1987_935,-80.8034523167967,50.23047072383159
GER40_1990_938,-87.06923344391781,53.05918666441525
RED232_1988_941,-94.95268164664508,50.92313007041893
DRY23_1996_942,-91.5938508352268,49.74539106393912
THU132_1995_944,-90.08150821038886,49.800204098102846
GER77_1989_945,-88.38110804290751,53.312691089425634
WAW69_1995_946,-85.73388039095995,49.37612068713236
SUD165_1991_949,-81.42669835001871,46.99807947308241
RED24_1986_950,-93.71959766258873,53.42911658119346
GER54_1989_953,-87.08457945917097,51.902624886479686
COC22_1999_954,-89.11597134276445,54.115144598427115
RED1_1989_955,-92.52186348761501,54.41581605522407
DRY36_1996_957,-91.53325683808288,49.86380126446057
SIO106_1988_958,-90.16540276898164,52.33451609283959
RED83_1995_959,-92.81783143762836,51.40577786383197
SLK61_1998_960,-92.06905965362859,53.683590120247
THU95_1996_962,-89.71735551899505,50.296272851596555
SLK15_1994_963,-89.15726496391412,52.312655708482204
RED81_1995_964,-92.86257855364299,50.82629464632323
RED351_1988_965,-94.55307569811748,52.823960759043885
RED14_1990_966,-93.39461962629126,53.38787324015157
GER55_1989_967,-86.97963019295256,51.92094624526279
GER51_1989_968,-87.19016779138059,51.862192902024326
FOR83_1990_969,-94.59489114922982,48.82961707845467
NIP66_1996_970,-87.81003183830921,53.083473356470115
THU59_1995_972,-89.20022082911295,50.40365303052553
GER7_1989_978,-88.70972365735823,53.664683658930926
NIP23_1988_981,-89.46129251743542,49.918561320314545
RED214_1988_982,-94.76396481588014,50.898365667666546
RED39_1989_986,-94.17184818956692,52.898416558606755
SLK76_1998_987,-89.6217259110612,52.62094934038854
SIO209_1988_988,-89.92281625683702,52.58854739493174
GER39_1992_989,-87.09616395967502,51.77957740629341
RED31_1989_990,-94.31197778011457,52.502242005639786
SIO37_1993_991,-90.78054616153031,52.6002167750457
SLK82_1999_992,-88.9732018197175,53.85835738931798
NIP252_1998_994,-88.32100571866528,48.57099705087636
NIP124_1998_996,-88.85821199168979,53.753937642022805
SIO98_1988_998,-90.5055639927637,53.19594396132954
GER29_1990_999,-87.34950739860656,52.714195472938215
HEA54_1995_1000,-85.06303829893507,50.02924199693661
SLK68_1998_1001,-89.23123910080884,53.97646302377588
RED23_1996_1002,-93.21697153645562,53.06800951604513
GER35_1990_1004,-87.79712693761357,53.130854902251954
SLK109_1998_1005,-89.02315831872161,52.16687105208647
RED49_1987_1006,-94.38903616770293,52.775134217565196
SIO171_1989_1011,-92.05453570998947,53.35277049264701
FOR6_1987_1013,-94.58990976364687,48.83421448677603
SIO80_1989_1014,-92.18759953836806,53.286259673055284
SIO125_1988_1015,-90.72571463685118,52.01331654978294
SLK104_1998_1016,-89.969594146003,53.54904298388041
RED24_1995_1019,-93.63854388749175,52.09999159473572
RED19_1995_1020,-93.70412423627162,52.11931077112713
CHA52_1991_1021,-82.95528991954382,48.23785336342762
CHA13_1998_1022,-83.79754678844274,47.67214938687618
RED84_1995_1024,-92.84234499668956,52.84993279420381
WAW87_1995_1025,-84.63918460837317,48.57397268694037
NIP38_1998_1026,-88.6699750934689,49.858801288686536
RED15_1991_1027,-92.59351339067668,53.37757138548717
NIP13_1996_1030,-87.31777016491927,53.30249205438865
NIP58_1998_1031,-86.29589127987414,50.040525471302274
NIP14_1996_1032,-88.8277645614863,52.920203222831056
COC30_1997_1034,-80.02812799833656,50.07016412529507
COC16_1997_1038,-80.5474780153867,49.895023448550404
HEA14_1996_1039,-81.94566588553351,50.015821628435475
GER36_1989_1040,-88.04185993463568,51.392689113477914
SIO30_1992_1041,-89.74792536262571,52.094985914131094
SLK81_1995_1042,-92.46065828890337,52.23133287917025
SIO34_1991_1048,-89.70594855126534,52.50493037333208
KEN115_1995_1049,-93.38629509755104,50.43644597239676
GER25_1987_1050,-86.81049403912094,51.80059971613394
RED27_1988_1051,-93.32966748896126,51.958167292819795
RED341_1988_1052,-95.02878950200608,52.475814881024114
THU53_1988_1053,-90.62242479440958,48.9047801708346
SIO162_1989_1054,-91.41081519135268,53.56887205455205
RED14_1986_1055,-93.44437728464314,52.519878865979614
NIP63_1996_1056,-89.00220429178829,49.188524155815806
GER26_1988_1059,-87.51801776113123,53.74369118962906
NIP37_1998_1064,-88.6950016374334,49.89383351305652
THU51_1996_1066,-90.18682150262241,50.3153072533784
SLK64_1998_1067,-91.5397075228644,53.88349403785571
HEA3_1999_1069,-84.59551246548914,49.41321246327418
SLK33_1996_1070,-90.19344718006435,52.52848240276295
SLK41_1999_1071,-89.28723858257548,52.368123618448784
GER28_1988_1072,-88.56813304871385,53.90161471657115
NIP32_1999_1075,-87.98945262864135,52.315044125436906
SLK72_1995_1077,-89.10323821718502,51.98781894513384
NIP48_1996_1078,-87.4431066007239,50.884284187035924
NIP164_1998_1080,-88.50549149838358,52.317573520369365
TIM6_1998_1082,-81.3096720651336,48.51177974622576
SLK70_1996_1083,-91.44087931103826,50.842327899077986
SLK81_1996_1087,-90.11869316897406,52.20457573453104
RED51_1989_1088,-92.59955109312594,52.306823751189185
GER34_1989_1089,-88.26055487758903,51.42590752484462
PEM4_1999_1091,-77.50111679808354,45.9360639668698
NIP8_1992_1093,-89.25662056405113,50.60282945965205
GER18_1992_1094,-87.72251652328715,52.53929566067306
GER71_1989_1096,-86.38534508419956,52.50752319075311
SIO22_1993_1099,-90.33072672747669,53.78799944228114
SIO156_1989_1102,-91.185461754278,51.983711176912095
DRY31_1996_1105,-90.4019908421727,49.82044012701269
SIO150_1989_1106,-90.9726538827691,53.801572167190564
SLK34_1999_1109,-90.0257774214442,52.18814806562671
SLK146_1998_1113,-90.5929696970509,52.02860856827753
NIP59_1994_1114,-88.5508265167598,52.31381394911246
THU107_1988_1115,-89.2253639238658,49.498131777518196
GER30_1987_1116,-86.88567943660732,51.33491857767063
RED20_1990_1117,-92.60716732509736,52.64392947729248
RED284_1988_1119,-94.78619069111511,50.81144741787327
SIO64_1989_1120,-90.17731086314693,53.99087375981342
DRY27_1996_1121,-90.3865422792445,50.075037416052076
NIP9_1992_1122,-88.8436388544613,50.26158439661985
SIO44_1990_1124,-90.28022974810621,52.09777965303975
SIO7_1989_1125,-90.20136489952836,54.22855867447371
RED332_1988_1126,-92.7245040769222,53.99690738367312
SIO30_1989_1127,-89.88990262704475,52.65500437634689
THU49_1996_1128,-89.78513763951028,50.58330636832461
THU74_1996_1129,-88.81717799135622,50.37971542442549
SLK50_1995_1131,-91.28261559684994,52.46463984330244
SLK54_1995_1132,-89.9213289114576,53.52778380858536
GER50_1991_1134,-88.06678147492221,53.03903039068618
SLK82_1998_1135,-90.65260782435098,52.70885753084593
NIP50_1995_1136,-88.42526101128713,53.518209625911595
SLK31_1999_1137,-89.25868345927603,52.7369040196047
THU102_1996_1138,-89.9943722000756,50.24110593493239
NIP10_1999_1139,-88.68077070063677,49.28437396641883
SLK71_1996_1142,-90.21359576810228,50.49732510537232
DRY12_1996_1145,-91.07747060004668,49.21374020135824
NIP65_1996_1146,-87.02098880214905,50.00987166875038
RED35_1993_1147,-93.28755954336829,52.13507877180757
SLK120_1998_1148,-90.99443725617137,53.4442368036692
RED21_1987_1151,-94.3950969587184,53.20008952533221
RED289_1988_1156,-94.32741291902026,52.245430888495
THU54_1995_1157,-88.11220735509433,50.66146996727057
SIO91_1986_1158,-91.52214651548569,53.88757073985677
KEN186_1988_1159,-94.64553013464527,50.627374769868034
SLK91_1996_1162,-89.36751027374702,51.41596232950984
SIO47_1990_1164,-90.16075558940418,53.06382360454289
GER36_1991_1165,-86.25851142615838,52.457356283806334
SLK74_1999_1167,-91.14031053562863,51.59332583803187
RED221_1988_1170,-94.70928193613959,50.95895337952402
KEN105_1995_1173,-93.5298429473111,50.267306148129464
SLK86_1996_1174,-91.66802667079486,50.6515751885213
SIO45_1986_1175,-89.1339437747606,53.16725972110784
SLK77_1995_1176,-91.75328161811612,53.72166426664422
NIP59_1996_1179,-87.36170672277966,51.11911532149074
SLK128_1995_1182,-90.37866318361174,53.82625968223106
THU79_1995_1183,-90.01618525850942,50.563102436173864
THU77_1996_1187,-90.17450387452436,49.09792438922522
SIO42_1986_1188,-88.99253237889283,53.1071071890185
SIO107_1989_1190,-92.366142475218,52.46508415508388
RED75_1989_1191,-94.85450133891538,52.92598316501551
GER120_1989_1192,-88.95598448946892,53.248549470395744
RED53_1989_1195,-93.5377475780865,52.79554350957596
SIO107_1991_1197,-90.74388338980206,52.91590068849528
SLK35_1999_1199,-90.20940406563231,52.34613025683682
GER92_1991_1201,-85.55674301720441,49.91895933142301
FOR12_1987_1202,-94.18876216369847,48.77956652185323
SLK37_1999_1203,-90.63475898328743,52.40440801502209
HEA11_1987_1204,-83.84498437138085,48.942321867445834
GER33_1990_1205,-87.96669737719712,53.20221939726197
SLK17_1999_1207,-90.25234691468947,51.33182043828398
GER85_1989_1209,-88.77801292667522,52.67579004840231
CHA12_1987_1210,-83.57882777033701,48.427842042184366
NIP44_1996_1211,-86.80769275841034,49.20163548801873
SLK121_1996_1212,-89.05030671575172,53.98894263107968
RED22_1998_1213,-93.61759833334715,53.028006985756704
SIO92_1991_1215,-89.93088340100701,51.966986175926834
FOR4_1988_1218,-94.42249509550517,48.79071080161555
RED32_1988_1220,-92.66559349790417,52.08623183892428
THU67_1996_1222,-89.0333214057831,50.02486430663916
NIP44_1995_1225,-86.42738050934928,51.0831997507132
RED27_1995_1226,-92.93337013241518,52.140299189458574
NIP49_1994_1228,-87.09903471952562,51.805713947966574
SIO95_1989_1229,-91.06245694923784,52.43731822645524
RED63_1989_1231,-94.73863086381444,52.27839443220877
RED29_1996_1235,-93.35977235708137,53.387749868091525
RED364_1988_1236,-93.11121677848497,53.45850531081277
RED9_1997_1238,-94.288388901643,51.31431698971742
COC16_1992_1239,-79.80867911569905,50.48958020236269
RED91_1995_1240,-94.39813515278095,52.74468570114511
SUD62_1988_1247,-81.15579423190933,46.847463267011825
GER84_1991_1249,-87.96961144170845,53.58071889027545
SLK54_1996_1251,-88.97299186614873,53.06563810742806
SIO104_1989_1252,-91.27885240217142,53.8678824535775
SLK99_1996_1253,-89.9793830803935,53.785741808711215
SLK36_1995_1256,-90.33161416738658,52.91846462001769
GER62_1989_1257,-86.56635821918283,52.17972444114152
RED34_1989_1259,-93.60536486333305,53.309754330647664
SIO68_1989_1262,-90.40220374894388,53.892038657755684
THU130_1991_1263,-89.07426360252944,48.239249827459915
SIO122_1988_1264,-90.8594997451082,52.120841635968304
SIO139_1989_1267,-90.65684794594729,53.54837289148586
SLK39_1994_1269,-90.87141431304227,53.89017075963468
SIO25_1992_1271,-91.08744214191542,52.31754552292048
RED120_1988_1272,-94.58544604961197,52.57233938910968
COC23_1995_1273,-81.27973072087514,50.25399461389382
THU90_1996_1274,-89.82129548301607,50.022618372696435
SLK66_1996_1275,-90.7060876253884,50.79844296011048
NIP156_1998_1276,-87.52310347901762,53.33422912611025
RED81_1989_1278,-92.90096062543348,53.82433093125614
NIP66_1995_1281,-88.0205143216276,51.0970852243896
SLK33_1999_1282,-90.51930521699497,51.78770606070038
RED86_1995_1283,-94.78857331112941,50.91339421553708
GER15_1992_1284,-88.67294036051801,52.732092563998314
NIP24_1998_1285,-87.09562271668607,49.26111879013134
NIP43_1995_1286,-86.9147452620735,51.16191584890373
SIO208_1988_1287,-89.8708830505577,52.54064149022052
SUD121_1999_1289,-81.59079444708087,46.63151164124515
RED11_1986_1291,-92.57872218105629,53.15009091052917
GER13_1992_1293,-88.47617099540564,53.06418988145276
NIP79_1996_1296,-87.18642615090559,50.68998116996169
CHA1_1999_1297,-83.12934926508169,47.76484824210039
NIP136_1995_1299,-86.6299846678099,51.03641807969646
FOR9_1998_1300,-92.51407647454734,48.52505416930007
GER35_1989_1301,-88.03114583162605,51.28398812702506
SIO66_1988_1302,-90.84441805418146,52.58251614440391
SLK35_1994_1303,-92.42246570455393,53.88447288789409
SLK74_1995_1304,-91.71670384384778,52.48823659813927
NIP35_1995_1305,-88.35865843774948,51.87578260419715
THU122_1998_1306,-89.06862298076798,50.66387515826708
THU52_1996_1307,-89.61606825771827,50.312790746402
KAP12_1987_1308,-82.56973914166893,49.43236510071305
GER96_1991_1309,-88.72582978565015,52.15385978005644
SLK38_1999_1310,-90.57422602020823,51.76768806215604
RED111_1989_1312,-93.82794022977157,53.419268605346346
THU36_1996_1313,-88.42177950608423,50.65160358587259
THU86_1996_1314,-88.48868099238527,50.76626524768088
PET5_1998_1317,-77.16260598783519,44.619036231338356
TEM5_1992_1319,-80.43660627288466,47.34669004721067
GER128_1989_1320,-86.82085009736919,52.901666151065214
SLK34_1995_1322,-90.06670383055224,52.35879250984264
RED21_1995_1324,-92.99858087938405,52.663630241841936
GER59_1989_1325,-87.0646896937419,52.09098241997275
SLK75_1996_1326,-89.73894432948121,51.42989998735875
SIO101_1989_1327,-91.05074240736042,53.88042747612708
GER35_1991_1329,-86.97108884152038,53.22020903273556
GER51_1990_1331,-88.87272837846415,53.70843588938988
COC11_1986_1332,-81.53967234322776,49.680608464249836
RED36_1988_1333,-94.14188015010518,52.45212521679046
FOR5_1998_1334,-94.59621442044532,48.82790930280485
SIO133_1989_1335,-90.59237180265077,53.864607210873395
FOR137_1995_1337,-91.31144392301506,48.6446815137678
KAP10_1986_1340,-82.95852016961807,49.30891363695228
SLK35_1995_1341,-90.51473047297391,52.76739738710901
SIO82_1990_1343,-89.05434691893461,52.28940810621095
RED35_1995_1344,-92.94285502910843,52.66293067320231
SIO11_1989_1345,-91.06561550871245,54.55742737934014
RED22_1987_1346,-94.1782735282328,53.13564843484839
SIO110_1991_1347,-90.66248569366404,53.0592648354247
SAU6_1999_1348,-83.38481577221371,46.8748397076962
DRY26_1995_1350,-91.43156017905527,49.27182417243451
WAW58_1998_1354,-85.10074575721349,48.96490555631316
GER17_1992_1355,-87.70711758302444,52.00039334215446
SLK79_1998_1357,-91.35627539229593,53.643112474972085
NIP68_1996_1358,-87.33962027738127,52.057285075886604
SIO27_1987_1362,-91.26318371477961,51.425025501373135
SLK54_1999_1365,-90.47736550562571,53.78974489992419
SLK44_1995_1367,-90.89677403790458,52.49027924355058
SLK78_1995_1370,-91.66426028955817,53.65557105166574
THU35_1996_1371,-89.41774444842184,50.52013227541649
NIP118_1998_1372,-87.32937431095894,52.269109836756506
GOG13_1988_1375,-81.22469713887338,47.52170870058521
SLK100_1998_1376,-90.10383120432618,51.89030278100182
NIP110_1996_1377,-88.59761894198432,53.99050967821053
GER27_1988_1382,-87.84199042346896,53.898049966959356
NIP76_1996_1383,-88.082152932641,51.0978741157338
RED231_1988_1384,-94.73307307686612,50.77254779760031
FOR5_1999_1387,-94.5282493962603,48.764459545552135
RED13_1996_1388,-94.32439689385525,52.6126960794632
SIO159_1988_1389,-88.96810505253704,53.252841471433506
NOR11_1999_1390,-79.79638619429514,47.03661211205443
SIO9_1989_1392,-91.10885202351994,54.38774965981517
RED43_1989_1393,-93.88891534711897,52.746402375766756
THU53_1995_1395,-88.38419215430166,50.515175137875374
SIO127_1988_1397,-90.46047888362129,53.015004560281305
SIO119_1991_1398,-92.36945141804314,52.30025784997893
SLK4_2003_1401,-91.98609643769876,53.98861759785653
NIP92_2003_1402,-87.5528379204222,52.561905681924266
SLK51_2003_1403,-92.03780673916692,52.27986708793191
WAW21_2003_1406,-84.52135313966421,48.92156299911836
NIP68_2003_1407,-87.27323848267025,53.33957309339562
WAW13_2003_1409,-86.17584778765818,49.36812333682756
DRY57_2003_1410,-91.23453200473409,49.228919821454724
SLK58_2003_1412,-91.60292401515537,51.499545706615024
SLK55_2003_1417,-89.81567546555175,52.260876487196484
DRY5_2003_1418,-92.95279950750913,49.8278101890837
RED54_2003_1419,-93.54325200561127,53.78312996342734
FOR11_2003_1420,-94.54737942864249,48.80697654518942
NIP58_2003_1421,-87.62155746505744,49.91419609494645
RED90_2003_1422,-93.15050530043575,53.806887488720506
KEN110_2003_1423,-94.78447177503831,49.87462101973767
RED219_1988_1425,-94.9067195323687,50.92376629224849
RED68_2003_1428,-95.1145700672121,52.142693963053446
NIP42_2003_1430,-87.78258516051575,51.64186930286872
SLK70_2003_1431,-90.75921520513165,53.63991397931222
SLK66_2003_1432,-89.52890127855342,53.87748759340016
SLK20_2003_1434,-90.85759027343171,50.24332338834655
SAU7_2003_1436,-82.70620742753383,46.24892564520121
NIP81_2003_1437,-87.36269643195656,52.479834661445224
RED91_2003_1438,-93.38325491193855,53.73588574952032
RED65_2003_1440,-93.53996496306942,51.45801713673024
DRY58_2003_1441,-93.20309491640224,49.57418184153445
RED26_1998_1443,-92.56821091989602,53.82892421379014
GER18_1989_1445,-87.23441592744108,51.44272649563845
SIO20_1993_1446,-90.07332210858783,51.405777508513545
SIO83_1991_1447,-92.07801302330404,52.308478018920916
GER41_1988_1448,-87.39620144709887,52.49976674552178
WAW1_1998_1449,-85.5556813346705,48.72531112763221
PEM8_1999_1450,-77.52855221032493,45.89696134238577
SLK69_1995_1451,-89.41849234053501,52.960863722286334
SLK1_2003_1453,-90.14007946023733,54.435366593024895
RED21_1996_1454,-93.11545043313703,52.79173555298321
RED83_1991_1455,-93.26461909906283,52.24872109690815
SLK32_1995_1462,-89.27953976934698,52.444905345136554
GER11_1986_1463,-88.80028635992221,52.898773559618846
GOG4_1991_1464,-81.5461997663133,48.024459818300016
DRY24_1996_1466,-91.86114403198283,49.60583530370513
RED77_1995_1467,-94.51975610841626,51.5925390551771
NIP75_1994_1469,-87.83008030670243,53.63936842587773
CHA32_1987_1474,-82.24669445829441,47.990342262692586
SLK69_1998_1475,-89.16114719072469,53.906414342325405
SLK48_2003_1476,-91.85682181723716,50.317020041184136
RED62_2003_1478,-94.19780901754737,53.009045236815155
SLK57_2003_1479,-90.87651804667999,51.706524169200314
SLK101_2003_1480,-89.36302674520277,53.58898681786351
SLK44_2003_1482,-88.84789445335767,53.3171214506888
NIP72_2003_1483,-87.44860704319808,53.343613887657504
FOR14_2003_1484,-93.77467381959323,48.74451794279831
NIP17_2003_1485,-88.0708683805612,50.22812791544723
SLK65_2003_1488,-89.54031016578553,53.773487707972166
SLK94_2003_1494,-90.67734557431812,53.8926243148654
KLK5_2003_1495,-79.89817094378978,47.96530932706058
KLK9_2003_1496,-80.14027594101852,48.59463813473887
RED82_2003_1498,-92.85138918606287,52.716769338175574
NIP95_2003_1500,-87.65138263833103,53.531595201140426
THU28_2003_1502,-89.82177950365488,48.36005456915773
WAW23_2003_1503,-85.7373641585018,49.55261559005063
FOR1_2004_1507,-94.58941761339477,48.82959008188336
KLK9_2004_1508,-80.11226339825134,48.625265295032264
THU31_2005_1510,-88.76580395185515,50.273369614425825
HEA63_2005_1511,-83.7972305520999,49.40707437461785
TIM19_2005_1512,-80.77377440301522,48.29858148134155
CHA18_2005_1513,-82.91942499358626,48.3000851465534
FOR14_2005_1514,-91.64975573946231,48.28706953989214
TIM7_2005_1515,-82.19863613437252,48.2115872082848
FOR24_2005_1516,-91.3637238041463,48.18645565220029
TIM5_2005_1517,-81.79853023269374,47.786001881131504
NIP112_2005_1518,-88.42457333796035,51.48302081487195
COC10_2005_1519,-81.14507235540346,49.46838277870965
FOR18_2005_1520,-91.17121957415853,48.136202183684155
NIP20_2005_1521,-87.91151576005439,50.54027352478093
NIP52_2005_1522,-88.50359494349675,49.06371406576098
NIP80_2005_1523,-88.62436909078474,49.60809225959047
SUD1_2005_1524,-80.89217303304441,46.22506015510305
THU30_2005_1525,-88.73004680267242,50.58062915748225
THU57_2005_1526,-89.85196241223414,49.38890152123827
THU65_2005_1527,-89.6956572597729,50.62167404663005
THU67_2005_1528,-89.68395951920937,50.18671022895861
TIM56_2005_1529,-81.93809373323099,48.319224152423836
TIM12_1997_1531,-80.70704899207969,48.26999150253702
SUD1_2004_1532,-80.8746931280816,46.23430132242266
COC37_2005_1533,-79.64943524202748,50.63161068943827
SLK40_2005_1534,-91.35810649589583,53.06996787130644
SLK25_2005_1535,-89.54179150882071,52.32492825420471
NIP104_2005_1536,-87.3641267847019,51.15713429339316
THU66_2003_1537,-89.77592047509545,50.81563609092144
SLK71_2003_1538,-91.75296353907878,53.91465337206795
SLK80_1999_1544,-89.31837189347756,53.677841275175425
RED93_2003_1545,-93.74461441229057,53.61934425590861
SLK80_2003_1547,-91.5283711111385,52.01692124743886
NIP59_2003_1555,-86.47767497400406,51.40282259860674
NIP79_2003_1558,-86.43476527916133,51.76051650750285
SAU78_2006_1560,-84.56924875323027,47.160960708256546
SUD8_2006_1561,-80.30680475068638,46.50016941714697
RED11_2007_1562,-92.91708260863334,54.22159165835968
NIP58_2007_1563,-87.99864814951665,50.56968737758039
NIP40_2007_1564,-86.20258525705096,50.464025817587626
DRY8_2007_1565,-93.62534672726163,49.812210978797324
KEN41_2007_1566,-93.62157274571115,49.435695422848404
NIP262_2006_1567,-86.95544911656845,49.18221615420162
THU113_2006_1568,-90.86360277669989,49.17396044990084
NIP406_2006_1569,-86.7901458519802,49.136669508344106
NIP409_2006_1570,-86.84679550688013,49.13743317517229
NIP238_2006_1571,-87.03862650988759,49.10235694310443
NIP426_2006_1572,-87.50179093405269,49.10781207064421
NIP322_2006_1573,-88.90922524954253,49.08947270332931
NIP365_2006_1574,-87.45322648925556,49.05183445193135
NIP391_2006_1575,-87.11533479388231,49.05210839855992
RED84_2006_1576,-94.71455930371762,52.23562527263847
RED175_2006_1577,-94.75947246900438,52.252564032887165
RED31_2006_1578,-95.08505526764827,52.16775488185578
RED177_2006_1579,-94.3001303485998,52.32332759645811
NIP189_2006_1580,-87.41770529875448,52.05231249943209
SLK30_2006_1581,-91.3436857833455,52.021967136311474
NIP20_2006_1582,-87.77520899683661,51.613910661001725
NIP70_2006_1583,-88.29292425982928,51.07197027083603
THU36_2007_1584,-88.63755069343937,48.693943205641155
TIM3_2007_1585,-80.88621216187276,48.58751066302019
SUD46_2007_1586,-81.63686462219614,46.87953742146195
SAU13_2007_1587,-83.30047303593187,46.81441779267984
PEM2_2007_1588,-77.47046146685341,45.91907343372209
CHA10_2010_1589,-83.07263199754743,48.567936821170974
SLK118_2006_1590,-89.00490513142341,53.652525679782656
SLK97_2006_1591,-91.03858603800924,50.2001690591173
NIP151_2006_1592,-87.52933135816072,50.17502970833308
SLK44_2006_1593,-89.60788083107941,53.825459150669154
RED14_2006_1594,-93.88322863504577,52.617969872071896
RED15_2006_1595,-93.28459928056733,52.36731165892361
NIP327_2006_1596,-88.90663901610904,49.44822208891488
THU246_2006_1597,-89.31436210618554,49.198109101689454
THU187_2006_1598,-88.99864949567399,48.9778393054771
SLK45_2006_1599,-89.28966350266391,53.88434307690129
RED47_2006_1600,-93.15836422632012,53.84642786871265
NIP440_2006_1601,-87.03787472089815,49.280271077431706
NIP410_2006_1602,-86.6842565526023,49.25223863838189
NIP264_2006_1603,-88.9661990232043,49.287787168902696
NIP257_2006_1604,-88.23575133796166,49.25976059510529
NIP245_2006_1605,-87.86614224525901,49.24760798350214
COC14_2006_1606,-81.011907548866,49.23811375808161
NIP323_2006_1607,-88.85733847012669,49.194025432868344
NIP328_2006_1608,-88.92439097887927,49.20227223597429
NIP296_2006_1609,-88.5148935417801,49.18375850784631
THU189_2006_1610,-88.78899429956755,49.03295336192039
NIP291_2006_1611,-87.62229485434463,49.00508996883355
NIP404_2006_1612,-86.7502165853946,48.99743901484286
NIP400_2006_1613,-86.78523046235662,48.97928009606691
NIP341_2006_1614,-88.60973642790609,49.049338657401904
NIP402_2006_1615,-86.7446795962745,48.91944483050586
NIP334_2006_1616,-86.78355995769654,48.91171176133281
FOR52_2006_1617,-91.83062341850332,48.26338020932956
FOR173_2006_1618,-91.30262545563167,48.237161972330945
FOR54_2006_1619,-91.45642855048172,48.24560930322339
FOR165_2006_1620,-91.49828878838773,48.21696070452578
FOR57_2006_1621,-91.42502569731428,48.226150889416
FOR63_2006_1622,-91.34107044201419,48.21257111136856
FOR179_2006_1623,-91.33055383575523,48.18956785812808
FOR61_2006_1624,-91.24511488361577,48.15724131025015
RED163_2006_1625,-92.6004611449948,52.592428167983144
RED182_2006_1626,-94.50493026548367,52.59165376229783
RED183_2006_1627,-94.81980205089906,52.53160752172955
RED146_2006_1628,-93.87371023255419,52.471915947021735
RED113_2006_1629,-93.50943019283187,52.53580618157209
RED164_2006_1630,-92.77367008010421,52.46543797695473
RED195_2006_1631,-94.74248557430721,52.46527765502581
RED176_2006_1632,-94.374924505014,52.398002078936806
THU185_2006_1633,-89.41655504692169,49.58671700065286
THU142_2006_1634,-90.09156475375994,49.54149622801687
THU234_2006_1635,-88.97729202405174,49.597768876565375
THU190_2006_1636,-88.97003535926446,49.569100862827455
NIP430_2006_1637,-88.62655622396112,49.560518423406414
THU144_2006_1638,-90.21175328606651,49.56143569955714
THU249_2006_1639,-89.24346814796723,49.526269429385735
THU163_2006_1640,-89.15384106170582,49.49162757396911
NIP267_2006_1641,-87.74377176538498,49.48477168313123
THU143_2006_1642,-90.24608598672197,49.43967927787335
NIP344_2006_1643,-86.7037180709418,49.45172648287868
NIP226_2006_1644,-88.4526684584105,49.45021431749077
NIP415_2006_1645,-86.71124690329694,49.42696946349678
NIP428_2006_1646,-88.92813048434623,49.378937324943465
THU184_2006_1647,-90.3278111851755,49.418659072047774
NIP414_2006_1648,-86.73101880474377,49.375634850367916
COC8_2006_1649,-81.04619245965787,49.39670046183927
THU151_2006_1650,-89.22693001528862,49.40059404298606
NIP108_2006_1651,-87.01256278300231,49.396922406905425
THU176_2006_1652,-89.2454278783568,49.3889751831133
THU167_2006_1653,-90.18474073860133,49.38039990901059
COC9_2006_1654,-81.04418453663747,49.36955317779883
NIP276_2006_1655,-87.33587237240826,49.34901687046992
NIP413_2006_1656,-86.76063169478894,49.292143901612796
NIP411_2006_1657,-86.55246586305778,49.27992626087601
SLK11_2007_1658,-90.52717319418093,50.16861920689113
DRY10_2007_1659,-91.83607483640161,49.4603543344907
NIP26_2007_1660,-88.59489444118566,48.95830689941154
THU39_2007_1661,-89.26044348859601,48.86729810190619
THU37_2007_1662,-90.73576950974893,48.17091875087124
NIP380_2006_1663,-87.81878772561079,49.3042988866147
NIP338_2006_1664,-88.82969886835093,49.377440343220485
RED7_2008_1665,-93.2983455684682,53.70764513920826
SLK34_2008_1666,-91.21707826114138,51.56523145579022
SLK29_2008_1667,-89.79258604045964,53.36845602081698
THU38_2008_1668,-89.63359175022035,50.51744786306881
SLK84_2011_1669,-90.03624086278897,52.662072869717555
RED51_2011_1670,-92.98334936166538,52.11414701315039
RED36_2011_1671,-93.5080049739008,52.612933478311085
SLK40_2006_1672,-92.13078183155002,53.715878132222265
RED69_2006_1673,-92.73222412876126,53.185703234479696
SLK38_2006_1674,-90.287185864645,53.13975756207042
SLK42_2006_1675,-89.0831047304885,53.14562439661018
RED188_2006_1676,-94.38749823445029,52.86943611739093
RED186_2006_1677,-94.66241059080694,52.84516780059644
RED184_2006_1678,-93.964505709444,52.75993144239628
RED16_2006_1679,-94.37469783580003,52.74650899407668
RED192_2006_1680,-94.93553048711087,52.74252739182164
SLK48_2006_1681,-91.28341578093122,52.67926233369451
RED193_2006_1682,-93.74161323112212,52.71035570541948
RED44_2006_1683,-94.80874783530297,50.863203794030014
NIP81_2006_1684,-87.37349498065437,50.74802141653788
RED34_2006_1685,-94.75751861128221,50.67949133505797
COC34_2006_1686,-81.21905401572529,50.512901090421096
THU154_2006_1687,-88.28870595297522,50.16968897851054
THU133_2006_1688,-88.89446997152984,49.99334832240237
THU192_2006_1689,-88.95238759827619,49.981997273072
THU232_2006_1690,-88.99619163218821,49.93587108587032
THU139_2006_1691,-89.83701192036325,49.780468822658484
DRY79_2006_1692,-93.6503953819342,49.743700391277805
SLK40_2011_1693,-90.87386392215339,54.47532819849546
SLK46_2011_1694,-90.82248162970578,54.478623247182725
SLK45_2011_1695,-90.20904529243148,54.23655287258244
NIP34_2011_1696,-88.57936654708479,53.696038331802484
SLK79_2011_1697,-90.54902105786952,53.37786031841624
NIP47_2011_1698,-88.73920565509492,53.19530530643388
SLK75_2011_1699,-91.1526593080449,52.724097993508494
SLK147_2011_1700,-92.22578165632436,52.63760448278866
RED27_2011_1701,-94.1212689387847,52.54198074616533
RED91_2011_1702,-93.65081218388441,52.45005117064732
COC14_2009_1703,-79.53156805234475,50.530993103625214
SLK22_2009_1704,-92.37674723026714,54.403490850517464
SLK17_2009_1705,-91.73674957073491,54.08973332991495
SLK10_2009_1706,-90.13565580587625,53.981154613087874
SLK13_2009_1707,-89.50764633766451,53.70897375635008
NIP23_2009_1708,-88.87354205772888,53.69121798940456
NIP21_2009_1709,-88.2688762034398,53.62388083404658
NIP20_2009_1710,-88.13743557263534,53.5162299313369
NIP19_2009_1711,-87.84638825733813,53.46641171597527
SLK23_2009_1712,-92.30658229960824,52.938260255050565
NIP13_2009_1713,-87.5585523849268,52.72111230523981
NIP14_2009_1714,-87.52191174657402,52.692078481035146
SLK26_2009_1715,-91.20903262481495,52.42446434198286
RED10_2009_1716,-92.51766526164614,52.291953033257215
NIP10_2009_1717,-87.7473732522458,51.922555100768655
NIP12_2009_1718,-86.91263206793518,51.58470581799259
THU21_2009_1719,-89.56106121705557,50.27986778975719
COC16_2009_1720,-79.98817620282809,50.13442242896118
RED35_2011_1721,-93.77156533652249,52.289880734880605
RED121_2011_1722,-92.53840593532784,52.2207962104734
RED66_2011_1723,-94.98318154024766,52.08166123026472
RED67_2011_1724,-95.04846590118247,52.10638801712733
RED7_2009_1725,-92.46141057787344,51.72888649833545
SLK25_2009_1726,-91.7900349670304,52.09346805193487
SLK24_2009_1727,-91.18928135265793,51.92038185260224
SUD1_2009_1728,-80.88872208623789,46.22421875402564
SLK63_2010_1729,-91.95225245640574,54.2075292117476
SLK49_2010_1730,-89.90507023345675,52.532893195728214
NIP41_2010_1731,-88.53763089734012,52.46180179609974
SLK65_2010_1732,-91.90036681032991,54.8564431758005
SLK64_2010_1733,-91.92224728899258,54.68286577318684
NIP27_2010_1734,-86.1871904075073,52.384831130846116
NIP54_2011_1735,-88.91357538688291,52.094346473830356
SLK103_2011_1736,-89.35890180249505,51.9434022545532
SLK101_2011_1737,-90.80457033876448,51.94195033457046
RED93_2011_1738,-92.82138017253082,51.920972280941044
SLK57_2011_1739,-91.67015884368683,51.90808237108813
SLK132_2011_1740,-92.04429895862776,51.90729952273377
SLK55_2011_1741,-91.56200717483787,51.86972317398257
RED111_2011_1742,-92.69013973623193,51.77231304873119
RED113_2011_1743,-92.62049076834055,51.76141997310143
RED112_2011_1744,-92.6776094026648,51.76678128450352
SLK71_2011_1745,-89.73335834266413,51.65326356424285
THU57_2011_1746,-89.22964485360285,50.71590324278681
NIP94_2011_1747,-88.66574159072384,49.83058468621228
KEN91_2011_1748,-94.58342536834911,49.32621914551286
WAW12_2011_1749,-86.12136914943535,49.20611808307914
TIM34_2011_1750,-81.61346739094157,47.47132053843051
RED32_2010_1751,-93.81083929579717,52.02066788063687
NIP45_2010_1752,-88.70449546539295,51.93194552411666
RED44_2010_1753,-93.3423614959986,51.885435169838736
RED1_2010_1754,-94.05018529331586,51.39322550175248
RED26_2010_1755,-92.27279157141463,51.041089238739616
RED25_2010_1756,-93.62138598639484,50.83921498160344
RED103_2012_1757,-93.94390591932114,52.928860595583295
RED41_2012_1758,-92.52145757175889,53.02597991368439
SLK73_2012_1759,-91.61483560636161,52.75263444790434
SLK85_2012_1760,-89.44984602053347,53.03288522331109
NIP104_2012_1761,-88.97460972870607,51.121627641098954
NIP59_2012_1762,-88.87207588353733,52.02320589249311
NIP49_2012_1763,-88.90154918113103,53.99135242307627
NIP63_2012_1764,-86.77771525297939,51.603247697101274
SLK26_2012_1765,-91.41088359479849,53.264659327571856
SLK72_2012_1766,-91.66700472114711,52.37469900816824
NIP35_2010_1767,-87.64407307647544,50.25712498743488
HEA31_2010_1768,-82.04684520335239,49.75933380910292
FOR1_2010_1769,-92.16082854046235,49.19088329080935
HEA20_2010_1770,-81.93450608404925,48.9768643569534
FOR3_2010_1771,-94.57223604918784,48.81877880417793
KLK5_2010_1772,-80.65569807748935,48.6003807616638
TIM9_2010_1773,-81.29451464340241,48.46243305800248
TIM7_2010_1774,-81.62880380456458,48.45853810093271
WAW18_2010_1775,-84.15561798028189,47.91081035460435
TIM13_2010_1776,-81.32997807774085,47.47905772327213
RED65_2011_1777,-94.92956302260477,51.934871293780546
RED114_2011_1778,-94.62174491542076,51.648280332337926
RED107_2011_1779,-92.93288908064895,53.709752049264445
RED118_2011_1780,-93.63828767412448,53.535926438528854
SLK85_2011_1781,-89.77860874055655,53.47998048275675
SLK87_2011_1782,-90.92920554728197,53.38747729019502
RED100_2011_1783,-93.83261618684088,53.37809833681492
RED54_2011_1784,-93.05975941880867,53.283633820796155
SLK48_2011_1785,-89.82689474029756,53.29967761155872
SLK88_2011_1786,-92.00165801324655,53.73263704751227
RED55_2011_1787,-93.08235558063257,52.5578302280885
SLK47_2011_1788,-89.2763798200959,52.41115608248444
RED32_2011_1789,-94.04735288309263,52.30402318267804
RED123_2011_1790,-94.7600918777581,52.334779993627336
NIP40_2011_1791,-88.56445880596188,52.23992529459776
RED53_2011_1792,-92.54184821039506,52.27436572538915
RED120_2011_1793,-94.96249440137466,52.27938607759544
RED122_2011_1794,-93.83673241124978,52.24716088746524
RED23_2011_1795,-94.83841997112457,52.221750109337094
RED24_2011_1796,-94.18277463344921,53.11148129578268
RED22_2011_1797,-94.0021911289256,53.14552806805801
SLK38_2011_1798,-91.3859668471953,53.116628677227695
RED58_2011_1799,-93.60441474721006,53.021930486021965
RED82_2011_1800,-92.93294527120477,52.897486901801805
RED73_2011_1801,-94.75336444861821,52.91727028394036
RED101_2011_1802,-93.96658929292234,52.882532414924796
RED106_2011_1803,-93.27078451178154,52.809364810693516
RED96_2011_1804,-93.64496995246422,52.754283271319096
SLK50_2011_1805,-89.74297728755157,52.67350445148409
RED26_2011_1806,-93.99710675895865,52.662799093234405
SLK70_2011_1807,-90.46303325597961,52.493237010846805
SLK51_2011_1808,-89.62379652049343,52.62368792515868
RED29_2011_1809,-93.59274632514148,52.64233238934673
SLK76_2011_1810,-91.67997177214552,52.588345023316855
NIP55_2011_1811,-88.66075575860087,52.18568041007789
RED103_2011_1812,-92.7368888183818,52.18363976690083
RED50_2011_1813,-93.02248643468762,52.12090080353257
RED52_2011_1814,-92.84788771567094,52.101946889878754
SLK60_2011_1815,-90.59520754894268,52.0686378187892
RED72_2011_1816,-94.96780993421443,51.93115085275104
SLK95_2011_1817,-92.04056706135496,51.72684528984271
RED85_2011_1818,-94.81270850149518,51.71568294529529
SLK61_2011_1819,-92.36685771952696,51.521977237330155
SLK64_2011_1820,-92.09102919578639,51.4809441883878
SLK35_2011_1821,-89.8106294997877,51.20667005731775
SLK65_2011_1822,-90.77686309987115,51.416609675139576
RED84_2011_1823,-92.14766334238124,51.21535512408797
SLK82_2011_1824,-88.96984473164635,51.20917889764686
THU58_2011_1825,-89.73041994343752,50.910466144693345
THU50_2011_1826,-89.62948351882628,50.82481251714785
COC25_2011_1827,-79.73300281463484,50.58076578372059
THU51_2011_1828,-89.24840057769387,50.56413314456182
THU33_2011_1829,-88.78942671235488,50.46983734330638
THU80_2011_1830,-90.0012335313138,50.4614422914475
THU22_2011_1831,-90.14040739753456,50.25166857786806
KEN27_2011_1832,-93.5915744605751,50.23293829959134
HEA1_2011_1833,-84.6762963416757,49.97378194445903
FOR42_2011_1834,-91.47875867875771,48.22393160243443
NIP66_2011_1835,-86.60602646584589,49.42165117717261
FOR17_2011_1836,-91.39430610381598,48.16795600455681
SAU20_2011_1837,-84.30516790013777,46.768806642393315
NIP24_2012_1838,-88.16235435225117,51.64836179594958
RED69_2012_1839,-93.8376983200997,52.97995963256137
SLK101_2012_1840,-91.30075863039944,52.35410909520502
KLK8_2012_1841,-80.06961784728404,48.19073539270157
RED53_2012_1842,-94.39707785479109,52.9103096757071
RED61_2012_1843,-93.54408518641883,53.460825222701146
RED49_2012_1844,-93.95120837257929,52.62137597816229
RED57_2012_1845,-93.50950539016408,52.926407232868286
SLK91_2012_1846,-91.41104188757132,51.85733453618293
SLK1_2012_1847,-91.69460818941987,50.51360958551474
NIP60_2012_1848,-86.95463570239208,51.7445846019607
RED28_2012_1849,-93.02517496229763,53.06223642229468
SLK32_2012_1850,-89.0225749512752,52.03710606940163
SLK74_2012_1851,-91.48888307706397,52.712899939181064
TIM9_2012_1852,-81.71197962798448,48.053916966123445
KEN103_2012_1853,-94.6204173124139,49.52802436956364
RED94_2012_1854,-95.06003878054354,52.88299398455305
SLK29_2012_1855,-92.30698712437683,53.19117740481108
KLK13_2012_1856,-80.51457417466693,47.76492949599435
SLK82_2012_1857,-91.66850067467765,52.76751243829663
THU35_2012_1858,-90.16516586344243,50.41760762400843
THU65_2012_1859,-89.39497797055203,50.84523064012079
NIP48_2013_1860,-86.74683336487712,52.928953045936865
SLK25_2013_1861,-89.13348731797474,53.390493671814575
RED31_2013_1862,-94.32479588843964,51.49928927522543
SLK45_2013_1863,-89.57340904313696,53.588270199117325
NIP44_2013_1864,-87.09502284295323,51.17209647057917
RED32_2013_1865,-94.39579824802594,51.47215361375184
NIP50_2013_1866,-88.83662448616798,53.431536371144716
NIP45_2013_1867,-86.95590486301742,51.753286846064576
NIP43_2013_1868,-87.97337603225508,51.92320692274823
SLK27_2013_1869,-91.33977367115953,53.76484454038323
NIP40_2013_1870,-87.36816096520555,52.89868264457059
SLK19_2013_1871,-89.48991689927082,51.95796542688098
NIP53_2013_1872,-86.58965673498173,52.753060046876165
SLK16_2013_1873,-90.34636875589987,52.8984217295894
NIP51_2013_1874,-87.7652286245868,53.940590001381345
SLK35_2013_1875,-90.0547327662839,52.422370614172515
NIP19_2013_1876,-87.97289918329429,52.64998625330531
THU16_2013_1877,-88.8670162674527,50.28948720043171
SLK18_2013_1878,-89.86877554330013,53.792008856871504
NIP21_2013_1879,-88.87055917588845,52.78258831609223
SLK3_2014_1880,-91.78021144174716,50.528792821896744
SLK13_2014_1881,-89.04752539434655,53.54009428387254
RED8_2014_1882,-92.69642052299855,52.41053413663036
RED1_2014_1883,-92.63083929222998,51.20176732763439
RED56_2013_1884,-93.53586462713757,52.60155789894364
SLK23_2013_1885,-89.92397958581839,54.045608891062706
NIP11_2013_1886,-86.29125666905577,52.78793697811351
NIP25_2013_1887,-88.44463960525287,51.86153736058787
RED41_2013_1888,-94.07562802754539,52.9902647565805
SLK22_2013_1889,-90.2018319080231,53.483678042461996
SLK21_2013_1890,-91.53202196135953,53.16008178293234
SLK31_2013_1891,-90.57697982179911,53.931971075179966
RED24_2013_1892,-94.07760180940178,51.38174799129374
SLK37_2013_1893,-90.94923723383043,52.962631063732985
NIP23_2013_1894,-88.0467652728809,51.88488388875895
SLK24_2013_1895,-89.68746497430733,53.911402348132036
SLK43_2013_1896,-90.0047377474122,54.3996209967434
SLK41_2013_1897,-89.78610904815878,54.10682159949181
TIM7_2012_1898,-81.5755209781538,47.46349217930943
RED60_2012_1899,-93.15301826242052,53.35471443740328
RED66_2012_1900,-93.71467856156254,53.03133216786752
RED39_2012_1901,-92.95660866097779,50.92550883888249
RED52_2012_1902,-94.19453044900276,52.78613468589724
TIM47_2012_1903,-81.75238683329309,47.07679299532158
WAW5_2012_1904,-85.32537370590146,48.61152692314931
RED64_2012_1905,-93.15118048296092,53.63718642787804
RED72_2012_1906,-95.08187520558958,52.64737469142624
KLK11_2012_1907,-80.04289997929732,47.952244278960876
RED51_2012_1908,-94.36690304262837,52.433315718268844
RED59_2012_1909,-93.78952362390984,52.85539619759274
SLK97_2012_1910,-92.23664464028732,52.415829923711286
COC10_2012_1911,-80.20056223688948,49.86372859660085
NIP62_2012_1912,-85.99686340883817,50.859851050013205
RED38_2012_1913,-94.8579464239419,50.92065454877387
SLK71_2012_1914,-91.7753924390761,52.30701311490604
SLK81_2012_1915,-89.31458170759984,52.48963021619358
WAW4_2012_1916,-83.92716395703958,47.488738396237366
KEN36_2012_1917,-94.74985196176199,49.395319200499166
RED71_2012_1918,-94.80129873995558,52.03975979597061
SLK20_2012_1919,-90.590052003001,52.190306537652326
HEA9_2012_1920,-82.63043575134914,48.76446754685668
TIM27_2012_1921,-82.11946869328234,48.09208107982256
RED58_2012_1922,-93.72562063599665,52.85403553396486
RED63_2012_1923,-93.20161428104258,53.633418422122304
CHA8_2012_1924,-82.46714555744882,48.33322335155175
RED34_2012_1925,-93.35677779716842,53.66535902203892
RED50_2012_1926,-94.26550639136615,52.46675105301712
SLK79_2012_1927,-91.93042231528102,54.2056162222314
SLK93_2012_1928,-89.14332514791482,51.73327136406052
NIP32_2012_1929,-87.68457581490622,50.96042021124476
NIP61_2012_1930,-88.84839320456452,51.89746614416354
SLK105_2012_1931,-92.76371063002503,50.325528920620485
SLK47_2012_1932,-90.20915323327701,50.43440524144168
PEM25_2012_1933,-77.5691471820127,45.92264347368103
WAW17_2012_1934,-84.9277324550765,48.395775604406474
FOR59_2012_1935,-91.20251699192075,48.126995797078905
RED62_2012_1936,-93.08419043338935,53.64517502087827
RED70_2012_1937,-94.05375557478278,53.08324931842281
SLK5_2014_1938,-92.1310006783272,50.66893771850621
SLK237_2017_1939,-89.97798108775625,51.139776498361876
SLK45_2017_1940,-91.80392255650733,53.22010563391763
RED23_2017_1941,-94.99148372970325,51.21266918935991
NIP78_2017_1942,-88.82068475349355,51.823713640541754
FOR1_2017_1943,-92.9209463723712,49.021105705244786
SLK2_2017_1944,-92.17927660380576,50.65436634390851
NIP37_2017_1945,-87.80329280397908,52.359578434114695
SLK187_2017_1946,-90.95664456757984,53.103209351301125
SLK8_2017_1947,-91.66336722096146,54.02182837454153
SLK32_2017_1948,-92.1553754179067,52.69866288375127
SLK42_2017_1949,-89.16592006880697,51.69449900520033
SLK36_2017_1950,-89.29089531280452,51.39002168053955
SLK129_2017_1951,-91.63457263872414,54.36818045904885
NIP12_2017_1952,-86.08230111670524,51.37858202491189
NIP40_2017_1953,-88.4381131846396,51.98603871492285
NIP75_2017_1954,-87.25760906028589,51.143272563261085
NIP46_2017_1955,-88.62946870338763,52.37324399491183
SLK102_2017_1956,-91.04819149054433,52.612682750651395
NIP64_2017_1957,-87.49207001076057,52.53920801789914
RED124_2011_1958,-94.60696480378785,51.23270330669751
KEN28_2015_1959,-95.07334984805533,49.68358521903788
RED10_2015_1960,-94.23437657845605,51.61691683828382
COC12_2015_1961,-80.20194018032927,49.20322840148369
RED59_2015_1962,-92.66252955241106,54.09470110853053
SLK55_2015_1963,-91.64445313721599,54.38914577632835
KEN1_2015_1964,-94.899444781506,50.158539830562496
NIP20_2015_1965,-86.98267065096735,53.17901732221359
RED24_2015_1966,-94.90511826488661,51.26184705842609
SLK19_2015_1967,-90.19232952882052,53.32285045125062
RED44_2015_1968,-94.64263104632724,51.30951537839892
SLK53_2015_1969,-91.93913573279626,52.66780548225928
SUD38_2015_1970,-81.39866700009819,47.023053238129464
KEN5_2015_1971,-94.95182343012834,50.24827691466199
NIP31_2015_1972,-87.96040801518305,52.55050928457227
NIP32_2015_1973,-88.56088856553268,52.399526816767526
SLK23_2015_1974,-89.6699313844545,52.0213787268487
SLK30_2015_1975,-89.83118422866258,52.5521309733826
NIP24_2015_1976,-88.21443186110284,52.19015229605459
COC13_2015_1977,-79.90648485197616,50.64079586647541
SLK1_2015_1978,-91.32358152568918,50.16830184870686
NIP23_2015_1979,-88.23696267173857,53.18373837214651
SLK32_2015_1980,-91.95047740161607,53.346025411231516
SLK21_2015_1981,-91.28127754990231,52.58432913990385
SLK67_2015_1982,-91.2249288929412,54.421964810599654
RED25_2015_1983,-94.72133075962283,50.87193815727104
NIP19_2015_1984,-88.5847456239564,53.43578682418641
SLK36_2015_1985,-89.48033877460996,52.699580276733684
RED11_2015_1986,-94.45431584171811,51.525892935048056
RED58_2015_1987,-92.99702780643692,53.56619515620312
SLK62_2015_1988,-89.26185987312037,53.714228043309554
SLK41_2015_1989,-90.67822866973991,52.89099594156498
NIP30_2015_1990,-89.00178632071034,52.61872675337919
NIP17_2015_1991,-87.6990172841963,53.50715731168545
SLK28_2015_1992,-91.341776584426,52.31445827119455
RED17_2015_1993,-94.12930770048239,52.523882389078835
RED16_2015_1994,-93.7983586597242,52.71744459211375
NIP38_2015_1995,-88.0900838815094,52.291929024807175
RED46_2015_1996,-94.93438149099633,51.29869983054407
SLK57_2015_1997,-91.90030261057174,53.1348729434382
RED7_2015_1998,-94.32216250597718,51.35813232534727
RED50_2015_1999,-94.36529478573735,50.641163524898126
SLK23_2016_2000,-90.48896113900122,52.94683081424197
THU19_2016_2001,-89.89751306991685,49.198217469748535
NOR32_2016_2002,-79.97739833768686,47.332009234760235
NIP12_2016_2003,-86.9548945220439,49.76476409860137
HEA4_2016_2004,-84.55380231670323,49.791006482950465
RED3_2016_2005,-94.90595006091617,50.87081569081406
SUD35_2016_2006,-80.3463557117958,46.533238665678965
SLK29_2016_2007,-91.74985942005364,52.11897305364784
KEN1_2016_2008,-94.90900934443587,50.15790911748337
THU1_2016_2009,-89.78172550326119,49.535158720733016
WAW7_2016_2010,-85.98218663907072,48.70145946461128
HEA5_2016_2011,-84.87129930000671,49.79868066174001
SLK6_2016_2012,-89.83932750714416,53.05991785010553
NIP15_2016_2013,-87.86293839176865,52.15801418449166
KEN18_2016_2014,-95.13203332764243,49.834677261288185
APK20_2016_2015,-77.68792108548652,45.868030019116624
SLK30_2016_2016,-91.56711975065865,51.969501784579606
RED29_2014_2017,-92.5704614821871,51.93335048262618
KEN1_2014_2018,-94.9039279691213,50.15788269423935
RED4_2014_2019,-94.06137780815689,50.90870166969769
RED17_2014_2020,-95.00479880914308,51.340670985878454
SLK4_2014_2021,-91.79091613299335,50.73553877076532
NIP23_2016_2022,-88.5616673922242,52.15429378529254
SLK115_2017_2023,-89.75269355500089,52.887319831791444
NIP32_2017_2024,-87.43807959351464,51.14396961646104
RED34_2017_2025,-92.59705320691668,52.698593325688655
SLK200_2017_2026,-89.01788019786696,52.01274020445897
NIP54_2017_2027,-88.28884803281032,52.44882102410688
NOR68_2018_2028,-79.38214248265808,46.882034642554046
RED38_2018_2029,-92.68261311960019,52.40483043183918
RED110_2018_2030,-92.53995549242494,51.18165305839811
NIP13_2018_2031,-87.52298279786943,51.96814226348384
RED30_2018_2032,-95.12697880619862,52.074521594963635
RED108_2018_2033,-94.57754609129812,51.121057661892216
NIP37_2018_2034,-88.7956511234452,52.063182443860974
NOR72_2018_2035,-80.31720285968177,47.471361576137724
THU52_2018_2036,-89.720469894836,50.710160320139494
NIP40_2018_2037,-88.3310271695229,52.121755596290974
PEM7_2018_2038,-77.9851513103161,46.20172497101229
FOR24_2018_2039,-91.39784287959546,48.5131659523123
RED82_2018_2040,-94.90931075710967,51.275752553570705
COC20_2018_2041,-81.23591245743998,50.502051968044455
HEA12_2018_2042,-81.96496813804862,50.061874265772275
SLK44_2018_2043,-88.970380202974,52.06261471900917
NOR56_2018_2044,-79.56423105348932,46.95752134280441
TIM6_2018_2045,-81.75088223725297,48.65301925086682
SLK51_2018_2046,-91.25294564957935,52.35934264481688
SLK48_2018_2047,-90.29131778617122,52.380669811069474
NIP5_2018_2048,-87.32251389838588,53.05357441699696
RED80_2018_2049,-94.74256621552442,51.12173553523988
NIP32_2018_2050,-87.77775041505312,53.19321602941046
THU36_2018_2051,-89.88313062710755,50.29727062140491
RED170_2018_2052,-95.01007663147035,52.06240917841182
NOR62_2018_2053,-80.10631297108083,46.7237237654616
SLK19_2018_2054,-92.2318857016629,53.6464079252519
NIP29_2018_2055,-88.30916193134871,52.73638147141214
SLK23_2018_2056,-91.66071590085527,52.817230823623
NIP27_2018_2057,-88.9044377377859,51.98559521731204
SLK37_2018_2058,-92.29895750135697,53.84694492290302
NIP31_2018_2059,-88.43729280983834,51.57972631713918
RED86_2018_2060,-94.77759859618399,51.30276902297544
RED103_2018_2061,-94.64582896615299,50.97121605442248
SLK57_2018_2062,-88.95421378479016,52.78318499624137
KEN71_2018_2063,-94.97804683388775,50.444764411859225
RED97_2018_2064,-94.73999299292728,51.11095406433942
SLK68_2018_2065,-89.63760177589407,52.03983889455318
NIP10_2018_2066,-88.54771004948638,51.45066440060607
SLK53_2018_2067,-89.04274305951883,52.88381845589313
SLK18_2018_2068,-91.31527218149711,53.99106970355326
NOR46_2018_2069,-80.35482860045461,47.25473556472857
RED67_2018_2070,-95.05296792597404,52.89969463449984
PAR33_2018_2071,-80.71838351640437,45.93054425826135
SLK175_2017_2072,-90.16591035332449,53.379041284699596
THU58_2017_2073,-89.44189138207415,50.900547091096286
SLK96_2017_2074,-88.94074658164106,52.877723428377976
SLK43_2017_2075,-89.23253034623254,51.90271167295454
SLK82_2017_2076,-90.96090796530305,52.57626716943332
SLK23_2017_2077,-91.22843292813211,51.60195496236552
NIP29_2017_2078,-88.64545144943486,52.861557219236886
NIP77_2017_2079,-88.80744883613814,51.7372438397733
NIP68_2017_2080,-88.04017872434913,51.7567033283025
SLK122_2017_2081,-89.40531300119913,53.57834089518975
SLK157_2017_2082,-90.47450214279263,53.23883387446302
SLK44_2017_2083,-90.58942561079749,51.67467062949802
NIP73_2017_2084,-88.43317364715793,51.55447056457161
THU59_2017_2085,-89.5239216997714,50.56167145098934
SLK64_2017_2086,-91.710514525435,52.71390557153949
THU61_2017_2087,-89.65221791758536,50.58770379025253
RED87_2017_2088,-93.73663236503484,53.57064891956275
SLK26_2017_2089,-90.92947277506859,51.263772051390504
NIP9_2017_2090,-88.27553794134054,51.792336422526915
NIP39_2017_2091,-88.30561413853177,52.178949959913226
RED69_2017_2092,-92.5917009181676,52.5465366515156
THU31_2017_2093,-89.63819254606109,50.7430995491995
NIP99_2017_2094,-87.9525483172273,49.093229673919645
SLK103_2017_2095,-91.0424211199841,52.83443263023227
SLK63_2017_2096,-90.90471651459642,52.564299528066265
NIP98_2017_2097,-87.64228247860038,52.620118088228615
RED56_2017_2098,-93.7476343873684,52.87853042608979
SLK7_2017_2099,-92.20428643810318,53.213959196012716
SLK162_2017_2100,-91.17162963787426,52.50401960389465
SLK68_2017_2101,-89.03313746324204,52.73262838412008
RED103_2017_2102,-92.50832088541625,52.40729266781143
NIP65_2017_2103,-87.5856027758654,52.553689523123595
NIP11_2017_2104,-86.9767250498562,52.30795008831771
SLK38_2017_2105,-89.23578997043185,51.60647566083331
SLK33_2017_2106,-90.73234303209921,51.73087806527479
SLK17_2017_2107,-91.3904541394997,51.89563447805172
KEN1_2017_2108,-94.91028411072605,50.155766647926825
NIP67_2017_2109,-88.08483258684907,51.981764229749274
SLK52_2017_2110,-89.0382738180988,51.84025429909751
NIP38_2017_2111,-87.96044049826973,52.34871168373437
NIP105_2017_2112,-86.20592470204558,53.82784501296379
RED54_2017_2113,-95.00957498937996,51.7044620041889
NIP95_2017_2114,-88.67760751942393,52.82128248792616
NIP30_2018_2115,-88.15338725520398,52.8331572322772
RED96_2018_2116,-94.79947357901942,51.0205256763741
SLK117_2018_2117,-90.18480518643993,50.85215972763411
SLK56_2018_2118,-91.72785581733747,52.364292938588406
NOR69_2018_2119,-79.83541378030318,47.03195441722558
SLK78_2018_2120,-92.8994279418351,50.42239169840806
NOR25_2018_2121,-80.38189243465897,46.730422173285596
NIP53_2018_2122,-88.96673450376288,52.11769220114073
SLK67_2018_2123,-89.7394384620721,52.063232191087074
RED55_2018_2124,-94.82747725341525,52.867407988595374
SUD83_2018_2125,-81.31417006223056,46.7327798513341
COC14_2018_2126,-80.73701283779563,49.8819589275411
RED81_2018_2127,-94.93336585514245,51.26988215044681
SLK49_2018_2128,-90.89890621711642,52.34819283089313
NOR42_2018_2129,-79.98139270824349,46.74982009264733
RED57_2018_2130,-94.70933364555415,52.80605302685455
KEN1_2018_2131,-94.90373337986873,50.154475786094665
NIP45_2018_2132,-87.96752807727198,53.3829927964187
SLK162_2018_2133,-91.04810952354498,50.699431474891185
NOR61_2018_2134,-80.45336978529875,47.18335085742666
SLK113_2018_2135,-93.00803635265554,50.548398764525494
NOR19_2018_2136,-80.43505779157915,47.256928846453604
PEM6_2018_2137,-78.07795677394981,46.13431127909559
RED78_2018_2138,-94.9616407153458,51.299529479270824
COC15_2018_2139,-80.19509128641495,50.49524301047413
KEN77_2018_2140,-94.71397692984944,50.63706474512367
NOR55_2018_2141,-79.74466037681681,46.98626029136345
SLK26_2018_2142,-91.1495454287912,54.454722879876
SLK55_2018_2143,-91.51802709029512,52.35771080281565
SLK22_2018_2144,-91.67739273363752,52.67011855196066
COC8_2018_2145,-80.44158777734644,49.196298915155324
NIP20_2018_2146,-87.61645535694218,52.608657880843964
RED76_2018_2147,-94.90052561732307,51.17217798115096
RED52_2018_2148,-92.63240048939683,52.30128283794053
RED70_2018_2149,-94.66151886874508,51.611150821787206
RED60_2018_2150,-94.46008983068666,51.78329981556062
NIP24_2018_2151,-88.546669512651,52.5557772413083
NIP49_2018_2152,-88.08396317804566,53.28892054866857
TIM12_2018_2153,-80.63596692065461,48.44254943210643
SLK27_2018_2154,-89.49189604562399,52.654590310562185
RED109_2018_2155,-94.96679264194677,51.31155570050418
RED115_2018_2156,-93.54022476581636,51.45088241860619
NIP16_2018_2157,-87.89490730062747,51.81072104295375
RED121_2018_2158,-93.73633781685992,52.83905197416669
COC36_2018_2159,-87.52381806718417,54.2843236759879
SLK37_2020_2160,-89.66656850890242,51.133901415434444
THU4_2020_2161,-89.89406980766339,48.67589692082238
COC10_2019_2162,-79.86622694010163,50.45735623491185
SLK40_2019_2163,-92.17641346497528,53.25031311929888
RED23_2019_2164,-92.89689035294985,52.79608406465779
RED44_2019_2165,-95.02528723245172,51.752207096558216
FOR2_2019_2166,-93.85208476488542,48.99123052083932
SLK38_2019_2167,-90.72417824871731,53.1487585837521
SLK33_2019_2168,-92.12876262784866,53.58447704829169
RED45_2019_2169,-94.95440263662373,51.499655693341325
SLK39_2019_2170,-91.11348743073194,52.49566649734872
RED38_2019_2171,-94.12005687790607,51.75710715358502
RED39_2019_2172,-94.19307587853615,51.63918716252359
TIM2_2019_2173,-81.81148586416217,47.72873586233566
RED57_2019_2174,-93.00972690931118,53.441773178593344
SLK37_2019_2175,-91.60548703753047,53.52856595069064
RED14_2019_2176,-93.89586305467513,51.790592839983795
RED40_2019_2177,-93.49468265720739,51.39627621551248
RED17_2019_2178,-93.12072432905919,51.421437459597506
NIP11_2019_2179,-88.07657069335279,48.677491054915855
RED59_2019_2180,-94.62426069711388,51.24036276317375
RED25_2019_2181,-94.4949790576954,52.89205033122978
RED30_2019_2182,-93.510435208145,53.08240127423055
SLK41_2019_2183,-90.34769813847777,53.25650908697847
SLK31_2019_2184,-92.50776163988009,53.196633491185885
RED37_2019_2185,-94.02580316655471,51.37375863898838
RED24_2019_2186,-94.3878405373004,52.50427349048509
SLK22_2019_2187,-90.44153962001491,50.7250075957355
SLK8_2019_2188,-90.16356677087089,51.459049717327936
RED49_2019_2189,-95.13659612883734,51.79352830167534
RED60_2019_2190,-93.35897055634322,53.58787001499281
KEN1_2019_2191,-94.90653326856805,50.15338098549491
RED75_2019_2192,-93.8176774493385,50.81506933575214
RED62_2019_2193,-93.76182330499715,53.57282708573124
RED12_2020_2194,-94.5601904300541,51.894313481911034
RED22_2020_2195,-94.78253738968725,53.05545439040161
NIP47_2020_2196,-86.92854865403415,51.52799894118407
SLK26_2020_2197,-90.27524177176707,54.04909052197419
RED8_2020_2198,-94.03306425029217,52.247850956372524
RED24_2020_2199,-92.68806058389991,52.64336324265193
SLK36_2020_2200,-89.99642596613768,51.794913123621285
SLK25_2020_2201,-89.83995278568354,53.95320860739929
NIP30_2020_2202,-87.6623505590016,51.40566519169066
NIP46_2020_2203,-87.06966604304588,51.50405902579953
RED29_2020_2204,-94.54585551266047,52.65137234984427
SLK3_2020_2205,-91.44857159706059,51.77996222072576
NIP51_2020_2206,-88.14047531055706,52.08621080778581
NIP26_2020_2207,-88.92476215521249,53.640061799888215
NIP45_2020_2208,-88.50911970728541,51.46015523088299
RED18_2020_2209,-92.98704179717033,53.49521540009309
RED49_2020_2210,-93.87332264153498,50.976745400388445
NIP40_2020_2211,-88.6127492910093,49.65907496743161
COC11_2020_2212,-89.74727062358798,54.40149448654151
CHA3_2020_2213,-82.40899342011737,47.131314869679976
SLK48_2020_2214,-90.74324060550406,53.80553493317408
COC12_2020_2215,-89.22599571319834,54.39350260159513
RED9_2020_2216,-94.85047310636456,51.613156177062116
SLK47_2020_2217,-91.43028815955462,53.92453529643933
RED30_2020_2218,-94.324530937153,52.69957549588762
