"","Fire_ID","history","rbr","rbr_w_offset","Fire_Year","host_species","total_pixels","host_pct","Average.Recovery","Max_Overlap_Area","Max_Overlap_Percent","fire_area","isi_90","dc_90","dmc_90","ffmc_90","bui_90","fwi_90","recovery","mean_temperature","sum_precipitation_mm","sum_precipitation_m","x","y","median_tri","mean_tri","X","Cumulative_Years_Defol","Time_Since_Defol","window_opp","window_opp_2","distance","weights","subclass"
"1","CHA10_2010_1589",1,562.55,532.81,2010,279,364,76.6,104.52,764973.381643113,100,1.092,13.6,133.5,52.1,93.4,52.9,24.7,104.52,20.86,5400.1,5.4,-83.0726319975474,48.567936821171,0.707106781186548,0.66414675729401,928,2,0,"1","1",0.758115559967227,1,"1"
"2","CHA18_2005_1513",1,606.9,283.7,2005,206,226,91.2,74.98,954810.227397526,100,0.678,8.8,384.4,70.7,90.9,94.2,27.5,74.98,20.65,5181.41,5.18,-82.9194249935863,48.3000851465534,0.5,0.556624494654832,920,2,0,"1","1",0.295926663301177,1,"2"
"3","CHA29_1995_249",1,504.62,238.17,1995,43381,54481,79.6,118.38,129459435.202267,100,163.443,6.8,483.2,72.2,88.9,102.6,21.3,118.38,20.42,4552.43,4.55,-83.561718646063,48.3049507140434,0.935414346693485,1.25687856870723,860,9,6,"3","2",0.377148976692835,1,"3"
"4","CHA52_1991_1021",1,273.85,225.15,1991,1786,2786,64.1,226.04,14118341.139901,100,8.358,7.5,479.9,67.1,90.8,95.5,24.8,226.04,20.32,4457.07,4.46,-82.9552899195438,48.2378533634276,0.707106781186548,0.816748900460798,894,13,2,"1","1",0.272473525566189,1,"4"
"5","CHA7_1992_829",1,275.55,336.29,1992,2428,3018,80.5,225.63,9124349.66486442,100,9.054,8.1,42.9,19.4,92.1,19.9,10.2,225.63,19.94,4535.26,4.54,-83.5514462698279,48.1657252463696,1.06066017177982,1.46220060037386,887,12,3,"2","2",0.501273886025395,1,"5"
"7","CHA9_1990_922",1,636.47,351.63,1990,24914,36140,68.9,94.67,92676888.4354738,100,108.42,17.8,128.7,45.2,91.8,46.9,33.3,94.67,20.18,4552.42,4.55,-83.0754831889328,48.1076349005627,0.707106781186548,0.936304694691505,891,14,1,"1","1",0.421439789964394,1,"6"
"8","COC10_2005_1519",1,563.52,247.98,2005,1191,1191,100,79.33,5939466.64672292,99.9999999999999,3.573,15.2,86.4,39.7,94.3,40.1,27,79.33,20.14,5322.61,5.32,-81.1450723554035,49.4683827787097,0,0.229210789810124,923,2,0,"1","1",0.132350046053039,1,"7"
"9","COC12_1992_485",1,281.43,321.73,1992,2103,2103,100,164.52,10102370.2759808,100,6.309,11.5,167.7,53.1,91.3,59.4,28.2,164.52,20.04,5100.96,5.1,-81.8111750882097,49.6900568417455,0.5,0.538591771938648,869,6,11,"4","3",0.207517060851845,1,"8"
"10","COC14_1992_125",1,515.52,357.42,1992,764,764,100,91.11,1829644.38450324,100,2.292,10.9,195.5,54.1,91.1,58.6,30.4,91.11,20.53,4924.98,4.92,-81.3161844364557,50.4887028215452,0.353553390593274,0.435710127931266,1538,3,13,"4","3",0.199641768260456,1,"9"
"11","COC14_2006_1606",1,613.04,449.29,2006,265,351,75.5,76.62,701632.223473717,100,1.053,9.1,39.9,13.4,81.9,14.6,8.7,76.62,20.16,5381.39,5.38,-81.011907548866,49.2381137580816,0.612372435695794,0.45037407041001,929,2,0,"1","1",0.543681796740391,1,"10"
"12","COC15_2001_48",1,615.39,213.99,2001,507,507,100,70.05,3687521.89911338,100,1.521,10.2,169.8,51.9,91.6,57.5,22.5,70.05,19.94,5543.55,5.54,-81.1457318274209,50.1327423311834,0,0.225594934959227,849,2,0,"1","1",0.139313480734285,1,"11"
"13","COC19_1997_521",1,595.18,386.32,1997,16532,18681,88.5,97.4,63013988.1454043,100,56.043,11,158.8,63.7,91,65,23.5,97.4,20.24,5396.11,5.4,-80.4649402637194,48.8880843575876,0.612372435695794,0.588409007347535,873,8,8,"3","2",0.453194975437497,1,"12"
"14","COC23_1995_1273",1,536.92,265.45,1995,44889,44913,99.9,84.98,188940392.373745,100,134.739,7.4,231.5,49,88.4,61.4,18.8,84.98,20.49,5213.33,5.21,-81.2797307208751,50.2539946138938,0.353553390593274,0.363593699219373,905,2,14,"4","3",0.17405078991239,1,"13"
"15","COC24_1995_496",1,577.56,308.41,1995,5521,5527,99.9,74.71,19480959.113385,100,16.581,7.3,251.6,54.9,88.8,67.4,18.7,74.71,20.02,5184.6,5.18,-80.9161430628005,49.8172159941799,0.5,0.533239584481663,871,2,14,"4","3",0.213860720286272,1,"14"
"16","COC34_1997_475",1,637.26,166.47,1997,1823,2128,85.7,80.03,12341739.8821146,100,6.384,10.3,168.3,65.3,89.8,65.7,23.5,80.03,19.78,5695.44,5.7,-79.5268116839338,49.1532363117063,0.5,0.377753440986637,867,2,0,"1","1",0.232998344542367,1,"15"
"17","COC34_2006_1686",1,625.14,134.21,2006,276,276,100,74.74,433945.489338966,100,0.828,5.7,244.2,22.4,84.9,36,11.5,74.74,20.42,5395.55,5.4,-81.2190540157253,50.5129010904211,0.935414346693485,1.01815164630697,932,2,0,"1","1",0.301885525892666,1,"16"
"18","COC37_1995_372",1,515.16,291.61,1995,612,613,99.8,86.3,5427417.1850478,100,1.839,10.7,395.7,42.6,89.9,66.9,24.2,86.3,20.5,5284.14,5.28,-81.7651096597987,49.398042872306,0.612372435695794,0.509381668401714,863,9,6,"3","2",0.252275844848965,1,"17"
"19","COC38_1995_629",1,498.78,322.28,1995,32707,32756,99.9,94.02,58236688.8708414,99.9999999999998,98.268,9.8,482.1,51.5,89.4,80.2,24,94.02,20.56,5203.17,5.2,-81.5634388351299,50.1182286288802,0.612372435695794,0.671053984997931,879,2,14,"4","3",0.315952752458081,1,"18"
"20","COC8_2006_1649",1,580.7,416.49,2006,782,880,88.9,109.82,2355705.49075031,99.9999999999999,2.64,9.1,37.6,13.3,81.8,14.3,8.7,109.82,19.98,5378.32,5.38,-81.0461924596579,49.3967004618393,0.5,0.47045424946006,930,2,0,"1","1",0.406617846167288,1,"19"
"21","COC9_2002_100",1,346.07,350.61,2002,1746,1771,98.6,151.33,5579028.64493648,100,5.313,11.2,298.2,59.7,91.6,77.7,27.3,151.33,20.17,5452.98,5.45,-81.326204596097,50.1362867108635,0.612372435695794,0.626043813935922,854,2,0,"1","1",0.373164290911028,1,"20"
"25","DRY12_1996_1145",1,532.53,231.4,1996,5489,6157,89.2,82.97,19613135.6186356,99.9999999999999,18.471,9.6,218.8,69.3,92.5,74.5,22.3,82.97,20.62,5531.52,5.53,-91.0774706000467,49.2137402013582,0.612372435695794,0.651163781605189,1413,5,2,"1","1",0.389655639323333,1,"21"
"27","DRY18_1996_839",1,409.57,166.13,1996,2544,2972,85.6,104.98,14562461.0226415,99.9999999999999,8.916,10.8,183.5,69.4,92.7,72.6,25.5,104.98,20.91,5690.94,5.69,-91.9007413107029,49.5485172476986,0.612372435695794,0.718441748845958,1256,12,2,"1","1",0.44829195912103,1,"22"
"30","DRY26_1995_1350",1,441.33,318.01,1995,6335,6434,98.5,102.14,17367700.517563,100,19.302,5.5,283,91.8,89.2,96.1,20,102.14,20.62,5548.96,5.55,-91.4315601790553,49.2718241724345,0.612372435695794,0.670238383307211,1572,10,1,"1","1",0.427563570817813,1,"23"
"31","DRY29_1995_275",1,358.14,222.81,1995,7127,8025,88.8,124.35,24788540.432467,99.9999999999996,24.075,5,277.8,82.5,88.2,90.1,17.9,124.35,20.67,5694.99,5.69,-91.8486928512468,49.7618123041178,0.790569415042095,1.02623355065798,1245,12,1,"1","1",0.583469213075991,1,"24"
"32","DRY31_1996_1105",1,476.68,186.97,1996,36581,36846,99.3,89,128242748.268087,99.9999999999998,110.538,6.1,218.1,64.2,89.3,70.1,17.7,89,20.56,5207.18,5.21,-90.4019908421727,49.8204401270127,0.612372435695794,0.722876493452715,1404,3,2,"1","1",0.22042884459397,1,"25"
"33","DRY32_1995_703",1,436.46,158.22,1995,4680,4867,96.2,90.02,17016719.1073888,100,14.601,5.4,271.3,83.1,89.2,89.4,19.1,90.02,20.72,5725.54,5.73,-91.4278853376035,49.8318508491877,0.612372435695794,0.786264644120709,1558,11,1,"1","1",0.386767800954265,1,"26"
"34","DRY36_1996_957",1,557.49,279.74,1996,7889,9805,80.5,74.32,27686503.0837302,100,29.415,8.6,213.8,67.5,90.2,72.1,22.4,74.32,20.34,5712.74,5.71,-91.5332568380829,49.8638012644606,0.612372435695794,0.761465211258014,1562,12,2,"1","1",0.57219985667579,1,"27"
"43","FOR14_2005_1514",1,531.16,214.89,2005,2258,2413,93.6,101.47,6733199.89195599,100,7.239,5.6,281.8,34.8,89.1,50,13.6,101.47,21.19,4456.45,4.46,-91.6497557394623,48.2870695398921,1.06066017177982,1.52301439026231,45,6,11,"4","3",0.401083273455421,1,"28"
"50","FOR38_1995_439",1,424.01,298.42,1995,13327,18069,73.8,120.57,49517163.1581731,99.9999999999998,54.207,4.9,326.4,86.4,87.4,93.3,18.1,120.57,20.76,5506.95,5.51,-91.1687185602144,48.9826338168217,1.11803398874989,1.53557858589684,36,12,1,"1","1",0.852036105044624,1,"29"
"60","FOR9_1996_467",1,449.32,346.08,1996,12020,14204,84.6,123.76,36573043.3166982,100,42.612,7.1,224.5,67.9,88,73.8,16.3,123.76,21.13,5580.06,5.58,-91.7014492514172,48.470631601228,0.707106781186548,0.982251617313643,37,13,2,"1","1",0.720720093151245,1,"30"
"61","GER40_1991_716",1,285.62,239.43,1991,638,706,90.4,154.21,8397488.97617321,100,2.118,14.5,314.1,45.9,89.6,66.2,30.6,154.21,20.07,4664.81,4.66,-86.0674890600219,49.6215266367063,1.06066017177982,1.48254471688614,1378,8,1,"1","1",0.392476218051733,1,"31"
"62","GER92_1991_1201",1,666.29,401.26,1991,22818,22898,99.7,79.23,34808920.8997849,100,68.694,9,472.2,67.8,92.6,95.2,27.1,79.23,20.67,4661.06,4.66,-85.5567430172044,49.918959331423,0,0.216695319945807,471,3,5,"2","2",0.133626459014795,1,"32"
"64","HEA11_2000_58",1,724.93,93.56,2000,1925,1960,98.2,62.67,3021400.60640483,99.9999999999998,5.88,5.6,331.3,42.4,89.5,63.8,16.5,62.67,20.26,5276.97,5.28,-83.9313739229153,49.2339683038052,0.5,0.381623774204941,850,7,11,"4","3",0.0888060198148048,1,"33"
"65","HEA14_1996_1039",1,520.05,229.15,1996,448,448,100,72.75,1983472.5986882,100,1.344,9.7,145,52.5,94.6,57.3,22.4,72.75,20.39,5158.51,5.16,-81.9456658855335,50.0158216284355,0.353553390593274,0.321149811366958,899,2,0,"1","1",0.126394960371396,1,"34"
"66","HEA16_1992_418",1,535.28,491.16,1992,2476,2517,98.4,99.77,4060840.66349134,100,7.551,7.7,166.3,48.9,90.3,53.1,26.7,99.77,20.03,4989.07,4.99,-82.0726473523273,49.9284693977105,0.5,0.371551723789218,865,12,3,"2","2",0.276096882941149,1,"35"
"67","HEA20_2010_1770",1,620.33,395.19,2010,1160,1202,96.5,87.56,3732153.50599456,100,3.606,7.7,218.6,63.8,90,64.2,20.4,87.56,20.59,5610.52,5.61,-81.9345060840492,48.9768643569534,0,0.155068229579066,936,2,0,"1","1",0.341643594229626,1,"36"
"68","HEA21_1991_512",1,426.4,300.23,1991,2534,2763,91.7,109.33,8615801.4837576,100,8.289,8.3,463.2,67,91.6,96.2,26,109.33,20.4,4412.43,4.41,-84.5553360347327,49.2239611024541,0.612372435695794,0.625484688700566,872,13,2,"1","1",0.137135407144494,1,"37"
"69","HEA27_1996_270",1,427.59,303.25,1996,4484,4501,99.6,107.55,29297374.4407561,100,13.503,8.4,179.9,61.2,90.8,65.4,21.6,107.55,21.23,4954.27,4.95,-84.955130665385,49.9867371674805,0.5,0.388913937844443,861,5,3,"2","2",0.201773980250459,1,"38"
"70","HEA31_2010_1768",1,443.59,202.5,2010,1322,1326,99.7,110.63,8200201.48387634,99.9999999999998,3.978,7.3,256.2,49.6,89.1,65.3,19.6,110.63,20.44,5313.37,5.31,-82.0468452033524,49.7593338091029,0.5,0.414329606639786,935,2,0,"1","1",0.162418350164033,1,"39"
"71","HEA3_1999_1069",1,447.17,321.05,1999,376,402,93.5,108.79,1707986.7765728,100,1.206,14,99.9,41,91.7,42.1,22.5,108.79,20.34,5463.18,5.46,-84.5955124654891,49.4132124632742,0.707106781186548,0.76595095263287,900,11,4,"2","2",0.449526320855146,1,"40"
"72","HEA48_1995_222",1,321.18,248.94,1995,61824,77286,80,155.86,270206443.4498,99.9999999999999,231.858,8.6,483.1,77.1,90.5,107.8,25.9,155.86,20.46,4880.34,4.88,-83.7795138173219,48.8466456791832,0.612372435695794,0.750143993911147,859,9,6,"3","2",0.300698326878383,1,"41"
"73","HEA54_1995_1000",1,568.37,347.62,1995,34521,34548,99.9,88.54,53259662.2281285,100,103.644,6.4,431.3,60.4,83.9,88.1,19.4,88.54,21.06,5017.37,5.02,-85.0630382989351,50.0292419969366,0,0.257526193046093,1563,6,1,"1","1",0.199465830728338,1,"42"
"74","HEA63_2005_1511",1,658.79,256.79,2005,457,460,99.3,85.64,710188.375957708,100,1.38,9.2,438.5,41.6,89.5,65.6,20.5,85.64,20.49,5046.23,5.05,-83.7972305520999,49.4070743746178,0,0.224394808621346,918,2,0,"1","1",0.111758181552905,1,"43"
"75","HEA9_2012_1920",1,390.92,297.79,2012,1331,1381,96.4,138.21,11507810.142445,99.9999999999999,4.143,12.7,87.3,35.3,89.7,36.2,20.6,138.21,20.86,5563.49,5.56,-82.6304357513491,48.7644675468567,0,0.326888530143763,949,2,0,"1","1",0.320272516452218,1,"44"
"76","KEN100_1995_159",1,369.22,198.46,1995,219,1140,19.2,116.48,4211207.343983,99.9999999999999,3.42,6.4,282.5,84.8,85.6,94,21.2,116.48,20.65,5826.05,5.83,-94.6713139376638,50.1466504148418,1.22474487139159,1.75109636855045,1242,11,1,"1","1",0.985009668144409,1,"45"
"78","KEN110_2003_1423",1,505.27,91.96,2003,798,4495,17.8,108.74,7497203.57699075,100,13.485,5.8,412.9,34.3,90.3,56.3,16,108.74,20.47,5006.26,5.01,-94.7844717750383,49.8746210197377,1.22474487139159,1.54981601611152,1269,8,9,"3","2",0.849709303388549,1,"46"
"79","KEN115_1995_1049",1,316.36,96.41,1995,487,555,87.7,105.93,3145504.55600627,100,1.665,5.4,257.2,80.2,85.1,88.2,15.7,105.93,20.38,5743.34,5.74,-93.386295097551,50.4364459723968,1.36930639376292,1.90370328168153,1261,10,1,"1","1",0.765883676883797,1,"47"
"81","KEN27_2011_1832",1,574.25,143.48,2011,431,437,98.6,78.49,640700.430560421,100,1.311,6.5,256.7,40.1,90,57.7,13.9,78.49,21.18,5317.49,5.32,-93.5915744605751,50.2329382995913,0.790569415042095,0.985070131909153,1282,2,0,"1","1",0.350835665494016,1,"48"
"84","KEN91_2011_1748",1,502.54,266.69,2011,123,272,45.2,95.52,549471.069929542,100,0.816,5.1,250.9,33.7,89.9,49.1,13.7,95.52,20,3118.79,3.12,-94.5834253683491,49.3262191455129,0.612372435695794,0.891134521909034,1279,2,0,"1","1",0.112570459408936,1,"49"
"86","KLK13_2012_1856",1,578.42,198.8,2012,2293,3188,71.9,83.96,12600880.9192852,100,9.564,6.3,140.1,41.1,87,45.8,14.4,83.96,20.78,5362.14,5.36,-80.5145741746669,47.7649294959944,0.707106781186548,0.968958617303044,944,2,0,"1","1",0.560924324933168,1,"50"
"89","KLK8_2012_1841",1,584.24,346.81,2012,4900,11586,42.3,92.67,45983388.395083,99.9999999999997,34.758,8.9,121.3,38.1,90.2,43.8,18.5,92.67,20.44,5714.8,5.71,-80.069617847284,48.1907353927016,1.06066017177982,1.4434355585407,942,2,0,"1","1",0.95720420039036,1,"51"
"90","KLK9_2003_1496",1,502.32,50.62,2003,5,5,100,94.07,1814081.68216479,100,0.015,7.5,137.2,43.7,90.4,49.7,15.9,94.07,19.79,5934.71,5.93,-80.1402759410185,48.5946381347389,0.707106781186548,0.869574827237044,915,4,14,"4","3",0.269860605911858,1,"52"
"91","KLK9_2004_1508",1,539.37,-67.31,2004,697,697,100,81.85,1270226.71307962,100,2.091,3.6,201.2,12,81.9,20.7,5.6,81.85,19.74,6007.19,6.01,-80.1122633982513,48.6252652950323,0.353553390593274,0.34516085775473,917,3,15,"4","3",0.0819198871259652,1,"53"
"93","NIP12_1999_502",1,500.04,312.63,1999,88351,128286,68.9,110.92,483273956.634487,99.9999999999998,384.858,14.4,91.4,37.8,91.7,38.8,24,110.92,18.78,5243.32,5.24,-88.0690481158716,49.605563611457,0.790569415042095,1.40384569755708,1364,3,4,"2","2",0.641968932497895,1,"54"
"94","NIP151_2006_1592",1,385.28,408.68,2006,280,348,80.5,153.02,1125251.47694798,100,1.044,6.3,351.9,48.1,87.8,69.2,15,153.02,19.87,5142.99,5.14,-87.5293313581607,50.1750297083331,0.707106781186548,1.09819512511814,1453,5,13,"4","3",0.615951480159593,1,"55"
"95","NIP154_1995_756",1,582.31,204.32,1995,25887,27184,95.2,74.71,46814100.4718383,100,81.552,8.3,458.5,66.6,87.1,95.3,25.8,74.71,20.2,4515.47,4.52,-86.3923197041073,49.7810370079001,0.5,0.450509355942673,1384,7,1,"1","1",0.0611493264935502,1,"56"
"96","NIP16_2002_77",1,357.25,310.79,2002,5418,9396,57.7,137.81,38375903.6964257,99.9999999999999,28.188,4.3,146.5,23.7,86.3,30.7,8.9,137.81,17.9,1797.88,1.8,-88.5210232179708,48.4944872769025,0.612372435695794,0.959807278912164,1331,4,8,"3","2",0.00274223632748579,1,"57"
"97","NIP17_2003_1485",1,449.46,98.64,2003,395,396,99.7,81.83,3486239.41128443,100,1.188,11.6,112.8,48.9,93.2,49.1,23.8,81.83,18.05,5360.41,5.36,-88.0708683805612,50.2281279154472,0.612372435695794,0.695368471798465,1431,4,10,"4","3",0.0651184258847166,1,"58"
"100","NIP245_2006_1605",1,599.85,291.94,2006,1661,2016,82.4,95.17,3161535.63562094,100,6.048,5.1,434.6,42.2,85.1,65.9,12.1,95.17,19.06,5427.22,5.43,-87.866142245259,49.2476079835021,0.866025403784439,1.21598996477405,1461,5,12,"4","3",0.539566646622052,1,"59"
"101","NIP24_2001_7",1,454.61,82.61,2001,90,90,100,64.05,1369533.36300991,100,0.27,8.3,180.9,57.9,91.2,63.3,21.3,64.05,19.9,4983.17,4.98,-86.9912453404263,50.9132849673204,0,0.265582737786838,65,3,8,"3","2",0.0331284763563866,1,"60"
"107","NIP291_2006_1611",1,612.39,221.3,2006,501,651,77,63.58,996694.263498579,99.9999999999999,1.953,4.9,439.5,39.7,83.6,62.7,11,63.58,18.2,5237.64,5.24,-87.6222948543446,49.0050899688336,2.57390753524675,3.04376010927294,1466,5,12,"4","3",0.925807440750763,1,"61"
"109","NIP29_1997_412",1,430.51,340.85,1997,218,232,94,115.43,777937.533024555,100,0.696,4.8,218.7,52.3,87.9,58.9,13.4,115.43,16.01,4511.89,4.51,-88.4654101543597,49.6459683937362,0.612372435695794,0.82864090347167,1357,3,3,"2","2",0.0365782201990654,1,"62"
"112","NIP327_2006_1596",1,534.34,290.98,2006,2285,2614,87.4,114.62,6943554.73517447,99.9999999999999,7.842,4.9,440.6,53.5,88.3,80.9,16.6,114.62,17.79,5245.48,5.25,-88.906639016109,49.4482220889149,0.790569415042095,1.08096357255862,1454,5,12,"4","3",0.285718112803992,1,"63"
"113","NIP328_2006_1608",1,586.94,396.51,2006,1409,2142,65.8,96.6,3679558.36991433,100,6.426,5.4,440,52.6,88.3,80.2,18,96.6,20.54,5440.6,5.44,-88.9243909788793,49.2022722359743,0,0.510884800483535,1463,5,12,"4","3",0.631557503299416,1,"64"
"117","NIP344_2006_1643",1,493.64,211.08,2006,2298,3361,68.4,95.34,11748660.4735434,100,10.083,5.5,424.4,38,87.1,61.5,11.9,95.34,19.7,5079.3,5.08,-86.7037180709418,49.4517264828787,1.22474487139159,1.53346914486607,1482,5,12,"4","3",0.626462645051574,1,"65"
"118","NIP35_2010_1767",1,535.58,245.68,2010,210,210,100,79.72,919605.029837511,100,0.63,8.8,176.3,30.4,89,42.1,16.2,79.72,20.23,4682.18,4.68,-87.6440730764754,50.2571249874349,0.5,0.400463726441122,1511,2,0,"1","1",0.0760626596519161,1,"66"
"121","NIP391_2006_1575",1,637.33,258.09,2006,4760,6562,72.5,84.66,10160310.2693985,100,19.686,4.4,431.2,36.8,85.3,58.8,10.2,84.66,19.04,5097.09,5.1,-87.1153347938823,49.0521083985599,1.4142135623731,2.51031549857976,1450,5,12,"4","3",0.882611561849319,1,"67"
"122","NIP39_1996_236",1,486.11,181.51,1996,21024,23857,88.1,88.6,157294484.840117,99.9999999999999,71.571,7.2,227.4,70.9,90,79.6,20.9,88.6,19.8,4647.21,4.65,-86.943397355163,49.3380085896885,1.22474487139159,1.75923450374534,1343,9,2,"1","1",0.423870981738947,1,"68"
"129","NIP411_2006_1657",1,524.36,307.15,2006,6900,7091,97.3,106.14,13432995.7937651,100,21.273,6,427.4,37.6,86.5,60.6,13.1,106.14,19.6,5007.57,5.01,-86.5524658630578,49.279926260876,1.2747548783982,1.70748092650558,1494,5,12,"4","3",0.563889278268079,1,"69"
"132","NIP415_2006_1645",1,676.84,294.33,2006,345,659,52.4,85.1,1001005.09566005,100,1.977,6.6,442,40.5,88.7,64.7,18.1,85.1,19.52,5035.68,5.04,-86.7112469032969,49.4269694634968,1.11803398874989,1.42320934481053,1484,5,12,"4","3",0.737780668406377,1,"70"
"135","NIP430_2006_1637",1,527.82,154.4,2006,695,760,91.4,81.63,1174759.78299397,100,2.28,5.4,427.3,47.1,86.7,72.7,13.7,81.63,15.88,4853.52,4.85,-88.6265562239611,49.5605184234064,1.45773797371133,2.81448475309054,1476,3,15,"4","3",0.477206451241206,1,"71"
"137","NIP44_1996_1211",1,473.4,193.12,1996,44327,47480,93.4,82.13,285078679.166435,99.9999999999998,142.44,7,228.4,71,89.7,78.6,21.2,82.13,19.67,4789.61,4.79,-86.8076927584103,49.2016354880187,1.54110350074224,2.10612239850268,1418,10,2,"1","1",0.565833691993021,1,"72"
"138","NIP46_1996_726",1,431.21,311.76,1996,16359,21465,76.2,118.13,99312279.3200026,99.9999999999999,64.395,6.3,221.3,71,90.3,75.6,17.3,118.13,20.52,4644.62,4.64,-88.9928164285393,49.2036672965091,0.790569415042095,1.35007391899625,1379,13,1,"1","1",0.550525315532348,1,"73"
"139","NIP49_1996_366",1,429.67,270.12,1996,61419,66372,92.5,105.56,214293938.125148,100,199.116,7,235.2,71.2,89.9,80.3,20.7,105.56,19.99,4664.68,4.66,-87.2780413189822,49.3650853500169,0.866025403784439,1.20245017707598,1355,10,1,"1","1",0.300793415213386,1,"74"
"140","NIP51_1996_620",1,598.67,199.4,1996,56733,57375,98.9,70.28,227471983.104241,97.238277615771,172.125,8.5,199.6,59.2,89,65.4,18,70.28,20.14,4460.54,4.46,-87.2299740619295,50.6634902603295,0.612372435695794,0.782064454372733,289,2,3,"2","2",0.0876590792690755,1,"75"
"141","NIP52_2005_1522",1,618.37,275.55,2005,431,882,48.9,74.11,2230989.55014553,100,2.646,8,274.2,35.7,88.5,50.6,17.9,74.11,19.95,5062.2,5.06,-88.5035949434968,49.063714065761,1.11803398874989,1.34123016311048,1434,6,11,"4","3",0.755137898619299,1,"76"
"142","NIP58_2003_1421",1,615.79,153.14,2003,1510,1619,93.3,80.61,12592536.0798012,99.9999999999998,4.857,9.3,272.1,70.6,91.4,83.8,26,80.61,20.12,5293.33,5.29,-87.6215574650574,49.9141960949464,0.5,0.465946672577157,1429,5,7,"3","2",0.148328542143828,1,"77"
"143","NIP60_1996_227",1,480.35,145.21,1996,13922,14130,98.5,101.11,37117188.0611087,100,42.39,9.4,205.8,60.2,89.6,66.4,20.5,101.11,20.24,4540.65,4.54,-86.6854022694347,50.6355076982536,0.612372435695794,0.742617004470474,172,3,3,"2","2",0.0744679791886936,1,"78"
"144","NIP61_1996_318",1,612.97,367.92,1996,753,950,79.3,63.9,2745023.68079985,99.9999999999999,2.85,9.6,195.5,69.2,92.3,72.2,22.3,63.9,20.18,4606.58,4.61,-87.2904859779695,49.8213354846726,0.707106781186548,0.765368214084839,1352,5,3,"2","2",0.321964630102694,1,"79"
"145","NIP63_1996_1056",1,290.48,220.03,1996,1120,1171,95.6,146.22,9197766.87279394,99.9999999999999,3.513,6.3,220.3,71.1,90.3,75.8,17.3,146.22,20.52,4644.62,4.64,-89.0022042917883,49.1885241558158,1.17260393995586,1.87652792541563,1400,14,1,"1","1",0.524695007473902,1,"80"
"146","NIP64_1996_782",1,481.77,243.17,1996,7059,7242,97.5,99.43,31412707.5044695,99.9999999999999,21.726,9.6,195,68.4,92.4,71.7,22.3,99.43,20.36,4639.62,4.64,-87.2848251173456,49.8642193711225,0.707106781186548,0.902622492748825,1385,5,3,"2","2",0.182544205971166,1,"81"
"147","NIP65_1996_1146",1,543.78,466.42,1996,2257,2262,99.8,87.36,4105948.18441408,100,6.786,9.8,192.4,66.3,89.9,70.1,22.3,87.36,20.11,4519.68,4.52,-87.020988802149,50.0098716687504,0.353553390593274,0.372736238745467,1414,5,3,"2","2",0.151474517572688,1,"82"
"148","NIP66_2011_1835",1,571.93,116.28,2011,362,389,93.1,81.94,2003185.51067767,99.9999999999999,1.167,6.2,282.5,26.4,88.5,42.1,14.1,81.94,19.83,4732.4,4.73,-86.6060264658459,49.4216511771726,1.06066017177982,1.93191376345719,1518,2,0,"1","1",0.417460638362627,1,"83"
"149","NIP75_2002_76",1,491.29,130.27,2002,33490,38104,87.9,89.2,198832252.226525,99.9999999999998,114.312,4.7,316.2,49.1,87.6,68.1,12.4,89.2,19.7,5106.96,5.11,-86.9366168219474,49.0551819554882,1.62018517460197,2.27688102454962,1330,8,7,"3","2",0.697918373221332,1,"84"
"150","NIP77_2001_49",1,414.17,107.47,2001,13,13,100,55.09,892520.278842677,100,0.039,3.6,309.7,23.7,75.5,39.6,3.2,55.09,19.94,5155.9,5.16,-87.1757065721972,50.0632952662415,0.935414346693485,1.10172931924039,1329,5,8,"3","2",0.209427575526429,1,"85"
"151","NIP79_1996_1296",1,631.41,190.02,1996,1349,1377,98,65.28,6450926.09122871,100,4.131,8.6,199.2,59,89.2,65.2,18.1,65.28,20.14,4460.54,4.46,-87.1864261509056,50.6899811699617,0.707106781186548,0.911120771877027,500,3,3,"2","2",0.107873561089626,1,"86"
"152","NIP80_1996_310",1,573.72,390.11,1996,823,1195,68.9,95.23,3083036.67591034,100,3.585,5.9,217.1,71.3,89.8,76.3,17.3,95.23,20.41,4615.5,4.62,-89.0795018241017,49.1620895573515,0.612372435695794,0.80493587345098,1350,14,1,"1","1",0.451539554130399,1,"87"
"153","NIP80_2005_1523",1,646.96,220.68,2005,36529,49858,73.3,76.8,80200861.7755622,100,149.574,6.7,336.5,44.6,88.4,64.5,18.4,76.8,16.02,4739.34,4.74,-88.6243690907847,49.6080922595905,0.5,1.40927260903086,1435,3,11,"4","3",0.159143151475979,1,"88"
"154","NIP81_2006_1684",1,477.37,179,2006,172,226,76.1,115.75,890014.960694011,100,0.678,7.2,250.3,35.4,90.8,52,19.1,115.75,19.69,5089.03,5.09,-87.3734949806544,50.7480214165379,1.3228756555323,1.44968692249188,594,3,13,"4","3",0.510649459751986,1,"89"
"155","NIP85_2002_103",1,423.06,271.47,2002,608,2363,25.7,113.63,6375431.79416368,100,7.089,4.7,328.1,59.3,87.1,78.7,16.4,113.63,17.75,3292.19,3.29,-88.1620499784867,48.6671509838002,1.96850196850295,2.4974474891698,1336,8,6,"3","2",0.623388851656295,1,"90"
"156","NIP86_1996_856",1,594.19,377.78,1996,1047,1310,79.9,90.99,3559636.97596868,100,3.93,6.6,209.4,72.4,89.3,77.6,18.6,90.99,20.41,4615.5,4.62,-89.1356086559598,49.1662422716085,1.17260393995586,1.72025589415466,1389,13,1,"1","1",0.70871371660433,1,"91"
"158","NIP97_1999_737",1,341.47,144.87,1999,3352,3357,99.9,103.32,17515211.1275594,100,10.071,8.9,454.9,38.1,89.3,62.8,23.2,103.32,20.41,5364.98,5.36,-85.6229880293968,49.8519989815561,0.5,0.400667250242103,883,7,4,"2","2",0.131370594942928,1,"92"
"164","PEM74_1990_765",1,506.57,422.61,1990,2561,8256,31,108.95,28986082.7310543,100,24.768,12.6,195.5,63.3,90.6,68.7,33.3,108.95,21.64,3349.47,3.35,-77.449580197935,45.888682529568,0.935414346693485,1.61708354578041,14,3,15,"4","3",0.765887301545679,1,"93"
"167","RED39_2012_1901",1,508.93,152.18,2012,192,198,97,96.28,1017917.48660549,100,0.594,9.7,174,49.2,89.3,57.2,19.9,96.28,20.84,5250.75,5.25,-92.9566086609778,50.9255088388825,1,1.06744772527787,1164,2,0,"1","1",0.350373185821247,1,"94"
"168","RED65_2003_1440",1,538.25,113.17,2003,218,319,68.3,89.1,2075516.00562046,100,0.957,12.6,234.5,45.7,91.5,59.8,26.8,89.1,19.68,5241.57,5.24,-93.5399649630694,51.4580171367302,0.866025403784439,0.944241473418665,1095,3,8,"3","2",0.348863788252042,1,"95"
"169","RED81_1995_964",1,463.18,199.75,1995,16097,16492,97.6,93.65,72987190.9905044,100,49.476,10.5,234.6,73.5,91.6,81.2,27.4,93.65,20.43,5703.76,5.7,-92.862578553643,50.8262946463232,0.707106781186548,0.829654466239757,1062,3,1,"1","1",0.402735147981317,1,"96"
"171","SAU78_2006_1560",1,688.62,672.42,2006,7,569,1.2,91.48,912055.389598215,100,1.707,3.3,345.5,12.9,84,23.6,4.9,91.48,17.15,4648.75,4.65,-84.5692487532303,47.1609607082565,0,0,22,2,0,"1","1",0.605904981792685,1,"97"
"173","SLK105_2012_1931",1,571.56,224.08,2012,417,430,97,72.63,832221.81137933,100,1.29,4,207.6,20.1,86.5,31.5,8.1,72.63,20.41,5611.02,5.61,-92.763710630025,50.3255289206205,0.612372435695794,0.856933676943448,1286,2,0,"1","1",0.412093517999538,1,"98"
"174","SLK65_1995_307",1,547.12,247.74,1995,67064,69489,96.5,72.48,133634004.569101,100,208.467,10.4,241.1,73.5,92.2,81.2,27.9,72.48,20.23,5681.92,5.68,-92.1938462343731,50.5901954454595,0.707106781186548,0.854208138489237,1544,4,1,"1","1",0.443843861571607,1,"99"
"175","SLK86_1996_1174",1,474.91,261.2,1996,1621,1773,91.4,80.04,5714242.52585284,100,5.319,9.1,205.3,63.5,92.6,69.9,22.9,80.04,20.67,5491.02,5.49,-91.6680266707949,50.6515751885213,0.612372435695794,0.79547481793456,1077,3,1,"1","1",0.452754159071502,1,"100"
"178","SUD165_1991_949",1,358.04,147.39,1991,1149,1514,75.9,155.2,5157824.86755349,100,4.542,6,522.2,67,89.1,98,22.3,155.2,20.39,4783.33,4.78,-81.4266983500187,46.9980794730824,0.790569415042095,1.10419707318297,973,12,2,"1","1",0.321457996124762,1,"101"
"183","THU113_2006_1568",1,521.99,340.54,2006,315,365,86.3,96.27,772470.172940317,99.9999999999999,1.095,8.3,399.5,56.7,89.4,82.7,25.7,96.27,20.57,5936.34,5.94,-90.8636027766999,49.1739604499008,0.612372435695794,0.565006513911897,1443,4,14,"4","3",0.609222162664879,1,"102"
"185","THU132_1995_944",1,548.43,229.52,1995,16379,16645,98.4,79.92,63431573.1899986,100,49.935,9,437.8,62.7,88.4,92,19.8,79.92,20.14,4901.79,4.9,-90.0815082103889,49.8002040981028,0.612372435695794,0.859018950505022,1392,4,2,"1","1",0.198301355550598,1,"103"
"186","THU133_2006_1688",1,602.04,248.75,2006,2642,4281,61.7,87.39,6460543.10032888,99.9999999999997,12.843,5.1,434.9,57.2,88.4,85.4,18,87.39,15.54,5061.31,5.06,-88.8944699715298,49.9933483224024,0.790569415042095,1.78159840563457,1502,3,10,"4","3",0.413106337372764,1,"104"
"188","THU13_1999_514",1,504.58,77.11,1999,1455,1461,99.6,57.53,11046230.480458,99.9999999999994,4.383,4.8,220.7,67.1,87.1,68.4,12,57.53,20.1,5229.75,5.23,-89.932926164319,49.3877345284219,0.612372435695794,0.860648770517673,1365,8,4,"2","2",0.153452246404678,1,"105"
"189","THU142_2006_1634",1,510.1,225.86,2006,59851,65455,91.4,105.26,150282214.017224,100,196.365,5.3,400,50.7,87.2,76.7,13.4,105.26,20.29,5645.05,5.65,-90.0915647537599,49.5414962280169,0.707106781186548,0.883144699076882,1473,2,9,"3","2",0.461813731306234,1,"106"
"191","THU144_2006_1638",1,599.47,245.07,2006,17370,22054,78.8,97.61,41075974.8624872,99.9999999999998,66.162,6.9,410.4,56.4,87.9,83.7,18.1,97.61,20.21,5717.94,5.72,-90.2117532860665,49.5614356995571,0.612372435695794,0.816799881193194,1477,2,10,"4","3",0.558766482787961,1,"107"
"192","THU14_1995_308",1,443.51,284.89,1995,4093,4101,99.8,94.72,16365215.7544521,100,12.303,12.6,133.7,47.3,91.2,49.8,20.9,94.72,20.34,5001.57,5,-90.2489682995809,49.4426673460849,0.5,0.568041780564133,1349,8,1,"1","1",0.187799493827153,1,"108"
"194","THU154_2006_1687",1,613.72,155.29,2006,8324,10099,82.4,65.78,15199113.3749137,99.9999999999999,30.297,5.1,420.3,48.2,86.7,74.3,14.4,65.78,15.1,5641.23,5.64,-88.2887059529752,50.1696889785105,0.790569415042095,1.67780852876587,1501,3,12,"4","3",0.280672252602894,1,"109"
"195","THU163_2006_1640",1,513.11,357.51,2006,12642,17600,71.8,100.81,46066202.4768666,100,52.8,5.6,433.7,56.4,88.7,84.6,19.1,100.81,20.54,5564.06,5.56,-89.1538410617058,49.4916275739691,0.612372435695794,0.857698247515325,1479,5,12,"4","3",0.713741770333716,1,"110"
"197","THU16_2002_102",1,397.86,241.3,2002,1572,1746,90,109.11,10064394.8176783,100,5.238,6,91.9,24.7,89.1,29.2,11.1,109.11,20.54,5229.21,5.23,-89.3904440485275,49.6074327600027,0.790569415042095,1.13922111199928,1335,8,9,"3","2",0.481978718676175,1,"111"
"204","THU192_2006_1689",1,627.5,399.1,2006,1087,2802,38.8,101.4,4257617.23353776,100,8.406,5,437.2,58,88.5,86.5,18.1,101.4,15.54,5061.31,5.06,-88.9523875982762,49.981997273072,1.45773797371133,2.25159999582261,1503,6,10,"4","3",0.850004296483808,1,"112"
"210","THU31_2005_1510",1,511.09,130.2,2005,7714,7850,98.3,88.3,23203490.843857,100,23.55,9.2,263.2,46.5,91.1,61.4,20.4,88.3,17.65,5666.79,5.67,-88.7658039518551,50.2733696144258,0.612372435695794,0.706243875511168,1432,3,14,"4","3",0.105488707511793,1,"113"
"213","THU38_1996_675",1,486.09,308.27,1996,23544,28269,83.3,89.97,148442917.309778,100,84.807,6.5,217.9,69.8,89.3,74.3,17.5,89.97,20.45,4780.26,4.78,-89.0444752436825,49.4261198617908,0.707106781186548,0.935775525576706,1372,12,1,"1","1",0.373470781294479,1,"114"
"214","THU39_2007_1661",1,555.92,337.6,2007,3306,3866,85.5,97.61,11515859.3697085,100,11.598,9.7,102.6,53.6,89.3,53.6,21.1,97.61,19.93,5101.68,5.1,-89.260443488596,48.8672981019062,0.790569415042095,1.05355915807172,1497,5,12,"4","3",0.483546173671163,1,"115"
"215","THU41_1996_553",1,537.94,336.06,1996,6258,6396,97.8,84.65,11531928.8984863,100,19.188,7.8,211.2,68.8,91.7,74.4,19.7,84.65,20.36,5017.41,5.02,-90.0495452761491,49.2539526999576,0.5,0.509265936864682,1366,9,1,"1","1",0.224564275656663,1,"116"
"216","THU53_1995_1395",1,567.22,246.74,1995,2474,2599,95.2,67.58,7107652.93706148,99.9999999999999,7.797,4.1,226.3,60.7,85.7,69.5,13.8,67.58,19.45,4764.22,4.76,-88.3841921543017,50.5151751378754,0.790569415042095,1.03862020388353,1427,3,2,"1","1",0.199977065391548,1,"117"
"217","THU53_1996_593",1,570.22,263.75,1996,30062,40797,73.7,74.99,108236306.639255,99.9999999999999,122.391,8.1,214.1,68.7,91.3,74.1,19.8,74.99,20.38,5229.07,5.23,-90.6005389136762,49.2057320293575,0.612372435695794,0.766137570813254,1367,7,3,"2","2",0.458366688123142,1,"118"
"218","THU57_2005_1526",1,529.64,240.6,2005,45926,48234,95.2,90.08,100564118.083292,99.9999999999999,144.702,6.7,308.8,44.2,88.2,61.6,17,90.08,20.29,5486.55,5.49,-89.8519624122341,49.3889015212383,0.707106781186548,1.0109277768237,1437,5,9,"3","2",0.451425580974345,1,"119"
"219","THU58_1996_127",1,387.95,180.51,1996,22477,23069,97.4,109.2,116555021.170402,100,69.207,7.5,222.6,62.4,89.7,68.9,19.6,109.2,20.29,5022.78,5.02,-90.2269766875386,49.9183443868929,0.707106781186548,0.921626541343751,1338,3,2,"1","1",0.221272907132591,1,"120"
"220","THU67_1996_1222",1,418.22,305.99,1996,1714,1967,87.1,124.67,7745736.6609702,100,5.901,6.1,250.1,62.3,88,69.1,16.4,124.67,17.94,4888.57,4.89,-89.0333214057831,50.0248643066392,1.45773797371133,2.43464238947974,1419,10,2,"1","1",0.712667948371902,1,"121"
"221","THU67_2005_1528",1,529.79,92.41,2005,23027,23210,99.2,59.46,41026385.1965122,98.7654481700157,69.63,5.2,277.9,39.2,87.9,54.9,13,59.46,20.01,5706.76,5.71,-89.6839595192094,50.1867102289586,0.5,0.550567048089382,1439,2,0,"1","1",0.176899699993283,1,"122"
"222","THU71_1996_461",1,443.28,316.69,1996,4613,5371,85.9,112.07,16989698.5443857,100,16.113,5.1,214.5,70.2,87.9,77,15.3,112.07,20.36,4892.42,4.89,-90.0858688103319,49.1234824838159,0.707106781186548,0.789424805480062,1360,10,1,"1","1",0.336115333729812,1,"123"
"223","THU76_1996_311",1,532.19,188.01,1996,4424,4554,97.1,88.13,16034886.3970178,99.9999999999999,13.662,7.9,208.5,65.8,90.5,70.9,20.9,88.13,20.51,5136.28,5.14,-90.2780028097003,49.7007921453197,0.612372435695794,0.637102420843288,1351,4,4,"2","2",0.189236444121223,1,"124"
"224","THU77_1996_1187",1,581.21,361.99,1996,7258,7787,93.2,80.37,13285788.463205,100,23.361,7.8,214.3,69.8,90.6,76.1,19.8,80.37,20.34,4905.38,4.91,-90.1745038745244,49.0979243892252,0.5,0.520402451052851,1417,9,1,"1","1",0.245257759619572,1,"125"
"226","THU84_1996_147",1,543.96,294.46,1996,16542,16697,99.1,35.77,48433479.3259521,100,50.091,7.5,212.6,65.9,89.4,71.3,19.5,35.77,20.29,4950.06,4.95,-90.1274434343268,49.5619570707658,0.707106781186548,1.00624165237891,1341,4,2,"1","1",0.318581467273792,1,"126"
"227","THU90_1996_1274",1,496.33,229.77,1996,32204,34974,92.1,80.51,151393933.869807,100,104.922,7.6,206.6,62.7,89.3,69.1,19.9,80.51,20.34,4898.04,4.9,-89.8212954830161,50.0226183726964,0.790569415042095,1.14352873164588,1420,3,4,"2","2",0.339487986742351,1,"127"
"228","TIM12_1997_1531",1,644.72,180.91,1997,17587,22965,76.6,70.57,165896536.601737,100,68.895,8.5,169.6,63.7,89.9,66.4,21.4,70.57,20.48,5041.17,5.04,-80.7070489920797,48.269991502537,0.707106781186548,0.998303726733939,925,8,8,"3","2",0.394042386662809,1,"128"
"229","TIM13_2010_1776",1,650.53,121.61,2010,322,351,91.7,63.51,2528227.52887382,100,1.053,3.6,175.4,44.8,85.9,53.9,10.3,63.51,21.02,5132.18,5.13,-81.3299780777408,47.4790577232721,0.612372435695794,0.701281983534133,981,2,0,"1","1",0.217578811198891,1,"129"
"230","TIM19_2005_1512",1,321.45,142.16,2005,5075,5374,94.4,150.88,55490077.553456,100,16.122,10.5,339.5,69.1,92.2,89.3,29.5,150.88,20.6,5179.73,5.18,-80.7737744030152,48.2985814813416,0.612372435695794,0.682253195770438,919,2,0,"1","1",0.196356015876637,1,"130"
"231","TIM24_1997_121",1,608.23,128.83,1997,6066,6789,89.4,75.31,58071876.5080723,99.9999999999999,20.367,6.9,180.4,59.3,90.5,63.3,18.2,75.31,20.85,5120.57,5.12,-82.000870280718,48.258706821121,0.707106781186548,0.918095027280698,855,8,8,"3","2",0.288307766072058,1,"131"
"233","TIM2_1997_488",1,489.04,413.21,1997,672,1161,57.9,103.91,3610608.41447492,100,3.483,9.1,169.3,60.4,90.7,61.7,20.4,103.91,20.74,5083.99,5.08,-81.4316871388829,48.4270277322513,0.707106781186548,0.958759554735636,870,8,8,"3","2",0.765989506715795,1,"132"
"234","TIM34_2011_1750",1,59.53,101.65,2011,13,50,26,313.62,525829.089454915,100,0.15,6,262,19.8,89.2,33.1,12.1,313.62,21.08,5158.08,5.16,-81.6134673909416,47.4713205384305,0,0.256010194656091,934,2,0,"1","1",0.465701584311355,1,"133"
"237","TIM56_2005_1529",1,700.99,205.77,2005,325,325,100,73.8,1184501.33236025,100,0.975,8.5,361,63.3,90.1,85.8,25.7,73.8,20.8,5203.18,5.2,-81.938093733231,48.3192241524238,0,0.251303748265327,924,2,0,"1","1",0.126861225233878,1,"134"
"240","TIM7_2005_1515",1,659.68,219.62,2005,1571,1788,87.9,75.53,7295699.4038077,100,5.364,12.9,120.9,43.4,93.9,46.1,23.6,75.53,20.81,5165.87,5.17,-82.1986361343725,48.2115872082848,0.707106781186548,0.842694472624006,921,2,0,"1","1",0.366483094217675,1,"135"
"241","TIM7_2010_1774",1,349.23,238.18,2010,251,255,98.4,142.44,2185618.33531654,100,0.765,12.6,150.2,55.7,91.3,58.1,25,142.44,20.89,5337.09,5.34,-81.6288038045646,48.4585381009327,0.353553390593274,0.279327470969729,939,2,0,"1","1",0.190831914856911,1,"136"
"242","TIM7_2012_1898",1,520.44,263.41,2012,1183,2356,50.2,102,7519382.88177563,100,7.068,14.3,116.2,45.5,92.2,47.5,25.3,102,20.94,5316.81,5.32,-81.5755209781538,47.4634921793094,0.612372435695794,0.57621368480095,945,2,0,"1","1",0.625781815516702,1,"137"
"246","WAW13_2003_1409",1,504.39,197.83,2003,65153,72302,90.1,101.74,445939501.63038,100,216.906,8.4,275.7,119.5,91.6,107.9,27.6,101.74,20.09,5217.74,5.22,-86.1758477876582,49.3681233368276,0.866025403784439,1.32701147510093,1428,5,9,"3","2",0.462869572872493,1,"138"
"247","WAW17_2012_1934",1,487.56,327.61,2012,380,416,91.3,103.96,1328856.46390776,100,1.248,8.2,79.5,22.5,89.5,26.5,15,103.96,19.5,5431.58,5.43,-84.9277324550765,48.3957756044065,0.612372435695794,0.844310293473578,952,2,0,"1","1",0.413551827650513,1,"139"
"248","WAW18_2010_1775",1,634.16,174.9,2010,3933,6320,62.2,77.38,36374376.6174346,100,18.96,6.4,197.4,73,90.3,73.4,18.9,77.38,19.94,5475.07,5.48,-84.1556179802819,47.9108103546044,0,0,1592,2,0,"1","1",0.211889672746288,1,"140"
"249","WAW21_2003_1406",1,526.9,255.54,2003,18276,19545,93.5,88.69,100505557.239367,99.9999999999999,58.635,8.9,291,82.4,91.6,91.6,27.1,88.69,20.41,4944.2,4.94,-84.5213531396642,48.9215629991184,0.612372435695794,0.684800722380924,911,5,7,"3","2",0.221542542550213,1,"141"
"251","WAW31_1995_650",1,570.14,260.71,1995,4159,4387,94.8,71.8,15081689.8948423,100,13.161,5.9,309,53.8,86.8,66.6,15.9,71.8,20.03,5037.54,5.04,-85.9060870965179,48.8555832139784,1.11803398874989,1.56037054297694,881,11,1,"1","1",0.525408421650019,1,"142"
"253","WAW5_2012_1904",1,653.79,421.69,2012,134,416,32.2,91.59,1014324.75272463,100,1.248,13.5,66.6,32.2,91,31.9,21.9,91.59,19.67,5134.02,5.13,-85.3253737059015,48.6115269231493,1,1.05430046149735,946,2,0,"1","1",0.859006134013867,1,"143"
"254","WAW69_1995_946",1,415.61,237.65,1995,778,818,95.1,120.89,2999425.93312104,100,2.454,13.3,455.4,69.5,90.6,99.6,33.1,120.89,20.3,4976.74,4.98,-85.73388039096,49.3761206871324,0.707106781186548,0.810044787730091,893,10,1,"1","1",0.235721375651187,1,"144"
"256","WAW87_1995_1025",1,372.06,232.93,1995,13678,14979,91.3,151.64,31220492.7787323,100,44.937,12.2,475.1,80.6,89.2,113,39.8,151.64,20.35,4706.47,4.71,-84.6391846083732,48.5739726869404,1.45773797371133,1.8990966856932,896,8,1,"1","1",0.579671147422442,1,"145"
"261","COC17_1999_738",0,571.27,220.81,1999,99,99,100,66.64,0,0,0.297,5,203.1,25.6,89.1,36.4,12,66.64,20.06,5433.29,5.43,-80.6924274999156,50.7546969637026,0.612372435695794,0.627591996595506,884,2,0,"0","0",0.232861857394522,1,"15"
"263","COC19_2002_74",0,565.19,501.99,2002,784,784,100,72.95,0,0,2.352,5.6,354.2,43.7,87.2,63.2,16,72.95,19.91,5275.14,5.28,-80.3661744815954,50.7080247193008,0.707106781186548,0.813071084616637,852,2,0,"0","0",0.513174957913856,1,"10"
"267","COC28_1996_322",0,382.92,269.42,1996,8744,8744,100,118.69,0,0,26.232,5.8,157.4,46.3,89.2,51.3,16,118.69,19.91,4936.56,4.94,-79.8402089059087,50.6116202179607,0.5,0.438641771882425,862,2,0,"0","0",0.113200275009392,1,"43"
"270","COC36_1995_847",0,601.23,299.01,1995,352631,352751,100,76.76,0,0,1058.253,6.7,464.7,41.5,88.6,63.8,15.8,76.76,20.01,5039.44,5.04,-80.5773979043535,50.5157583887157,0.612372435695794,0.63095023977998,889,2,0,"0","0",0.200580499374725,1,"117"
"272","COC53_1996_544",0,484.21,407.84,1996,32598,32600,100,103.04,0,0,97.8,6.9,358.6,28.2,87.3,43,13.1,103.04,19.85,4957.66,4.96,-79.9273785166179,50.6501383816974,0.5,0.425529007729732,875,2,0,"0","0",0.195981504837718,1,"130"
"307","NIP104_2012_1761",0,574.05,398.33,2012,1416,1427,99.2,74.2,0,0,4.281,6.9,360.6,43.1,88.4,64.6,17.6,74.2,20.29,5029.08,5.03,-88.9746097287061,51.121627641099,0.790569415042095,0.908496060990632,1510,2,0,"0","0",0.407438772716692,1,"98"
"316","NIP189_2006_1580",0,460.28,256.09,2006,11565,11597,99.7,93.67,0,0,34.791,5.2,306.8,36.3,86.4,53.6,13.1,93.67,19.28,4995.25,5,-87.4177052987545,52.0523124994321,0.866025403784439,0.981656585957747,576,2,0,"0","0",0.20850871506549,1,"8"
"340","NIP38_2002_97",0,576.98,523.38,2002,3922,3938,99.6,98.24,0,0,11.814,8.2,285.4,44.8,89.7,59.1,20.2,98.24,20.66,5191.88,5.19,-86.1363500812794,50.8482393416489,0.353553390593274,0.342523900020027,116,2,0,"0","0",0.400771962893459,1,"31"
"346","NIP42_2003_1430",0,505.29,142.7,2003,692,692,100,63.81,0,0,2.076,13,191.6,51,91.9,61,25.7,63.81,19.83,4932.14,4.93,-87.7825851605158,51.6418693028687,0.612372435695794,0.62489812062636,542,2,0,"0","0",0.0832995077693744,1,"53"
"364","NIP54_2002_173",0,565.9,548.33,2002,654,654,100,92.42,0,0,1.962,11.2,201.1,48.4,91.2,58.1,24.6,92.42,19.43,4966.33,4.97,-87.8475871159485,52.1292229068174,0.612372435695794,0.545285480489009,146,2,0,"0","0",0.32202563412539,1,"101"
"372","NIP59_1996_1179",0,586.15,289.21,1996,3045,3046,100,58.01,0,0,9.138,7.4,175.8,54.8,89.5,60,15.9,58.01,20.19,4605.91,4.61,-87.3617067227797,51.1191153214907,0.353553390593274,0.357634632591161,463,2,0,"0","0",0.0765810170866234,1,"66"
"373","NIP59_2003_1555",0,575.59,347.05,2003,2328,2355,98.9,85.58,0,0,7.065,9.4,347.3,59.9,89.2,75.4,21.8,85.58,20.31,4968.07,4.97,-86.4776749740041,51.4028225986067,0.707106781186548,0.796871981367112,572,2,0,"0","0",0.302938492263172,1,"74"
"381","NIP63_2012_1764",0,519.21,536.04,2012,513,513,100,114.73,0,0,1.539,6.2,326.7,61.4,90.7,81.6,18.3,114.73,20.43,4664.01,4.66,-86.7777152529794,51.6032476971013,0.612372435695794,0.726743792631858,631,2,0,"0","0",0.376264295206032,1,"114"
"397","NIP81_2003_1437",0,593.25,164.41,2003,9378,9406,99.7,75.33,0,0,28.218,7,408.2,41.5,87.2,64.6,19.4,75.33,19.35,4755.81,4.76,-87.3626964319566,52.4798346614452,0.612372435695794,0.684321476061678,545,2,0,"0","0",0.0649939772615718,1,"58"
"399","NIP83_1996_805",0,513.34,416.05,1996,2479,2479,100,72.26,0,0,7.437,7.2,177.6,48.9,87.9,54.1,15.5,72.26,19.34,4723.08,4.72,-87.1062816812361,52.3974774770307,0.612372435695794,0.663071666400236,350,2,0,"0","0",0.182481039886142,1,"81"
"405","PET1_2001_50",0,655.68,613.13,2001,0,10,0,94.67,0,0,0.03,8.3,606.5,105.8,92.7,146.6,30.8,94.67,21.88,5077.53,5.08,-76.8804708178842,44.8148937168391,0,1.16660427248266,4,2,0,"0","0",0.996859305640734,1,"45"
"411","RED107_2011_1779",0,534.44,86.36,2011,12204,12465,97.9,87.4,0,0,37.395,5,380.3,67.2,88.2,85.8,15.1,87.4,19.66,4477.85,4.48,-92.9328890806489,53.7097520492644,0.612372435695794,0.681700594600889,633,2,0,"0","0",0.033331505268971,1,"60"
"412","RED10_2009_1716",0,585.27,547.02,2009,5640,5721,98.6,81.75,0,0,17.163,8.5,160.1,37.1,88,45.8,13,81.75,20.42,4998.51,5,-92.5176652616461,52.2919530332572,0.612372435695794,0.611294035277101,614,2,0,"0","0",0.453683372481787,1,"87"
"414","RED112_2011_1744",0,560.39,71.66,2011,362,362,100,72.86,0,0,1.086,10,329,61.9,90.6,86,27.3,72.86,20.73,5119.31,5.12,-92.6776094026648,51.7667812845035,0.707106781186548,0.856286707627784,1132,2,0,"0","0",0.162555416027076,1,"39"
"417","RED114_2011_1778",0,559.93,226.31,2011,1602,2880,55.6,22.78,0,0,8.64,8.8,342.8,74.7,90.3,88,24.8,22.78,21.05,4928.6,4.93,-94.6217449154208,51.6482803323379,1.2747548783982,1.47917147933182,1139,2,0,"0","0",0.769108807898352,1,"132"
"420","RED120_2011_1793",0,479.1,-13.64,2011,549,634,86.6,10.73,0,0,1.902,8.2,382.9,65.9,90.1,88.6,18.7,10.73,20.86,4748.72,4.75,-94.9624944013747,52.2793860775954,0.866025403784439,1.0103022478001,1142,2,0,"0","0",0.139678093810091,1,"11"
"423","RED123_2011_1790",0,471.67,159.38,2011,683,1123,60.8,6.06,0,0,3.369,7.2,385.1,27.4,88.1,43.3,16.1,6.06,20.73,4756.87,4.76,-94.7600918777581,52.3347799936273,0.935414346693485,1.04406130770973,1141,2,0,"0","0",0.433688834329959,1,"106"
"424","RED124_2011_1958",0,505.81,168.43,2011,182891,270540,67.6,48.62,0,0,811.62,8,418.4,45.9,90.8,69.2,21.2,48.62,21.14,4980.79,4.98,-94.6069648037878,51.2327033066975,1,1.40089492167336,1289,2,0,"0","0",0.640320819010416,1,"54"
"425","RED12_2000_25",0,461.46,227.93,2000,1630,2015,80.9,39.78,0,0,6.045,5.4,372.2,44.4,89.3,66.5,15.5,39.78,19.28,5427.42,5.43,-93.9983725046671,52.291901223191,0.935414346693485,1.15996362111774,996,2,0,"0","0",0.481909300423164,1,"115"
"426","RED13_1996_1388",0,417.28,184.31,1996,2595,4546,57.1,84.53,0,0,13.638,5,235.2,50.4,90.5,58.6,13.2,84.53,19.49,5329.04,5.33,-94.3243968938553,52.6126960794632,1.36930639376292,1.66485807589735,1092,2,0,"0","0",0.765225124914892,1,"47"
"427","RED146_2006_1628",0,493.11,177.41,2006,146230,191979,76.2,81.6,0,0,575.937,6.7,341.1,33.2,88.5,52.2,14.9,81.6,19.92,5070.46,5.07,-93.8737102325542,52.4719159470217,1.06066017177982,1.51553262781387,1109,2,0,"0","0",0.549864880603975,1,"73"
"429","RED14_1996_764",0,510.78,165.13,1996,1095,2115,51.8,49.32,0,0,6.345,4.8,231.1,50.8,89.7,59.1,13.2,49.32,19.6,5330.28,5.33,-94.8109075896227,52.502983965151,1.06066017177982,1.24412923216735,1052,2,0,"0","0",0.648231113893382,1,"64"
"430","RED14_2000_57",0,357.04,249.8,2000,12241,18832,65,128.94,0,0,56.496,6.4,385.6,49.5,90.1,73.5,20.5,128.94,19.38,5393.24,5.39,-94.3826211138995,52.2842180009532,1.11803398874989,1.37740617429576,998,2,0,"0","0",0.691473100958327,1,"30"
"431","RED14_2006_1594",0,482.84,46.9,2006,129,155,83.2,65.21,0,0,0.465,8.9,160.9,46.5,91,53.6,20.1,65.21,19.85,5021.34,5.02,-93.8832286350458,52.6179698720719,1.17260393995586,1.4746708552001,1105,2,0,"0","0",0.331641029408791,1,"28"
"433","RED15_2006_1595",0,483.55,236.23,2006,302,369,81.8,74.17,0,0,1.107,2.8,145.5,41.3,71.4,45.6,6.8,74.17,19.86,4964.17,4.96,-93.2845992805673,52.3673116589236,0.707106781186548,0.847663266946355,1106,2,0,"0","0",0.284745663669226,1,"63"
"435","RED16_1990_796",0,640.58,334.82,1990,7674,7842,97.9,63.04,0,0,23.526,6.1,469.9,64.9,88,88.1,19.2,63.04,19.69,4872.53,4.87,-93.0534583637154,52.408868745735,0.866025403784439,1.2126986521391,345,2,0,"0","0",0.364956542230965,1,"3"
"437","RED175_2006_1577",0,423.01,49.18,2006,923,2856,32.3,77.56,0,0,8.568,9.7,382,42.7,90.2,66.4,22.6,77.56,20.12,5110.17,5.11,-94.7594724690044,52.2525640328872,0.790569415042095,0.844544167080622,1101,2,0,"0","0",0.490718204768971,1,"80"
"438","RED176_2006_1632",0,516.12,209.24,2006,13730,20544,66.8,66.48,0,0,61.632,6.7,353.9,34.6,87.9,54.8,15.2,66.48,19.89,5075.32,5.08,-94.374924505014,52.3980020789368,1.17260393995586,1.39466906433857,1111,2,0,"0","0",0.599370299337117,1,"102"
"439","RED177_2006_1579",0,526.42,125.18,2006,156,237,65.8,72.33,0,0,0.711,7.2,368.1,39.4,89.8,61.7,18.1,72.33,19.98,5058.31,5.06,-94.3001303485998,52.3233275964581,1,1.01617596095901,1103,2,0,"0","0",0.376585852883473,1,"26"
"440","RED17_1996_652",0,513.6,284.63,1996,12906,13304,97,86.82,0,0,39.912,5,242,53.1,86.5,60.9,13,86.82,19.81,5482.91,5.48,-93.927030724068,52.101795865568,1,1.30051849547602,1042,2,0,"0","0",0.551362959936714,1,"107"
"441","RED182_2006_1626",0,490.04,238.23,2006,15424,33181,46.5,73.57,0,0,99.543,6.7,350.6,33.8,88.2,53.8,15.7,73.57,19.98,5012.42,5.01,-94.5049302654837,52.5916537622978,1.22474487139159,1.5471941611682,1107,2,0,"0","0",0.789420906402369,1,"143"
"442","RED183_2006_1627",0,529.68,168.61,2006,425,1057,40.2,26.11,0,0,3.171,6.9,355.4,33.7,88.9,53.9,15.8,26.11,19.86,5063.06,5.06,-94.8198020508991,52.5316075217295,1.06066017177982,1.31468002542153,1108,2,0,"0","0",0.696629576473188,1,"70"
"444","RED186_2006_1677",0,514.59,166.21,2006,19642,38558,50.9,59.53,0,0,115.674,6.8,345.4,32.8,88.9,52.6,16.1,59.53,19.96,4891.92,4.89,-94.6624105908069,52.8451678005964,1.22474487139159,1.50517705848132,1114,2,0,"0","0",0.654722039790731,1,"84"
"445","RED188_2006_1676",0,479.46,257.08,2006,1377,2430,56.7,31.83,0,0,7.29,6.6,341.1,32.7,88.6,52.6,16,31.83,19.8,4926.69,4.93,-94.3874982344503,52.8694361173909,1.45773797371133,1.73421058974282,592,2,0,"0","0",0.773139329099235,1,"76"
"446","RED18_1996_559",0,622.6,238.57,1996,6663,6730,99,63.86,0,0,20.19,5.5,198.9,49.2,90.7,55.4,14.4,63.86,18.98,5194.02,5.19,-93.5575791623249,53.1644934811171,0.353553390593274,0.855356224913001,268,2,0,"0","0",0.188016713730543,1,"108"
"447","RED192_2006_1680",0,477.35,69.6,2006,583,2041,28.6,56.81,0,0,6.123,7,351.2,32.9,89,52.9,16.2,56.81,19.96,4881.22,4.88,-94.9355304871109,52.7425273918216,0.866025403784439,0.98730162310642,1116,2,0,"0","0",0.507298217543798,1,"72"
"448","RED193_2006_1682",0,536.1,204.86,2006,63477,69723,91,56.58,0,0,209.169,6.2,335.5,33.5,88.4,53.1,15.3,56.58,19.82,4948.93,4.95,-93.7416132311221,52.7103557054195,0.866025403784439,1.20677116148905,1586,2,0,"0","0",0.314917820096692,1,"126"
"450","RED19_1999_219",0,257.44,184.17,1999,774,893,86.7,186.67,0,0,2.679,13.8,114,41.7,92.6,43.4,24.7,186.67,20,5892.21,5.89,-92.5788240355314,50.8031515804598,0.612372435695794,0.609808278354054,1010,2,0,"0","0",0.394735936759714,1,"21"
"451","RED1_2002_15",0,593.35,330.26,2002,23617,25296,93.4,68.9,0,0,75.888,6.3,319.1,47.2,88.6,62.9,16.6,68.9,19.09,4274.39,4.27,-92.5762068781979,54.2549462972932,0.790569415042095,0.854682646305726,69,2,0,"0","0",0.107829788381866,1,"86"
"452","RED21_1990_632",0,553.95,166.83,1990,7614,7853,97,78.54,0,0,23.559,7.3,454,68.3,89.4,91.7,22.3,78.54,19.93,4955.86,4.96,-94.2041984632593,51.9531270185751,1.4142135623731,1.70343680341878,1039,2,0,"0","0",0.432840555468366,1,"71"
"456","RED22_1993_309",0,538.36,158.35,1993,53451,60279,88.7,69.37,0,0,180.837,9.8,300.1,59.1,90.8,76.1,23.1,69.37,19.88,5139.92,5.14,-93.9766710323816,52.2012146536782,1.06066017177982,1.37115282317427,1016,2,0,"0","0",0.405181083152571,1,"128"
"457","RED22_1995_901",0,571.96,529.49,1995,18345,18414,99.6,90.12,0,0,55.242,12.3,142.2,65.1,92.6,65.1,26.1,90.12,19.55,5413,5.41,-92.8565682925818,52.6827388245409,0.5,0.488470010530781,375,2,0,"0","0",0.427292796917564,1,"23"
"460","RED23_2002_168",0,566.09,352.13,2002,28933,32426,89.2,82.94,0,0,97.278,6.3,247.6,50.3,88.7,64.4,17.5,82.94,19.54,5192.72,5.19,-93.4909530660266,52.7894901716787,0.707106781186548,0.976541244897942,143,2,0,"0","0",0.434626045508624,1,"22"
"461","RED23_2011_1795",0,385.25,85.63,2011,1781,2558,69.6,83.57,0,0,7.674,8.8,379.7,64.7,90.5,87.6,22.8,83.57,20.77,4794.6,4.79,-94.8384199711246,52.2217501093371,0.707106781186548,0.797150146377663,1144,2,0,"0","0",0.236483298310431,1,"144"
"462","RED24_1995_1019",0,577.81,284.33,1995,5792,5875,98.6,79.62,0,0,17.625,14.3,136.9,66.3,92.7,65.9,29.3,79.62,19.62,5532.29,5.53,-93.6385438874917,52.0999915947357,0.790569415042095,1.03799032744164,1066,2,0,"0","0",0.435169905218856,1,"40"
"463","RED24_1996_713",0,460.01,205.85,1996,4755,8086,58.8,80.31,0,0,24.258,4.9,231,49.7,90.8,58.2,13.7,80.31,19.49,5243.6,5.24,-94.4833198126094,52.7757918794888,1.11803398874989,1.31288114060267,1047,2,0,"0","0",0.632667591588913,1,"137"
"465","RED26_2010_1755",0,431.63,222.48,2010,1974,2240,88.1,84.62,0,0,6.72,12.2,91.8,41.7,92.7,41.7,21.7,84.62,20.59,5424.56,5.42,-92.2727915714146,51.0410892387396,0.790569415042095,1.01526414744633,1137,2,0,"0","0",0.492589852221441,1,"89"
"466","RED26_2011_1806",0,512.82,196.13,2011,463,620,74.7,66.22,0,0,1.86,12,363.7,70.4,90.5,92.8,34.2,66.22,20.41,4625.12,4.63,-93.9971067589587,52.6627990932344,1.22474487139159,1.53761348054745,1146,2,0,"0","0",0.496500332458318,1,"50"
"467","RED27_1996_889",0,383.69,250.82,1996,1142,1144,99.8,112.71,0,0,3.432,6.3,359.1,59,90.8,77.9,17,112.71,19.38,4961.48,4.96,-92.8684408849041,53.6094146362242,0.612372435695794,0.664518834824225,372,2,0,"0","0",0.127076287595959,1,"34"
"469","RED27_2011_1701",0,506.17,9.34,2011,1065,1419,75.1,53.18,0,0,4.257,8,374.1,60.4,89.3,81.7,23.5,53.18,20.58,4714.65,4.71,-94.1212689387847,52.5419807461653,1.87082869338697,2.23558045035279,1117,2,0,"0","0",0.61265136731078,1,"65"
"470","RED28_2012_1849",0,505.33,103.01,2012,265,267,99.3,58.73,0,0,0.801,6.7,95.8,35.3,90.3,37.6,15.4,58.73,19.63,4888.21,4.89,-93.0251749622976,53.0622364222947,0.707106781186548,0.829469807536543,664,2,0,"0","0",0.0874102781158889,1,"75"
"474","RED31_1993_549",0,630.42,241.57,1993,57700,59376,97.2,66.91,0,0,178.128,9.6,294.8,56.1,91.2,73.3,25.8,66.91,19.88,5317.27,5.32,-92.8683901287637,52.3297960278549,0.612372435695794,0.617620641121509,1554,2,0,"0","0",0.220980502475305,1,"141"
"475","RED32_2010_1751",0,564.14,227.08,2010,23753,24502,96.9,69.39,0,0,73.506,7.4,125.2,46.8,88.1,47.3,15.8,69.39,20.47,4998.37,5,-93.8108392957972,52.0206678806369,1.06066017177982,1.35460856782999,1134,2,0,"0","0",0.425024306519801,1,"68"
"476","RED32_2011_1789",0,490.94,186.66,2011,15291,20023,76.4,70.68,0,0,60.069,7.9,367.5,50.4,89.2,71.8,20.5,70.68,20.46,4812.5,4.81,-94.0473528830926,52.304023182678,1,1.23628863103382,1140,2,0,"0","0",0.420606603090245,1,"6"
"478","RED34_2012_1925",0,480.77,309.75,2012,628,635,98.9,93.03,0,0,1.905,8.1,273.6,43,90,59.4,20.6,93.03,19.8,4577.53,4.58,-93.3567777971684,53.6653590220389,1.2747548783982,1.46798670088904,708,2,0,"0","0",0.350926627408907,1,"48"
"483","RED37_2002_187",0,552.02,514.97,2002,313,335,93.4,86.34,0,0,1.005,12.6,257.1,57.3,95.4,73.6,27.8,86.34,19.9,4871.12,4.87,-94.0585112863865,53.4048111416118,0.707106781186548,0.710827185166144,159,2,0,"0","0",0.407044598998126,1,"139"
"485","RED38_2012_1913",0,499.32,151.91,2012,1165,3622,32.2,11.27,0,0,10.866,8.3,192.8,46.2,90.3,55.5,18,11.27,21.44,5174.2,5.17,-94.8579464239419,50.9206545487739,0.707106781186548,1.03439131071944,1284,2,0,"0","0",0.787523320243299,1,"93"
"488","RED41_1994_116",0,557.03,296.5,1994,2558,3689,69.3,73.62,0,0,11.067,6.9,244.2,34.3,88,49.5,16.7,73.62,20.63,5468.29,5.47,-94.6571419334282,51.4097550357195,1,1.39630051967499,1239,2,0,"0","0",0.821589209078456,1,"46"
"489","RED41_2002_169",0,622.06,421.59,2002,691,835,82.8,79.46,0,0,2.505,7,241.1,50.4,88.8,64.4,18.1,79.46,19.7,5217.93,5.22,-93.3721942543308,52.7210547673992,0.612372435695794,0.594002094773765,144,2,0,"0","0",0.42589064212519,1,"118"
"491","RED44_2006_1683",0,423.34,47.59,2006,2753,8887,31,79.69,0,0,26.661,9,231.1,39.5,88.9,54.4,21,79.69,20.77,5546.05,5.55,-94.808747835303,50.86320379403,0.866025403784439,1.26263395531965,1276,2,0,"0","0",0.815650526030336,1,"112"
"494","RED48_2001_72",0,542.96,29.29,2001,453,699,64.8,51.71,0,0,2.097,7.2,338.1,55.2,92.1,75.9,20.9,51.71,19.65,5161.23,5.16,-95.0770575140006,52.7122990237954,1.06066017177982,1.33812352567187,999,2,0,"0","0",0.408221725908831,1,"104"
"496","RED50_2011_1813",0,472.19,62.99,2011,8630,9288,92.9,95.32,0,0,27.864,7.5,338.4,39.2,89.6,57.3,19,95.32,20.64,5053.15,5.05,-93.0224864346876,52.1209008035326,0.707106781186548,0.812931040869877,1148,2,0,"0","0",0.159103235579469,1,"88"
"497","RED50_2012_1926",0,500.48,103.61,2012,23534,31345,75.1,57.68,0,0,94.035,9.3,248.3,49.5,90.4,65.3,24.1,57.68,20.3,4744.03,4.74,-94.2655063913661,52.4667510530171,1.2747548783982,1.58767341351498,1169,2,0,"0","0",0.442933794424952,1,"99"
"499","RED51_2012_1908",0,545.41,260.63,2012,1396,1911,73.1,60.59,0,0,5.733,9.5,251.2,48.6,90.4,64.7,24.2,60.59,20.38,4812.66,4.81,-94.3669030426284,52.4333157182688,1.06066017177982,1.27214918158289,1165,2,0,"0","0",0.52719740893202,1,"142"
"500","RED52_2011_1814",0,568.44,175.56,2011,7880,7957,99,77.59,0,0,23.871,7.7,332.7,41.3,89.6,60.2,19.3,77.59,20.61,5070.25,5.07,-92.8478877156709,52.1019468898788,0.612372435695794,0.729844698549125,1149,2,0,"0","0",0.188435898566098,1,"124"
"501","RED52_2012_1902",0,520.75,218.76,2012,405,878,46.1,81.09,0,0,2.634,8.7,241.9,50.3,90,65.4,20.7,81.09,20.1,4673.11,4.67,-94.1945304490028,52.7861346858972,1.17260393995586,1.5454913793369,1601,2,0,"0","0",0.699249887040521,1,"121"
"502","RED53_2011_1792",0,562.68,143.14,2011,5451,5711,95.4,65.71,0,0,17.133,8,321.3,46.6,89.3,69.7,17.1,65.71,20.92,5036.19,5.04,-92.5418482103951,52.2743657253892,0.707106781186548,0.826183434428167,644,2,0,"0","0",0.222208367256373,1,"120"
"505","RED55_2002_95",0,540.6,207.42,2002,616,3384,18.2,73.57,0,0,10.152,7.3,255.1,51.8,88.8,64.2,19.2,73.57,20.71,5390.3,5.39,-94.9059055670537,51.2666574981581,1.11803398874989,1.51418752822163,1237,2,0,"0","0",0.950907899298356,1,"61"
"511","RED58_2012_1922",0,524.44,286.87,2012,14106,14747,95.7,71.43,0,0,44.241,8.5,237.2,50.6,90.6,65.4,21,71.43,20.16,4696.21,4.7,-93.7256206359966,52.8540355339649,0.790569415042095,1.08628753136679,706,2,0,"0","0",0.280028155947861,1,"109"
"512","RED59_2012_1909",0,538.32,233.87,2012,483,490,98.6,68.23,0,0,1.47,8.6,237.8,50.3,90.5,65.2,21,68.23,20.2,4643.43,4.64,-93.7895236239098,52.8553961975927,0.790569415042095,0.949398269637464,703,2,0,"0","0",0.173965238111204,1,"13"
"513","RED5_1990_876",0,497.88,315.17,1990,1383,1816,76.2,74.89,0,0,5.448,5.4,153,50.4,90.5,54.2,12.5,74.89,19.73,4551.49,4.55,-94.7287341591014,52.8658242876269,1.11803398874989,1.38960272413725,1057,2,0,"0","0",0.465944170012294,1,"119"
"516","RED60_2002_175",0,622.3,354.78,2002,4113,4154,99,57.02,0,0,12.462,7.2,242.4,48.7,90.7,63.1,18.5,57.02,20.02,5334.23,5.33,-93.150854877794,51.8027010859619,1.06066017177982,1.30862016390119,1006,2,0,"0","0",0.587259401543573,1,"27"
"520","RED62_1995_351",0,556.96,77.94,1995,15688,26201,59.9,68.36,0,0,78.603,11.6,231,79.3,92.6,86.1,30,68.36,20.12,5539.74,5.54,-94.630523996031,51.5848467487926,1.06066017177982,1.21513607798137,1546,2,0,"0","0",0.605644347839512,1,"97"
"522","RED63_2002_171",0,514.11,256.36,2002,606,947,64,72.51,0,0,2.841,5.9,238.1,48.5,89.2,61.5,16.9,72.51,19.68,5293.13,5.29,-93.5860010941936,52.3824514216489,1.54110350074224,2.13370471355979,1004,2,0,"0","0",0.897650537722521,1,"51"
"524","RED64_2012_1905",0,510.64,315.75,2012,1466,1641,89.3,55.2,0,0,4.923,7.7,271.7,44.4,89.9,59.6,20.3,55.2,19.85,4662.26,4.66,-93.1511804829609,53.637186427878,1.06066017177982,1.50933968135652,702,2,0,"0","0",0.467807415705639,1,"12"
"527","RED66_2011_1723",0,406.78,116.51,2011,7256,9041,80.3,43.67,0,0,27.123,9.7,376.7,68.2,91,88.8,25,43.67,20.76,4722.78,4.72,-94.9831815402477,52.0816612302647,1.17260393995586,1.44378707083601,1120,2,0,"0","0",0.401771370531559,1,"96"
"529","RED67_2011_1724",0,298.98,27.95,2011,255,332,76.8,6.39,0,0,0.996,9.6,375.6,67.9,91,88.5,24.6,6.39,20.76,4722.78,4.72,-95.0484659011825,52.1063880171273,1.11803398874989,1.30093218339948,1121,2,0,"0","0",0.287575716510088,1,"131"
"530","RED68_2003_1428",0,453.43,262.92,2003,299,533,56.1,66.48,0,0,1.599,4.7,282.3,39.6,84.8,57.6,13.3,66.48,19.93,5120.73,5.12,-95.1145700672121,52.1426939630534,1,1.04115205654602,1094,2,0,"0","0",0.609804974489773,1,"90"
"533","RED70_2012_1937",0,577.67,574.89,2012,1127,1174,96,99.1,0,0,3.522,8.8,245.5,48.9,90.3,64.8,21.1,99.1,20.31,4707.17,4.71,-94.0537555747828,53.0832493184228,0.935414346693485,1.09628036976514,714,2,0,"0","0",0.588548591190403,1,"145"
"534","RED71_2012_1918",0,532.92,158.41,2012,25988,32599,79.7,33.41,0,0,97.797,11.2,250.3,45.5,90.8,62.5,24.2,33.41,20.78,4913.18,4.91,-94.8012987399556,52.0397597959706,1.11803398874989,1.36235347571716,1167,2,0,"0","0",0.478289127909662,1,"133"
"536","RED72_2012_1906",0,456.91,97.51,2012,11288,33990,33.2,79.05,0,0,101.97,8.6,274.4,40.9,90.2,56.6,20,79.05,20.46,4734.16,4.73,-95.0818752055896,52.6473746914262,1,1.10965148629892,1602,2,0,"0","0",0.553705747126113,1,"69"
"537","RED73_2011_1801",0,521.54,225.93,2011,151,357,42.3,76.37,0,0,1.071,8.2,390.6,76,89.4,98.9,21.4,76.37,20.62,4616.09,4.62,-94.7533644486182,52.9172702839404,1.22474487139159,1.26300463784895,1145,2,0,"0","0",0.659052692231105,1,"91"
"539","RED77_1995_1467",0,547.23,183.56,1995,40851,61887,66,72.98,0,0,185.661,8.4,248.2,74.7,91.6,79.6,25,72.98,20.05,5538.73,5.54,-94.5197561084163,51.5925390551771,1,1.19666538340101,1579,2,0,"0","0",0.656823628086678,1,"110"
"540","RED7_2008_1665",0,488.77,194.66,2008,1000,1047,95.5,72.84,0,0,3.141,7.4,248.8,33.7,89.3,51.3,16.5,72.84,19.73,4552.19,4.55,-93.2983455684682,53.7076451392083,0.5,0.566391134836763,585,2,0,"0","0",0.0611378783101626,1,"56"
"542","RED82_1995_139",0,489.03,194.27,1995,566,1107,51.1,86.7,0,0,3.321,13.1,216.9,72.4,93.6,79.7,34.1,86.7,19.45,5225.39,5.23,-94.5006070462164,52.7417068886847,1.22474487139159,1.37965674771277,1003,2,0,"0","0",0.686059739646307,1,"1"
"543","RED82_2003_1498",0,325.63,78.55,2003,2036,2101,96.9,110.8,0,0,6.303,5.1,422,45.7,88.2,66,16.5,110.8,19.63,5103.07,5.1,-92.8513891860629,52.7167693381756,0.790569415042095,1.17367256176074,563,2,0,"0","0",0.19087544290319,1,"136"
"545","RED83_1991_1455",0,582.52,504.99,1991,5601,5611,99.8,90.93,0,0,16.833,5.3,471.7,66.4,88.2,98.8,17.9,90.93,19.66,5101.44,5.1,-93.2646190990628,52.2487210969081,0.5,0.53158632781319,1097,2,0,"0","0",0.335051705661968,1,"123"
"547","RED84_1995_1024",0,535.19,220.32,1995,13630,13752,99.1,77.87,0,0,41.256,6.5,230.2,59.2,87.9,68.2,18.5,77.87,19.34,5379,5.38,-92.8423449966896,52.8499327942038,0.707106781186548,0.801104137199569,417,2,0,"0","0",0.224118285851661,1,"116"
"548","RED84_2006_1576",0,460.43,236.18,2006,29649,51608,57.5,88.8,0,0,154.824,7.3,342.9,32.5,88.9,51.1,16,88.8,20.27,5158.63,5.16,-94.7145593037176,52.2356252726385,0.866025403784439,1.02878640629664,1100,2,0,"0","0",0.61107630233291,1,"55"
"549","RED85_2011_1818",0,493.89,119.15,2011,171685,272390,63,53.81,0,0,817.17,9,438.1,53.7,90.8,68.1,23.4,53.81,21.16,4860.31,4.86,-94.8127085014952,51.7156829452953,1.11803398874989,1.28867788343177,1153,2,0,"0","0",0.544162465312567,1,"59"
"550","RED88_1995_497",0,549.44,221.52,1995,1140,1935,58.9,81.01,0,0,5.805,5.8,288.3,43.2,89.4,56.3,13.3,81.01,19.68,5232.8,5.23,-93.9346451394282,52.7691614677516,0.707106781186548,0.904064179537065,1553,2,0,"0","0",0.505918859863365,1,"5"
"554","RED93_2003_1545",0,554.13,66.33,2003,2652,3447,76.9,73.44,0,0,10.341,6.3,486.3,27.8,87.9,48.1,15.9,73.44,19.6,4693.48,4.69,-93.7446144122906,53.6193442559086,0.866025403784439,1.28761528520867,571,2,0,"0","0",0.219937470391605,1,"25"
"556","RED94_2012_1854",0,473.49,307.1,2012,790,3053,25.9,74.63,0,0,9.159,7.6,258,39.5,88.8,55.1,19.8,74.63,20.35,4656.44,4.66,-95.0600387805435,52.8829939845531,1.11803398874989,1.27585485149855,1161,2,0,"0","0",0.813294086342145,1,"67"
"558","RED9_1997_1238",0,529.9,27.04,1997,4069,4906,82.9,56.41,0,0,14.718,8.2,129.1,36.9,89,42.3,16.9,56.41,20.26,5530.53,5.53,-94.288388901643,51.3143169897174,0.790569415042095,1.04924366571467,1569,2,0,"0","0",0.342986817933366,1,"135"
"560","SIO119_1991_1398",0,607.62,444.59,1991,9775,9836,99.4,85.15,0,0,29.508,7.8,448.1,68.4,87.6,102.6,23.7,85.15,19.78,5111.07,5.11,-92.3694514180431,52.3002578499789,0.612372435695794,0.546022814999788,536,2,0,"0","0",0.298810095151497,1,"41"
"582","SIO94_1991_551",0,522.43,307.79,1991,15202,15382,98.8,86.04,0,0,46.146,8,439.5,60,92.1,91.2,24.7,86.04,19.16,5064.72,5.06,-90.6847704276911,52.6465333078892,0.353553390593274,0.393515704822914,266,2,0,"0","0",0.113157587764604,1,"49"
"585","SLK101_2012_1840",0,581.23,535.94,2012,2388,2389,100,97.5,0,0,7.167,5.8,153.7,18.6,87.7,26.4,11.9,97.5,20,5218.69,5.22,-91.3007586303994,52.354109095205,0,0.220933978848158,1158,2,0,"0","0",0.315603090164147,1,"18"
"586","SLK103_1994_623",0,484.51,175.2,1994,11699,11963,97.8,87.1,0,0,35.889,6.2,250.6,39.1,89.3,53,15.9,87.1,19.73,5295.99,5.3,-90.8968111067975,52.1325113870094,0.5,0.501804798220225,1037,2,0,"0","0",0.131442191949965,1,"92"
"600","SLK132_2011_1740",0,540.87,140.69,2011,640,640,100,69.3,0,0,1.92,7,300,27.4,90,44.4,15.9,69.3,20.61,5171.57,5.17,-92.0442989586278,51.9072995227338,0,0.187677266908383,1128,2,0,"0","0",0.0742788754287702,1,"78"
"611","SLK18_2000_24",0,621.62,280.32,2000,91,91,100,44.83,0,0,0.273,5.9,367.6,52.8,89,76.2,19.9,44.83,19.03,5136.31,5.14,-90.1875359965288,52.8287024578356,0.612372435695794,0.564582875893998,78,2,0,"0","0",0.133353222424527,1,"32"
"615","SLK1_2003_1453",0,494.44,502.61,2003,9195,9195,100,100.85,0,0,27.585,11.3,309.9,59.1,89.8,76.7,27.8,100.85,18.83,4254.78,4.25,-90.1400794602373,54.4353665930249,0.612372435695794,0.690716042446821,551,2,0,"0","0",0.127661107951103,1,"134"
"617","SLK20_1999_573",0,540.77,204.47,1999,4005,4077,98.2,51.97,0,0,12.231,15.7,68,39.7,92.2,39.4,26.8,51.97,19.83,5654.29,5.65,-90.3001505502291,51.0359377795034,0.353553390593274,0.557992713459419,1033,2,0,"0","0",0.244695141370217,1,"125"
"618","SLK20_2003_1434",0,560.95,222,2003,199,207,96.1,85.2,0,0,0.621,7.7,87.1,36.3,91,36.6,17.2,85.2,19.87,6140.37,6.14,-90.8575902734317,50.2433233883466,0.707106781186548,0.904569472649065,1430,2,0,"0","0",0.547599130412848,1,"24"
"627","SLK26_2009_1715",0,580.78,261.91,2009,5593,5623,99.5,69.81,0,0,16.869,8.6,146.3,30.2,89.1,39.5,11.6,69.81,19.8,5184.71,5.18,-91.209032624815,52.4244643419829,0.612372435695794,0.70814951817248,1588,2,0,"0","0",0.214955061097637,1,"14"
"631","SLK29_2012_1855",0,563.54,442.59,2012,898,898,100,93.23,0,0,2.694,7.5,103.2,30.9,89.2,32.7,14.3,93.23,19.95,4979.83,4.98,-92.3069871243768,53.1911774048111,0.5,0.481729358262658,667,2,0,"0","0",0.251883430594534,1,"17"
"634","SLK30_2006_1581",0,563.68,384.62,2006,3935,3935,100,83.13,0,0,11.805,7.5,232.2,25.5,88,38.3,13.6,83.13,19.82,5226.06,5.23,-91.3436857833455,52.0219671363115,0.612372435695794,0.548352510188675,1104,2,0,"0","0",0.276047064736217,1,"35"
"635","SLK31_2002_89",0,495.89,291.68,2002,32786,32827,99.9,92.33,0,0,98.481,10.4,234.7,44.6,89.8,55,21,92.33,19.22,4452.62,4.45,-90.002037304982,53.5029578677066,0,0.337336662168455,111,2,0,"0","0",0.0367383547501624,1,"62"
"639","SLK33_1999_1282",0,514.12,197.8,1999,6548,6548,100,62.44,0,0,19.644,11,118.4,41.7,89.3,44.1,19.9,62.44,19.56,5696.57,5.7,-90.519305216995,51.7877060607004,0.707106781186548,0.923027511710932,1086,2,0,"0","0",0.339436586941773,1,"127"
"643","SLK35_1999_1199",0,552.6,174.86,1999,9168,9173,99.9,67.55,0,0,27.519,7.1,245.8,50.9,88.9,61.8,17.1,67.55,19.45,5480.8,5.48,-90.2094040656323,52.3461302568368,0.5,0.489619827568989,470,2,0,"0","0",0.13755297776054,1,"37"
"649","SLK38_1999_1310",0,522.95,157.52,1999,21039,21099,99.7,69.05,0,0,63.297,6.3,147.1,39.9,88.3,43.1,13.7,69.05,19.52,5658.73,5.66,-90.5742260202082,51.767688062156,0.707106781186548,0.863117723457735,1087,2,0,"0","0",0.270130931733632,1,"52"
"661","SLK44_2001_67",0,590.53,111.87,2001,211,211,100,65.55,0,0,0.633,9.3,311.8,50.4,89,69.7,22.8,65.55,18.76,4256.51,4.26,-90.8657100386882,53.8605245818346,0,0.286752593468012,102,2,0,"0","0",0.00499115655720083,1,"57"
"668","SLK47_1996_358",0,501.85,271.72,1996,9657,9660,100,67.78,0,0,28.98,7.4,173.2,47.4,91.6,54.6,18.3,67.78,19.72,5287.27,5.29,-90.1388896247641,52.418635732657,0.612372435695794,0.559889577216416,213,2,0,"0","0",0.195892806217082,1,"9"
"670","SLK47_2002_73",0,592.81,410.14,2002,1062,1064,99.8,69.9,0,0,3.192,9.8,243.7,50.4,91.8,63.7,22.9,69.9,20.37,5746.51,5.75,-91.755184186891,50.9295467581083,0.612372435695794,0.482322959647701,1000,2,0,"0","0",0.479248915915084,1,"111"
"680","SLK50_1995_1131",0,490.99,293.45,1995,7787,7976,97.6,82.11,0,0,23.928,7.8,208.4,53.8,90.9,63.4,22,82.11,19.43,5544.29,5.54,-91.2826155968499,52.4646398433024,0.612372435695794,0.649837152659214,451,2,0,"0","0",0.295467518436869,1,"2"
"684","SLK51_2003_1403",0,515.07,287.22,2003,56411,56813,99.3,86.99,0,0,170.439,8.9,268.9,53.6,89.2,68.3,23.6,86.99,19.72,5193.21,5.19,-92.0378067391669,52.2798670879319,0.612372435695794,0.658920273016677,1575,2,0,"0","0",0.217754817671897,1,"129"
"706","SLK63_1996_428",0,543.16,213.29,1996,1580,1875,84.3,75.2,0,0,5.625,10.6,142.1,56.8,91.3,58,24.6,75.2,19.92,5350.11,5.35,-90.7225058664744,50.9229469548357,0.790569415042095,1.1869363225826,1025,2,0,"0","0",0.489887552837925,1,"138"
"722","SLK70_1996_1083",0,535.18,250.03,1996,62710,65336,96,75.08,0,0,196.008,9.2,201.9,61.6,91.2,67.9,23.1,75.08,20.41,5392.4,5.39,-91.4408793110383,50.842327899078,0.612372435695794,0.694479584081536,1069,2,0,"0","0",0.320601551505456,1,"44"
"729","SLK71_2012_1914",0,495.46,453.08,2012,1069,1069,100,106.81,0,0,3.207,9.5,198.7,57.1,90.7,65.2,22,106.81,20.11,5240.86,5.24,-91.7753924390761,52.307013114906,0,0.271692395520737,1166,2,0,"0","0",0.272599212968548,1,"4"
"731","SLK72_2012_1766",0,546.22,342.23,2012,5845,6017,97.1,84.7,0,0,18.051,8.5,194.7,54,90.3,62,19.8,84.7,20.19,5214.86,5.21,-91.6670047211471,52.3746990081682,0.707106781186548,0.985973564345288,1591,2,0,"0","0",0.441178199157946,1,"100"
"735","SLK74_1996_261",0,521.68,185.11,1996,2673,2683,99.6,83.36,0,0,8.049,9.4,170.3,59.9,90.2,64.1,23.8,83.36,19.85,5291.17,5.29,-90.5554862596918,50.9696607009312,0.5,0.576713489600315,1014,2,0,"0","0",0.152226297107531,1,"105"
"736","SLK74_1999_1167",0,556.47,399.01,1999,1010,1011,99.9,79,0,0,3.033,5.8,391.1,39.5,88.2,61.5,15.9,79,19.62,5659.65,5.66,-91.1403105356286,51.5933258380319,0.5,0.420551120386059,1076,2,0,"0","0",0.348529002796138,1,"95"
"743","SLK78_1995_1370",0,540.71,550.46,1995,1328,1329,99.9,108.15,0,0,3.987,8.2,206.4,51.4,90,60.9,20.6,108.15,19.03,4704.16,4.7,-91.6642602895582,53.6555710516657,0.5,0.463989189607367,528,2,0,"0","0",0.202210810450054,1,"38"
"750","SLK81_2012_1915",0,570.24,570.82,2012,624,635,98.3,101.5,0,0,1.905,7.2,190.6,30.6,89.1,40.1,14.2,101.5,20.09,5030.85,5.03,-89.3145817075998,52.4896302161936,0.353553390593274,0.2963988495922,705,2,0,"0","0",0.340956630215801,1,"36"
"753","SLK82_2012_1857",0,574.27,276.55,2012,7350,7385,99.5,76.78,0,0,22.155,7,201.9,42.6,88.8,53,14.1,76.78,19.83,5077.4,5.08,-91.6685006746776,52.7675124382966,0.612372435695794,0.491537548336372,668,2,0,"0","0",0.149287424820972,1,"77"
"765","SLK91_1996_1162",0,517.08,296.91,1996,3053,3053,100,79.36,0,0,9.159,7.2,183.7,51.3,89.3,56.4,16.3,79.36,20.2,4927.04,4.93,-89.367510273747,51.4159623295098,0.612372435695794,0.595569589078788,1075,2,0,"0","0",0.178180025527517,1,"122"
"766","SLK91_2012_1846",0,587.76,227.71,2012,7161,7190,99.6,69.94,0,0,21.57,7.3,185.7,59.8,88.9,64.7,21.8,69.94,20.26,5150.57,5.15,-91.4110418875713,51.8573345361829,0.612372435695794,0.64787159651718,1160,2,0,"0","0",0.195563089517546,1,"42"
"767","SLK93_2012_1928",0,546.11,547.34,2012,7713,7903,97.6,108.14,0,0,23.709,7.1,177.5,36.4,89.3,45.4,13.3,108.14,20.13,5148.09,5.15,-89.1433251479148,51.7332713640605,0.353553390593274,0.330664136982087,710,2,0,"0","0",0.372631404022257,1,"20"
"771","SLK97_2006_1591",0,457.09,142.8,2006,293,301,97.3,106.31,0,0,0.903,9.5,418.5,60.7,90.7,88.7,25.9,106.31,20.05,6234.88,6.23,-91.0385860380092,50.2001690591173,1.36930639376292,1.79809896838982,1452,2,0,"0","0",0.810962445472591,1,"29"
"775","THU21_2009_1719",0,490.34,11.61,2009,81,89,91,105.78,0,0,0.267,8.8,110.5,30.7,92.3,37.2,16.1,105.78,20.39,5318.34,5.32,-89.5610612170556,50.2798677897572,0.707106781186548,1.56596236443892,1506,2,0,"0","0",0.414753744902478,1,"83"
"776","THU22_2011_1831",0,304.99,129.92,2011,3063,3136,97.7,159.51,0,0,9.408,11.5,76.3,38.8,93.4,38.9,20.9,159.51,20.48,5269.12,5.27,-90.1404073975346,50.2516685778681,0.612372435695794,0.555854047618899,1517,2,0,"0","0",0.152192869823002,1,"82"
"780","THU33_2011_1829",0,375.01,209.31,2011,419,475,88.2,130.84,0,0,1.425,13.5,148.6,48.5,92.6,54.5,22.1,130.84,19.81,4730.97,4.73,-88.7894267123549,50.4698373433064,0.866025403784439,1.42012410107232,1515,2,0,"0","0",0.35016879167603,1,"94"
"789","THU45_1995_692",0,558.64,241.77,1995,7560,7602,99.4,57.67,0,0,22.806,4,269.6,58.5,87.6,66.8,13.1,57.67,20.35,4976.18,4.98,-89.7386168099006,50.7432855459574,0.707106781186548,1.07089741399506,1375,2,0,"0","0",0.302353713973793,1,"16"
"790","THU49_1996_1128",0,508.68,158.28,1996,31161,31281,99.6,79.63,0,0,93.843,7.6,198.5,57.6,89.7,62.8,19.7,79.63,20.43,4995.28,5,-89.7851376395103,50.5833063683246,0.707106781186548,0.928048460635607,1408,2,0,"0","0",0.198554596410966,1,"103"
"791","THU50_2011_1826",0,375.95,148.01,2011,54771,55958,97.9,121.05,0,0,167.874,6.7,312.3,32.6,88.9,52.4,14.2,121.05,20.93,4969.26,4.97,-89.6294835188263,50.8248125171478,0.866025403784439,1.2906951129209,1513,2,0,"0","0",0.348001341283475,1,"19"
"795","THU57_2011_1746",0,413.44,124.99,2011,25681,27685,92.8,139.07,0,0,83.055,6.8,337.1,29,89.2,49.5,13.8,139.07,20.36,4880.85,4.88,-89.2296448536028,50.7159032427868,0.707106781186548,1.04432972894284,1507,2,0,"0","0",0.20966255285695,1,"85"
"796","THU58_2011_1825",0,485.3,262.16,2011,1917,1920,99.8,85.63,0,0,5.76,6.4,324.4,33.8,89.4,53,14.8,85.63,20.68,5065.21,5.07,-89.7304199434375,50.9104661446933,0.790569415042095,0.928895784688858,1512,2,0,"0","0",0.321958408900952,1,"79"
"798","THU65_1996_453",0,518.72,146.72,1996,54552,57043,95.6,74.31,0,0,171.129,6.5,187.9,56,88.7,61.7,15.4,74.31,19.9,4754.32,4.75,-88.7871110844753,50.668236694075,0.707106781186548,0.934632544995515,1359,2,0,"0","0",0.132505152302534,1,"7"
"802","THU79_1995_1183",0,568.15,72.84,1995,1446,1446,100,49.9,0,0,4.338,3.9,249.3,63.7,86.2,72,13.9,49.9,20.29,5131.46,5.13,-90.0161852585094,50.5631024361739,0.612372435695794,0.676768338292305,1416,2,0,"0","0",0.105360039123707,1,"113"
"804","THU83_1996_292",0,565.52,124.16,1996,2269,2289,99.1,70.5,0,0,6.867,6.3,184.4,56.2,87.6,61.4,14.6,70.5,19.83,4641.72,4.64,-88.2313671785598,50.7736047612619,0.707106781186548,0.925886935765714,1347,2,0,"0","0",0.0887985830335133,1,"33"
"806","THU89_1996_447",0,546.33,232.45,1996,3872,4030,96.1,71.42,0,0,12.09,5.1,197.9,57.3,89.1,62.6,14.5,71.42,20.29,5117.79,5.12,-89.8640573164586,50.6655217457229,0.612372435695794,0.668049356765176,1358,2,0,"0","0",0.216921396448485,1,"140"
