"","Fire_ID","history","rbr","rbr_w_offset","Fire_Year","host_species","total_pixels","host_pct","Average.Recovery","Max_Overlap_Area","Max_Overlap_Percent","fire_area","isi_90","dc_90","dmc_90","ffmc_90","bui_90","fwi_90","recovery","mean_temperature","sum_precipitation_mm","sum_precipitation_m","x","y","median_tri","mean_tri","X","Cumulative_Years_Defol","Time_Since_Defol","window_opp","distance","weights","subclass"
"1","CHA10_2010_1589",1,562.55,532.81,2010,279,364,76.6,104.52,764973.381643113,100,1.092,13.6,133.5,52.1,93.4,52.9,24.7,104.52,20.86,5400.1,5.4,-83.0726319975474,48.567936821171,0.707106781186548,0.66414675729401,928,2,0,"1",0.517369025829441,1,"1"
"2","CHA18_2005_1513",1,606.9,283.7,2005,206,226,91.2,74.98,954810.227397526,100,0.678,8.8,384.4,70.7,90.9,94.2,27.5,74.98,20.65,5181.41,5.18,-82.9194249935863,48.3000851465534,0.5,0.556624494654832,920,2,0,"1",0.157289650497571,1,"2"
"3","CHA29_1995_249",1,504.62,238.17,1995,43381,54481,79.6,118.38,129459435.202267,100,163.443,6.8,483.2,72.2,88.9,102.6,21.3,118.38,20.42,4552.43,4.55,-83.561718646063,48.3049507140434,0.935414346693485,1.25687856870723,860,9,6,"3",0.50322203106705,1,"3"
"4","CHA52_1991_1021",1,273.85,225.15,1991,1786,2786,64.1,226.04,14118341.139901,100,8.358,7.5,479.9,67.1,90.8,95.5,24.8,226.04,20.32,4457.07,4.46,-82.9552899195438,48.2378533634276,0.707106781186548,0.816748900460798,894,13,2,"1",0.384562720906927,1,"4"
"5","CHA7_1992_829",1,275.55,336.29,1992,2428,3018,80.5,225.63,9124349.66486442,100,9.054,8.1,42.9,19.4,92.1,19.9,10.2,225.63,19.94,4535.26,4.54,-83.5514462698279,48.1657252463696,1.06066017177982,1.46220060037386,887,12,3,"2",0.388674039053956,1,"5"
"8","COC10_2005_1519",1,563.52,247.98,2005,1191,1191,100,79.33,5939466.64672292,99.9999999999999,3.573,15.2,86.4,39.7,94.3,40.1,27,79.33,20.14,5322.61,5.32,-81.1450723554035,49.4683827787097,0,0.229210789810124,923,2,0,"1",0.135871742545947,1,"6"
"9","COC12_1992_485",1,281.43,321.73,1992,2103,2103,100,164.52,10102370.2759808,100,6.309,11.5,167.7,53.1,91.3,59.4,28.2,164.52,20.04,5100.96,5.1,-81.8111750882097,49.6900568417455,0.5,0.538591771938648,869,6,11,"4",0.152646378004754,1,"7"
"10","COC14_1992_125",1,515.52,357.42,1992,764,764,100,91.11,1829644.38450324,100,2.292,10.9,195.5,54.1,91.1,58.6,30.4,91.11,20.53,4924.98,4.92,-81.3161844364557,50.4887028215452,0.353553390593274,0.435710127931266,1538,3,13,"4",0.122594502935877,1,"8"
"11","COC14_2006_1606",1,613.04,449.29,2006,265,351,75.5,76.62,701632.223473717,100,1.053,9.1,39.9,13.4,81.9,14.6,8.7,76.62,20.16,5381.39,5.38,-81.011907548866,49.2381137580816,0.612372435695794,0.45037407041001,929,2,0,"1",0.422481791220016,1,"9"
"12","COC15_2001_48",1,615.39,213.99,2001,507,507,100,70.05,3687521.89911338,100,1.521,10.2,169.8,51.9,91.6,57.5,22.5,70.05,19.94,5543.55,5.54,-81.1457318274209,50.1327423311834,0,0.225594934959227,849,2,0,"1",0.0964071497710783,1,"10"
"13","COC19_1997_521",1,595.18,386.32,1997,16532,18681,88.5,97.4,63013988.1454043,100,56.043,11,158.8,63.7,91,65,23.5,97.4,20.24,5396.11,5.4,-80.4649402637194,48.8880843575876,0.612372435695794,0.588409007347535,873,8,8,"3",0.411637637135559,1,"11"
"14","COC23_1995_1273",1,536.92,265.45,1995,44889,44913,99.9,84.98,188940392.373745,100,134.739,7.4,231.5,49,88.4,61.4,18.8,84.98,20.49,5213.33,5.21,-81.2797307208751,50.2539946138938,0.353553390593274,0.363593699219373,905,2,14,"4",0.0840583089343407,1,"12"
"15","COC24_1995_496",1,577.56,308.41,1995,5521,5527,99.9,74.71,19480959.113385,100,16.581,7.3,251.6,54.9,88.8,67.4,18.7,74.71,20.02,5184.6,5.18,-80.9161430628005,49.8172159941799,0.5,0.533239584481663,871,2,14,"4",0.133019642420467,1,"13"
"16","COC34_1997_475",1,637.26,166.47,1997,1823,2128,85.7,80.03,12341739.8821146,100,6.384,10.3,168.3,65.3,89.8,65.7,23.5,80.03,19.78,5695.44,5.7,-79.5268116839338,49.1532363117063,0.5,0.377753440986637,867,2,0,"1",0.382596404566771,1,"14"
"17","COC34_2006_1686",1,625.14,134.21,2006,276,276,100,74.74,433945.489338966,100,0.828,5.7,244.2,22.4,84.9,36,11.5,74.74,20.42,5395.55,5.4,-81.2190540157253,50.5129010904211,0.935414346693485,1.01815164630697,932,2,0,"1",0.169131029482873,1,"15"
"18","COC37_1995_372",1,515.16,291.61,1995,612,613,99.8,86.3,5427417.1850478,100,1.839,10.7,395.7,42.6,89.9,66.9,24.2,86.3,20.5,5284.14,5.28,-81.7651096597987,49.398042872306,0.612372435695794,0.509381668401714,863,9,6,"3",0.112686912633549,1,"16"
"19","COC38_1995_629",1,498.78,322.28,1995,32707,32756,99.9,94.02,58236688.8708414,99.9999999999998,98.268,9.8,482.1,51.5,89.4,80.2,24,94.02,20.56,5203.17,5.2,-81.5634388351299,50.1182286288802,0.612372435695794,0.671053984997931,879,2,14,"4",0.168129233624522,1,"17"
"20","COC8_2006_1649",1,580.7,416.49,2006,782,880,88.9,109.82,2355705.49075031,99.9999999999999,2.64,9.1,37.6,13.3,81.8,14.3,8.7,109.82,19.98,5378.32,5.38,-81.0461924596579,49.3967004618393,0.5,0.47045424946006,930,2,0,"1",0.323062337738867,1,"18"
"21","COC9_2002_100",1,346.07,350.61,2002,1746,1771,98.6,151.33,5579028.64493648,100,5.313,11.2,298.2,59.7,91.6,77.7,27.3,151.33,20.17,5452.98,5.45,-81.326204596097,50.1362867108635,0.612372435695794,0.626043813935922,854,2,0,"1",0.172440123464153,1,"19"
"22","COC9_2006_1654",1,610.89,403.27,2006,542,751,72.2,104.17,1651058.09422405,100,2.253,9,38,13.3,81.9,14.3,8.7,104.17,19.98,5378.32,5.38,-81.0441845366375,49.3695531777988,0.5,0.549451431236581,931,2,0,"1",0.481130587663677,1,"20"
"25","DRY12_1996_1145",1,532.53,231.4,1996,5489,6157,89.2,82.97,19613135.6186356,99.9999999999999,18.471,9.6,218.8,69.3,92.5,74.5,22.3,82.97,20.62,5531.52,5.53,-91.0774706000467,49.2137402013582,0.612372435695794,0.651163781605189,1413,5,2,"1",0.349890978408257,1,"21"
"27","DRY18_1996_839",1,409.57,166.13,1996,2544,2972,85.6,104.98,14562461.0226415,99.9999999999999,8.916,10.8,183.5,69.4,92.7,72.6,25.5,104.98,20.91,5690.94,5.69,-91.9007413107029,49.5485172476986,0.612372435695794,0.718441748845958,1256,12,2,"1",0.418377046908325,1,"22"
"29","DRY24_1996_1466",1,487.15,273.8,1996,10479,13013,80.5,91.15,41434675.2098183,100,39.039,8.9,218.3,66.9,92.5,73.2,22,91.15,20.92,5698.96,5.7,-91.8611440319828,49.6058353037051,0.935414346693485,1.31689339443976,1272,12,2,"1",0.593160554952774,1,"23"
"30","DRY26_1995_1350",1,441.33,318.01,1995,6335,6434,98.5,102.14,17367700.517563,100,19.302,5.5,283,91.8,89.2,96.1,20,102.14,20.62,5548.96,5.55,-91.4315601790553,49.2718241724345,0.612372435695794,0.670238383307211,1572,10,1,"1",0.382247501337125,1,"24"
"31","DRY29_1995_275",1,358.14,222.81,1995,7127,8025,88.8,124.35,24788540.432467,99.9999999999996,24.075,5,277.8,82.5,88.2,90.1,17.9,124.35,20.67,5694.99,5.69,-91.8486928512468,49.7618123041178,0.790569415042095,1.02623355065798,1245,12,1,"1",0.512806683702095,1,"25"
"32","DRY31_1996_1105",1,476.68,186.97,1996,36581,36846,99.3,89,128242748.268087,99.9999999999998,110.538,6.1,218.1,64.2,89.3,70.1,17.7,89,20.56,5207.18,5.21,-90.4019908421727,49.8204401270127,0.612372435695794,0.722876493452715,1404,3,2,"1",0.214723742815945,1,"26"
"33","DRY32_1995_703",1,436.46,158.22,1995,4680,4867,96.2,90.02,17016719.1073888,100,14.601,5.4,271.3,83.1,89.2,89.4,19.1,90.02,20.72,5725.54,5.73,-91.4278853376035,49.8318508491877,0.612372435695794,0.786264644120709,1558,11,1,"1",0.352776618691845,1,"27"
"34","DRY36_1996_957",1,557.49,279.74,1996,7889,9805,80.5,74.32,27686503.0837302,100,29.415,8.6,213.8,67.5,90.2,72.1,22.4,74.32,20.34,5712.74,5.71,-91.5332568380829,49.8638012644606,0.612372435695794,0.761465211258014,1562,12,2,"1",0.45812382956319,1,"28"
"35","DRY57_2003_1410",1,537.5,230.9,2003,2346,2989,78.5,108.45,13256961.9959392,100,8.967,10.5,261.1,59.2,93.3,72.1,26.3,108.45,20.42,5908.46,5.91,-91.2345320047341,49.2289198214547,0.707106781186548,0.861139660467994,1576,2,9,"3",0.339252223253604,1,"29"
"39","FOR137_1995_1337",1,577.1,370.46,1995,4591,5167,88.9,89.64,9627377.70982414,99.9999999999999,15.501,11.5,508.2,64.3,90.7,95.6,31.6,89.64,21.11,5621.36,5.62,-91.3114439230151,48.6446815137678,0.707106781186548,1.11736018215622,43,13,1,"1",0.399564138706282,1,"30"
"41","FOR141_1995_743",1,560.61,302.46,1995,224711,277979,80.8,96.16,473015760.468805,99.9999999999998,833.937,11.2,500.9,60.6,91.7,92,28.1,96.16,20.76,5261.64,5.26,-91.0691798208367,48.3532597249738,1.22474487139159,1.66567824813639,38,12,1,"1",0.644291251264697,1,"31"
"43","FOR14_2005_1514",1,531.16,214.89,2005,2258,2413,93.6,101.47,6733199.89195599,100,7.239,5.6,281.8,34.8,89.1,50,13.6,101.47,21.19,4456.45,4.46,-91.6497557394623,48.2870695398921,1.06066017177982,1.52301439026231,45,6,11,"4",0.294840873655529,1,"32"
"45","FOR173_2006_1618",1,607.41,336.56,2006,1804,1948,92.6,88,3002377.06855204,99.9999999999999,5.844,5.6,364.8,42.6,87.5,63.6,13.7,88,20.98,5556.9,5.56,-91.3026254556317,48.2371619723309,1.11803398874989,1.66865146279919,49,5,12,"4",0.449418967136239,1,"33"
"49","FOR24_2005_1516",1,552.27,310.71,2005,1335,1564,85.4,90.8,2590448.68564948,99.9999999999999,4.692,5.6,295.9,33.6,88.5,51.7,13.8,90.8,21.03,5565.29,5.57,-91.3637238041463,48.1864556522003,1.73205080756888,2.25773091641084,46,6,11,"4",0.607874247861068,1,"34"
"52","FOR42_2011_1834",1,580.93,486.94,2011,1226,1469,83.5,88.16,2239308.34149837,100,4.407,6.3,356.1,31.7,90.2,51.8,14.8,88.16,21.33,5559.86,5.56,-91.4787586787577,48.2239316024344,1.58113883008419,2.34400088132946,56,2,0,"1",0.640750122355346,1,"35"
"54","FOR54_2006_1619",1,612.85,354.98,2006,8071,9143,88.3,82.87,16984770.3374726,99.9999999999999,27.429,9.3,307.3,52.9,93,73,22.5,82.87,21.07,4974.64,4.97,-91.4564285504817,48.2456093032234,1.83711730708738,2.35132740175972,50,5,12,"4",0.688147473336282,1,"36"
"58","FOR61_2006_1624",1,593.43,414.59,2006,1864,2642,70.6,91.37,4172078.76703,100,7.926,9.4,305.7,52.1,93,72.2,22.5,91.37,20.97,5540.55,5.54,-91.2451148836158,48.1572413102501,1.54110350074224,2.15601322844885,55,5,11,"4",0.754880505824114,1,"37"
"59","FOR63_2006_1622",1,555.58,332.43,2006,3241,3496,92.7,81.7,5442504.07607024,100,10.488,7.1,318.4,46.4,91.1,67.3,20.3,81.7,20.98,5556.9,5.56,-91.3410704420142,48.2125711113686,1.45773797371133,2.04570852699779,53,5,12,"4",0.444751692863298,1,"38"
"60","FOR9_1996_467",1,449.32,346.08,1996,12020,14204,84.6,123.76,36573043.3166982,100,42.612,7.1,224.5,67.9,88,73.8,16.3,123.76,21.13,5580.06,5.58,-91.7014492514172,48.470631601228,0.707106781186548,0.982251617313643,37,13,2,"1",0.57754283704228,1,"39"
"62","GER92_1991_1201",1,666.29,401.26,1991,22818,22898,99.7,79.23,34808920.8997849,100,68.694,9,472.2,67.8,92.6,95.2,27.1,79.23,20.67,4661.06,4.66,-85.5567430172044,49.918959331423,0,0.216695319945807,471,3,5,"2",0.0558620670942788,1,"40"
"63","GOG4_1991_1464",1,556.56,437.94,1991,49780,54969,90.6,110.07,105327243.087777,100,164.907,10.4,118.4,48,91.6,48,21.4,110.07,20.46,4584.94,4.58,-81.5461997663133,48.0244598183,0.935414346693485,1.26235239668917,913,13,2,"1",0.486384715473984,1,"41"
"64","HEA11_2000_58",1,724.93,93.56,2000,1925,1960,98.2,62.67,3021400.60640483,99.9999999999998,5.88,5.6,331.3,42.4,89.5,63.8,16.5,62.67,20.26,5276.97,5.28,-83.9313739229153,49.2339683038052,0.5,0.381623774204941,850,7,11,"4",0.0331297875460106,1,"42"
"65","HEA14_1996_1039",1,520.05,229.15,1996,448,448,100,72.75,1983472.5986882,100,1.344,9.7,145,52.5,94.6,57.3,22.4,72.75,20.39,5158.51,5.16,-81.9456658855335,50.0158216284355,0.353553390593274,0.321149811366958,899,2,0,"1",0.0600027894553014,1,"43"
"66","HEA16_1992_418",1,535.28,491.16,1992,2476,2517,98.4,99.77,4060840.66349134,100,7.551,7.7,166.3,48.9,90.3,53.1,26.7,99.77,20.03,4989.07,4.99,-82.0726473523273,49.9284693977105,0.5,0.371551723789218,865,12,3,"2",0.0488870276177318,1,"44"
"67","HEA20_2010_1770",1,620.33,395.19,2010,1160,1202,96.5,87.56,3732153.50599456,100,3.606,7.7,218.6,63.8,90,64.2,20.4,87.56,20.59,5610.52,5.61,-81.9345060840492,48.9768643569534,0,0.155068229579066,936,2,0,"1",0.163860637888864,1,"45"
"68","HEA21_1991_512",1,426.4,300.23,1991,2534,2763,91.7,109.33,8615801.4837576,100,8.289,8.3,463.2,67,91.6,96.2,26,109.33,20.4,4412.43,4.41,-84.5553360347327,49.2239611024541,0.612372435695794,0.625484688700566,872,13,2,"1",0.131089312021001,1,"46"
"69","HEA27_1996_270",1,427.59,303.25,1996,4484,4501,99.6,107.55,29297374.4407561,100,13.503,8.4,179.9,61.2,90.8,65.4,21.6,107.55,21.23,4954.27,4.95,-84.955130665385,49.9867371674805,0.5,0.388913937844443,861,5,3,"2",0.136553883455283,1,"47"
"70","HEA31_2010_1768",1,443.59,202.5,2010,1322,1326,99.7,110.63,8200201.48387634,99.9999999999998,3.978,7.3,256.2,49.6,89.1,65.3,19.6,110.63,20.44,5313.37,5.31,-82.0468452033524,49.7593338091029,0.5,0.414329606639786,935,2,0,"1",0.0685874758157212,1,"48"
"71","HEA3_1999_1069",1,447.17,321.05,1999,376,402,93.5,108.79,1707986.7765728,100,1.206,14,99.9,41,91.7,42.1,22.5,108.79,20.34,5463.18,5.46,-84.5955124654891,49.4132124632742,0.707106781186548,0.76595095263287,900,11,4,"2",0.414531545123957,1,"49"
"72","HEA48_1995_222",1,321.18,248.94,1995,61824,77286,80,155.86,270206443.4498,99.9999999999999,231.858,8.6,483.1,77.1,90.5,107.8,25.9,155.86,20.46,4880.34,4.88,-83.7795138173219,48.8466456791832,0.612372435695794,0.750143993911147,859,9,6,"3",0.335890540387484,1,"50"
"73","HEA54_1995_1000",1,568.37,347.62,1995,34521,34548,99.9,88.54,53259662.2281285,100,103.644,6.4,431.3,60.4,83.9,88.1,19.4,88.54,21.06,5017.37,5.02,-85.0630382989351,50.0292419969366,0,0.257526193046093,1563,6,1,"1",0.117768230040013,1,"51"
"74","HEA63_2005_1511",1,658.79,256.79,2005,457,460,99.3,85.64,710188.375957708,100,1.38,9.2,438.5,41.6,89.5,65.6,20.5,85.64,20.49,5046.23,5.05,-83.7972305520999,49.4070743746178,0,0.224394808621346,918,2,0,"1",0.0751460540050799,1,"52"
"75","HEA9_2012_1920",1,390.92,297.79,2012,1331,1381,96.4,138.21,11507810.142445,99.9999999999999,4.143,12.7,87.3,35.3,89.7,36.2,20.6,138.21,20.86,5563.49,5.56,-82.6304357513491,48.7644675468567,0,0.326888530143763,949,2,0,"1",0.214132643899654,1,"53"
"77","KEN105_1995_1173",1,456.29,317.06,1995,528,580,91,107.06,1396853.35014503,100,1.74,5.7,252.9,85.2,86.9,92.3,18.3,107.06,20.39,5750.47,5.75,-93.5298429473111,50.2673061481295,0.707106781186548,0.804255643677554,1265,10,1,"1",0.498726899504962,1,"54"
"81","KEN27_2011_1832",1,574.25,143.48,2011,431,437,98.6,78.49,640700.430560421,100,1.311,6.5,256.7,40.1,90,57.7,13.9,78.49,21.18,5317.49,5.32,-93.5915744605751,50.2329382995913,0.790569415042095,0.985070131909153,1282,2,0,"1",0.13003371757871,1,"55"
"84","KEN91_2011_1748",1,502.54,266.69,2011,123,272,45.2,95.52,549471.069929542,100,0.816,5.1,250.9,33.7,89.9,49.1,13.7,95.52,20,3118.79,3.12,-94.5834253683491,49.3262191455129,0.612372435695794,0.891134521909034,1279,2,0,"1",0.369176893504463,1,"56"
"86","KLK13_2012_1856",1,578.42,198.8,2012,2293,3188,71.9,83.96,12600880.9192852,100,9.564,6.3,140.1,41.1,87,45.8,14.4,83.96,20.78,5362.14,5.36,-80.5145741746669,47.7649294959944,0.707106781186548,0.968958617303044,944,2,0,"1",0.435879849050524,1,"57"
"88","KLK5_2010_1772",1,536.08,446.05,2010,102,175,58.3,92.64,2329086.54565275,100,0.525,11.1,78.5,20.2,88.6,24.4,16.2,92.64,20.51,5484.13,5.48,-80.6556980774893,48.6003807616638,0.707106781186548,0.962720312057612,937,2,0,"1",0.588642658463169,1,"58"
"90","KLK9_2003_1496",1,502.32,50.62,2003,5,5,100,94.07,1814081.68216479,100,0.015,7.5,137.2,43.7,90.4,49.7,15.9,94.07,19.79,5934.71,5.93,-80.1402759410185,48.5946381347389,0.707106781186548,0.869574827237044,915,4,14,"4",0.156911287867611,1,"59"
"91","KLK9_2004_1508",1,539.37,-67.31,2004,697,697,100,81.85,1270226.71307962,100,2.091,3.6,201.2,12,81.9,20.7,5.6,81.85,19.74,6007.19,6.01,-80.1122633982513,48.6252652950323,0.353553390593274,0.34516085775473,917,3,15,"4",0.0598266658672633,1,"60"
"92","NIP108_2006_1651",1,562.39,317.27,2006,186,219,84.9,101.87,647276.590111686,100,0.657,5.2,300.4,35.6,88.2,53.3,14.4,101.87,19.77,5076.25,5.08,-87.0125627830023,49.3969224069054,1.92021747478484,2.37378077621066,1489,5,12,"4",0.649610056955818,1,"61"
"93","NIP12_1999_502",1,500.04,312.63,1999,88351,128286,68.9,110.92,483273956.634487,99.9999999999998,384.858,14.4,91.4,37.8,91.7,38.8,24,110.92,18.78,5243.32,5.24,-88.0690481158716,49.605563611457,0.790569415042095,1.40384569755708,1364,3,4,"2",0.799757108483703,1,"62"
"95","NIP154_1995_756",1,582.31,204.32,1995,25887,27184,95.2,74.71,46814100.4718383,100,81.552,8.3,458.5,66.6,87.1,95.3,25.8,74.71,20.2,4515.47,4.52,-86.3923197041073,49.7810370079001,0.5,0.450509355942673,1384,7,1,"1",0.162266222984818,1,"63"
"96","NIP16_2002_77",1,357.25,310.79,2002,5418,9396,57.7,137.81,38375903.6964257,99.9999999999999,28.188,4.3,146.5,23.7,86.3,30.7,8.9,137.81,17.9,1797.88,1.8,-88.5210232179708,48.4944872769025,0.612372435695794,0.959807278912164,1331,4,8,"3",0.384589462801653,1,"64"
"97","NIP17_2003_1485",1,449.46,98.64,2003,395,396,99.7,81.83,3486239.41128443,100,1.188,11.6,112.8,48.9,93.2,49.1,23.8,81.83,18.05,5360.41,5.36,-88.0708683805612,50.2281279154472,0.612372435695794,0.695368471798465,1431,4,10,"4",0.212218500580012,1,"65"
"99","NIP238_2006_1571",1,629.79,227.37,2006,1288,1795,71.8,92.9,2750906.09476909,100,5.385,4.9,439.2,37.5,85.7,62.3,11.2,92.9,19.13,5069.18,5.07,-87.0386265098876,49.1023569431044,2,2.67221169269277,1446,6,11,"4",0.910009251035648,1,"66"
"100","NIP245_2006_1605",1,599.85,291.94,2006,1661,2016,82.4,95.17,3161535.63562094,100,6.048,5.1,434.6,42.2,85.1,65.9,12.1,95.17,19.06,5427.22,5.43,-87.866142245259,49.2476079835021,0.866025403784439,1.21598996477405,1461,5,12,"4",0.462487808139531,1,"67"
"101","NIP24_2001_7",1,454.61,82.61,2001,90,90,100,64.05,1369533.36300991,100,0.27,8.3,180.9,57.9,91.2,63.3,21.3,64.05,19.9,4983.17,4.98,-86.9912453404263,50.9132849673204,0,0.265582737786838,65,3,8,"3",0.0871459861334593,1,"68"
"103","NIP262_2006_1567",1,602.29,396.73,2006,399,766,52.1,98.64,1354275.4655871,100,2.298,5.4,436,38.7,85.9,62.4,12.7,98.64,19.28,5090.97,5.09,-86.9554491165684,49.1822161542016,1.5,1.88124345637523,1442,5,12,"4",0.8605493457265,1,"69"
"106","NIP276_2006_1655",1,475.64,259.29,2006,948,1351,70.2,126.25,2858762.76206014,100,4.053,5,430.9,40,85.6,63.3,11.9,126.25,19.79,5256.95,5.26,-87.3358723724083,49.3490168704699,1.22474487139159,1.74537644048969,1492,5,12,"4",0.719739089903315,1,"70"
"107","NIP291_2006_1611",1,612.39,221.3,2006,501,651,77,63.58,996694.263498579,99.9999999999999,1.953,4.9,439.5,39.7,83.6,62.7,11,63.58,18.2,5237.64,5.24,-87.6222948543446,49.0050899688336,2.57390753524675,3.04376010927294,1466,5,12,"4",0.968708270230924,1,"71"
"108","NIP296_2006_1609",1,510.16,328.32,2006,852,1983,43,95.31,5837897.81083771,99.9999999999999,5.949,4.8,445.1,49.1,86.8,75.7,16.3,95.31,19.68,5233.28,5.23,-88.5148935417801,49.1837585078463,0.612372435695794,0.681166892611066,1464,5,12,"4",0.472559007570245,1,"72"
"109","NIP29_1997_412",1,430.51,340.85,1997,218,232,94,115.43,777937.533024555,100,0.696,4.8,218.7,52.3,87.9,58.9,13.4,115.43,16.01,4511.89,4.51,-88.4654101543597,49.6459683937362,0.612372435695794,0.82864090347167,1357,3,3,"2",0.23032098924529,1,"73"
"111","NIP323_2006_1607",1,417.33,304.2,2006,6786,8430,80.5,108.23,25136310.3134594,99.9999999999999,25.29,5.4,427,46.4,86.4,71.2,13.2,108.23,20.54,5440.6,5.44,-88.8573384701267,49.1940254328683,0.612372435695794,0.788862011101379,1462,5,12,"4",0.296528147810708,1,"74"
"112","NIP327_2006_1596",1,534.34,290.98,2006,2285,2614,87.4,114.62,6943554.73517447,99.9999999999999,7.842,4.9,440.6,53.5,88.3,80.9,16.6,114.62,17.79,5245.48,5.25,-88.906639016109,49.4482220889149,0.790569415042095,1.08096357255862,1454,5,12,"4",0.232210659099907,1,"75"
"113","NIP328_2006_1608",1,586.94,396.51,2006,1409,2142,65.8,96.6,3679558.36991433,100,6.426,5.4,440,52.6,88.3,80.2,18,96.6,20.54,5440.6,5.44,-88.9243909788793,49.2022722359743,0,0.510884800483535,1463,5,12,"4",0.211835513043196,1,"76"
"117","NIP344_2006_1643",1,493.64,211.08,2006,2298,3361,68.4,95.34,11748660.4735434,100,10.083,5.5,424.4,38,87.1,61.5,11.9,95.34,19.7,5079.3,5.08,-86.7037180709418,49.4517264828787,1.22474487139159,1.53346914486607,1482,5,12,"4",0.62793412403525,1,"77"
"118","NIP35_2010_1767",1,535.58,245.68,2010,210,210,100,79.72,919605.029837511,100,0.63,8.8,176.3,30.4,89,42.1,16.2,79.72,20.23,4682.18,4.68,-87.6440730764754,50.2571249874349,0.5,0.400463726441122,1511,2,0,"1",0.0685041437500805,1,"78"
"120","NIP380_2006_1663",1,535.27,252.32,2006,1292,1722,75,94.04,2733712.64210236,99.9999999999999,5.166,4.7,431.8,40.9,85.4,64.2,11.7,94.04,19.66,5539.76,5.54,-87.8187877256108,49.3042988866147,1.62018517460197,2.19650895696733,1498,5,12,"4",0.814247602981447,1,"79"
"129","NIP411_2006_1657",1,524.36,307.15,2006,6900,7091,97.3,106.14,13432995.7937651,100,21.273,6,427.4,37.6,86.5,60.6,13.1,106.14,19.6,5007.57,5.01,-86.5524658630578,49.279926260876,1.2747548783982,1.70748092650558,1494,5,12,"4",0.484090586565583,1,"80"
"132","NIP415_2006_1645",1,676.84,294.33,2006,345,659,52.4,85.1,1001005.09566005,100,1.977,6.6,442,40.5,88.7,64.7,18.1,85.1,19.52,5035.68,5.04,-86.7112469032969,49.4269694634968,1.11803398874989,1.42320934481053,1484,5,12,"4",0.659346139558181,1,"81"
"134","NIP428_2006_1646",1,584.81,233.37,2006,12052,17090,70.5,100.5,33544451.0540343,100,51.27,5.4,424.3,47,86.6,72.3,13.5,100.5,19.99,5701.7,5.7,-88.9281304843462,49.3789373249435,0.612372435695794,0.730613901614989,1485,5,10,"4",0.339309184106398,1,"82"
"139","NIP49_1996_366",1,429.67,270.12,1996,61419,66372,92.5,105.56,214293938.125148,100,199.116,7,235.2,71.2,89.9,80.3,20.7,105.56,19.99,4664.68,4.66,-87.2780413189822,49.3650853500169,0.866025403784439,1.20245017707598,1355,10,1,"1",0.433998654754145,1,"83"
"140","NIP51_1996_620",1,598.67,199.4,1996,56733,57375,98.9,70.28,227471983.104241,97.238277615771,172.125,8.5,199.6,59.2,89,65.4,18,70.28,20.14,4460.54,4.46,-87.2299740619295,50.6634902603295,0.612372435695794,0.782064454372733,289,2,3,"2",0.326169123982264,1,"84"
"142","NIP58_2003_1421",1,615.79,153.14,2003,1510,1619,93.3,80.61,12592536.0798012,99.9999999999998,4.857,9.3,272.1,70.6,91.4,83.8,26,80.61,20.12,5293.33,5.29,-87.6215574650574,49.9141960949464,0.5,0.465946672577157,1429,5,7,"3",0.180298484036631,1,"85"
"143","NIP60_1996_227",1,480.35,145.21,1996,13922,14130,98.5,101.11,37117188.0611087,100,42.39,9.4,205.8,60.2,89.6,66.4,20.5,101.11,20.24,4540.65,4.54,-86.6854022694347,50.6355076982536,0.612372435695794,0.742617004470474,172,3,3,"2",0.325083198173323,1,"86"
"144","NIP61_1996_318",1,612.97,367.92,1996,753,950,79.3,63.9,2745023.68079985,99.9999999999999,2.85,9.6,195.5,69.2,92.3,72.2,22.3,63.9,20.18,4606.58,4.61,-87.2904859779695,49.8213354846726,0.707106781186548,0.765368214084839,1352,5,3,"2",0.490411966720264,1,"87"
"146","NIP64_1996_782",1,481.77,243.17,1996,7059,7242,97.5,99.43,31412707.5044695,99.9999999999999,21.726,9.6,195,68.4,92.4,71.7,22.3,99.43,20.36,4639.62,4.64,-87.2848251173456,49.8642193711225,0.707106781186548,0.902622492748825,1385,5,3,"2",0.372584144431227,1,"88"
"147","NIP65_1996_1146",1,543.78,466.42,1996,2257,2262,99.8,87.36,4105948.18441408,100,6.786,9.8,192.4,66.3,89.9,70.1,22.3,87.36,20.11,4519.68,4.52,-87.020988802149,50.0098716687504,0.353553390593274,0.372736238745467,1414,5,3,"2",0.243191332039915,1,"89"
"149","NIP75_2002_76",1,491.29,130.27,2002,33490,38104,87.9,89.2,198832252.226525,99.9999999999998,114.312,4.7,316.2,49.1,87.6,68.1,12.4,89.2,19.7,5106.96,5.11,-86.9366168219474,49.0551819554882,1.62018517460197,2.27688102454962,1330,8,7,"3",0.700164339995183,1,"90"
"150","NIP77_2001_49",1,414.17,107.47,2001,13,13,100,55.09,892520.278842677,100,0.039,3.6,309.7,23.7,75.5,39.6,3.2,55.09,19.94,5155.9,5.16,-87.1757065721972,50.0632952662415,0.935414346693485,1.10172931924039,1329,5,8,"3",0.496786838331908,1,"91"
"151","NIP79_1996_1296",1,631.41,190.02,1996,1349,1377,98,65.28,6450926.09122871,100,4.131,8.6,199.2,59,89.2,65.2,18.1,65.28,20.14,4460.54,4.46,-87.1864261509056,50.6899811699617,0.707106781186548,0.911120771877027,500,3,3,"2",0.375078917650078,1,"92"
"152","NIP80_1996_310",1,573.72,390.11,1996,823,1195,68.9,95.23,3083036.67591034,100,3.585,5.9,217.1,71.3,89.8,76.3,17.3,95.23,20.41,4615.5,4.62,-89.0795018241017,49.1620895573515,0.612372435695794,0.80493587345098,1350,14,1,"1",0.520689536446725,1,"93"
"153","NIP80_2005_1523",1,646.96,220.68,2005,36529,49858,73.3,76.8,80200861.7755622,100,149.574,6.7,336.5,44.6,88.4,64.5,18.4,76.8,16.02,4739.34,4.74,-88.6243690907847,49.6080922595905,0.5,1.40927260903086,1435,3,11,"4",0.48595923835952,1,"94"
"154","NIP81_2006_1684",1,477.37,179,2006,172,226,76.1,115.75,890014.960694011,100,0.678,7.2,250.3,35.4,90.8,52,19.1,115.75,19.69,5089.03,5.09,-87.3734949806544,50.7480214165379,1.3228756555323,1.44968692249188,594,3,13,"4",0.326546386437195,1,"95"
"158","NIP97_1999_737",1,341.47,144.87,1999,3352,3357,99.9,103.32,17515211.1275594,100,10.071,8.9,454.9,38.1,89.3,62.8,23.2,103.32,20.41,5364.98,5.36,-85.6229880293968,49.8519989815561,0.5,0.400667250242103,883,7,4,"2",0.0672860542829311,1,"96"
"162","PEM25_2012_1933",1,585.84,337.46,2012,7,14,50,93.48,3987677.47855887,100,0.042,8.5,424.6,100.6,92.2,126.2,29.8,93.48,22.15,4107.77,4.11,-77.5691471820127,45.922643473681,0.612372435695794,0.966388310462153,27,2,0,"1",0.721975757085965,1,"97"
"166","RED25_2010_1756",1,624.66,483.91,2010,213,436,48.9,87.7,781712.219920932,100,1.308,14.6,92.4,40.3,92,42.9,22.4,87.7,20.68,5408,5.41,-93.6213859863948,50.8392149816034,0.707106781186548,0.978839263772093,1280,2,14,"4",0.829091803637591,1,"98"
"167","RED39_2012_1901",1,508.93,152.18,2012,192,198,97,96.28,1017917.48660549,100,0.594,9.7,174,49.2,89.3,57.2,19.9,96.28,20.84,5250.75,5.25,-92.9566086609778,50.9255088388825,1,1.06744772527787,1164,2,0,"1",0.36120850130319,1,"99"
"168","RED65_2003_1440",1,538.25,113.17,2003,218,319,68.3,89.1,2075516.00562046,100,0.957,12.6,234.5,45.7,91.5,59.8,26.8,89.1,19.68,5241.57,5.24,-93.5399649630694,51.4580171367302,0.866025403784439,0.944241473418665,1095,3,8,"3",0.505049362245762,1,"100"
"169","RED81_1995_964",1,463.18,199.75,1995,16097,16492,97.6,93.65,72987190.9905044,100,49.476,10.5,234.6,73.5,91.6,81.2,27.4,93.65,20.43,5703.76,5.7,-92.862578553643,50.8262946463232,0.707106781186548,0.829654466239757,1062,3,1,"1",0.35338880073623,1,"101"
"172","SAU7_2003_1436",1,538.59,487.1,2003,73,541,13.5,97.1,1754618.579895,100,1.623,11.3,60.3,30.2,91.1,30.1,17.9,97.1,20.05,3342.45,3.34,-82.7062074275338,46.2489256452012,0.707106781186548,0.904621385065787,18,2,0,"1",0.883699903019005,1,"102"
"173","SLK105_2012_1931",1,571.56,224.08,2012,417,430,97,72.63,832221.81137933,100,1.29,4,207.6,20.1,86.5,31.5,8.1,72.63,20.41,5611.02,5.61,-92.763710630025,50.3255289206205,0.612372435695794,0.856933676943448,1286,2,0,"1",0.0869478806010823,1,"103"
"174","SLK65_1995_307",1,547.12,247.74,1995,67064,69489,96.5,72.48,133634004.569101,100,208.467,10.4,241.1,73.5,92.2,81.2,27.9,72.48,20.23,5681.92,5.68,-92.1938462343731,50.5901954454595,0.707106781186548,0.854208138489237,1544,4,1,"1",0.343361220985422,1,"104"
"175","SLK86_1996_1174",1,474.91,261.2,1996,1621,1773,91.4,80.04,5714242.52585284,100,5.319,9.1,205.3,63.5,92.6,69.9,22.9,80.04,20.67,5491.02,5.49,-91.6680266707949,50.6515751885213,0.612372435695794,0.79547481793456,1077,3,1,"1",0.274168673270027,1,"105"
"176","SUD121_1999_1289",1,681.11,293.58,1999,918,1207,76.1,84.48,2045744.93857298,100,3.621,4.5,514.3,58.4,87,90.3,15.2,84.48,20.68,5580.03,5.58,-81.5907944470809,46.6315116412451,1.2747548783982,1.87308592851755,975,8,10,"4",0.6753851243916,1,"106"
"179","SUD23_1992_715",1,600,370.62,1992,8290,18184,45.6,88.4,48225094.3460121,100,54.552,9.5,149.5,59.2,90.3,60.2,22.8,88.4,20.31,4980.7,4.98,-81.1432857740435,46.932248017857,1,1.39656443059686,970,12,3,"2",0.885253549342088,1,"107"
"183","THU113_2006_1568",1,521.99,340.54,2006,315,365,86.3,96.27,772470.172940317,99.9999999999999,1.095,8.3,399.5,56.7,89.4,82.7,25.7,96.27,20.57,5936.34,5.94,-90.8636027766999,49.1739604499008,0.612372435695794,0.565006513911897,1443,4,14,"4",0.137623408601349,1,"108"
"185","THU132_1995_944",1,548.43,229.52,1995,16379,16645,98.4,79.92,63431573.1899986,100,49.935,9,437.8,62.7,88.4,92,19.8,79.92,20.14,4901.79,4.9,-90.0815082103889,49.8002040981028,0.612372435695794,0.859018950505022,1392,4,2,"1",0.298260622047819,1,"109"
"186","THU133_2006_1688",1,602.04,248.75,2006,2642,4281,61.7,87.39,6460543.10032888,99.9999999999997,12.843,5.1,434.9,57.2,88.4,85.4,18,87.39,15.54,5061.31,5.06,-88.8944699715298,49.9933483224024,0.790569415042095,1.78159840563457,1502,3,10,"4",0.682245060543755,1,"110"
"188","THU13_1999_514",1,504.58,77.11,1999,1455,1461,99.6,57.53,11046230.480458,99.9999999999994,4.383,4.8,220.7,67.1,87.1,68.4,12,57.53,20.1,5229.75,5.23,-89.932926164319,49.3877345284219,0.612372435695794,0.860648770517673,1365,8,4,"2",0.408438619948731,1,"111"
"189","THU142_2006_1634",1,510.1,225.86,2006,59851,65455,91.4,105.26,150282214.017224,100,196.365,5.3,400,50.7,87.2,76.7,13.4,105.26,20.29,5645.05,5.65,-90.0915647537599,49.5414962280169,0.707106781186548,0.883144699076882,1473,2,9,"3",0.213044236246599,1,"112"
"190","THU143_2006_1642",1,507.91,289.49,2006,16709,17677,94.5,111.11,39890582.4792457,100,53.031,6.4,406.5,55.1,87.4,82,16.6,111.11,20.29,5731.11,5.73,-90.246085986722,49.4396792778734,0.5,0.562123052120703,1481,5,10,"4",0.142198982244207,1,"113"
"191","THU144_2006_1638",1,599.47,245.07,2006,17370,22054,78.8,97.61,41075974.8624872,99.9999999999998,66.162,6.9,410.4,56.4,87.9,83.7,18.1,97.61,20.21,5717.94,5.72,-90.2117532860665,49.5614356995571,0.612372435695794,0.816799881193194,1477,2,10,"4",0.31029768614133,1,"114"
"192","THU14_1995_308",1,443.51,284.89,1995,4093,4101,99.8,94.72,16365215.7544521,100,12.303,12.6,133.7,47.3,91.2,49.8,20.9,94.72,20.34,5001.57,5,-90.2489682995809,49.4426673460849,0.5,0.568041780564133,1349,8,1,"1",0.30152658833644,1,"115"
"193","THU151_2006_1650",1,699.44,472.92,2006,206,649,31.7,90.95,995705.704756865,100,1.947,8.1,441.9,59.2,89.5,88.9,24.6,90.95,20.55,5573.85,5.57,-89.2269300152886,49.4005940429861,0.707106781186548,0.884110677607703,1488,5,12,"4",0.65931293851311,1,"116"
"194","THU154_2006_1687",1,613.72,155.29,2006,8324,10099,82.4,65.78,15199113.3749137,99.9999999999999,30.297,5.1,420.3,48.2,86.7,74.3,14.4,65.78,15.1,5641.23,5.64,-88.2887059529752,50.1696889785105,0.790569415042095,1.67780852876587,1501,3,12,"4",0.540083000429362,1,"117"
"195","THU163_2006_1640",1,513.11,357.51,2006,12642,17600,71.8,100.81,46066202.4768666,100,52.8,5.6,433.7,56.4,88.7,84.6,19.1,100.81,20.54,5564.06,5.56,-89.1538410617058,49.4916275739691,0.612372435695794,0.857698247515325,1479,5,12,"4",0.268627312537307,1,"118"
"196","THU167_2006_1653",1,648.74,410.11,2006,1619,2122,76.3,85.16,3239923.79960491,100,6.366,6.5,404.9,54.5,87.2,81.2,16.3,85.16,20.29,5731.11,5.73,-90.1847407386013,49.3803999090106,0.612372435695794,0.913425302395579,1491,5,12,"4",0.379242484585868,1,"119"
"197","THU16_2002_102",1,397.86,241.3,2002,1572,1746,90,109.11,10064394.8176783,100,5.238,6,91.9,24.7,89.1,29.2,11.1,109.11,20.54,5229.21,5.23,-89.3904440485275,49.6074327600027,0.790569415042095,1.13922111199928,1335,8,9,"3",0.190002817578962,1,"120"
"199","THU184_2006_1647",1,615.03,283.82,2006,3992,7145,55.9,65.15,13069394.9662051,99.9999999999999,21.435,5.9,399.5,53.5,87.3,80,16.5,65.15,20.37,5781.16,5.78,-90.3278111851755,49.4186590720478,0.353553390593274,0.429265036533235,1486,5,10,"4",0.321917066082844,1,"121"
"200","THU185_2006_1633",1,490.66,223.21,2006,6430,7192,89.4,116.93,17349342.8118284,100,21.576,6.2,426.9,57,88.4,85.2,18.4,116.93,20.36,5597.86,5.6,-89.4165550469217,49.5867170006529,0.790569415042095,1.15835584254807,1472,5,9,"3",0.28694447121191,1,"122"
"210","THU31_2005_1510",1,511.09,130.2,2005,7714,7850,98.3,88.3,23203490.843857,100,23.55,9.2,263.2,46.5,91.1,61.4,20.4,88.3,17.65,5666.79,5.67,-88.7658039518551,50.2733696144258,0.612372435695794,0.706243875511168,1432,3,14,"4",0.142062114414625,1,"123"
"213","THU38_1996_675",1,486.09,308.27,1996,23544,28269,83.3,89.97,148442917.309778,100,84.807,6.5,217.9,69.8,89.3,74.3,17.5,89.97,20.45,4780.26,4.78,-89.0444752436825,49.4261198617908,0.707106781186548,0.935775525576706,1372,12,1,"1",0.495169728961963,1,"124"
"214","THU39_2007_1661",1,555.92,337.6,2007,3306,3866,85.5,97.61,11515859.3697085,100,11.598,9.7,102.6,53.6,89.3,53.6,21.1,97.61,19.93,5101.68,5.1,-89.260443488596,48.8672981019062,0.790569415042095,1.05355915807172,1497,5,12,"4",0.512818626474892,1,"125"
"215","THU41_1996_553",1,537.94,336.06,1996,6258,6396,97.8,84.65,11531928.8984863,100,19.188,7.8,211.2,68.8,91.7,74.4,19.7,84.65,20.36,5017.41,5.02,-90.0495452761491,49.2539526999576,0.5,0.509265936864682,1366,9,1,"1",0.191789784708061,1,"126"
"216","THU53_1995_1395",1,567.22,246.74,1995,2474,2599,95.2,67.58,7107652.93706148,99.9999999999999,7.797,4.1,226.3,60.7,85.7,69.5,13.8,67.58,19.45,4764.22,4.76,-88.3841921543017,50.5151751378754,0.790569415042095,1.03862020388353,1427,3,2,"1",0.334356660841032,1,"127"
"217","THU53_1996_593",1,570.22,263.75,1996,30062,40797,73.7,74.99,108236306.639255,99.9999999999999,122.391,8.1,214.1,68.7,91.3,74.1,19.8,74.99,20.38,5229.07,5.23,-90.6005389136762,49.2057320293575,0.612372435695794,0.766137570813254,1367,7,3,"2",0.493296774525419,1,"128"
"218","THU57_2005_1526",1,529.64,240.6,2005,45926,48234,95.2,90.08,100564118.083292,99.9999999999999,144.702,6.7,308.8,44.2,88.2,61.6,17,90.08,20.29,5486.55,5.49,-89.8519624122341,49.3889015212383,0.707106781186548,1.0109277768237,1437,5,9,"3",0.216052540041527,1,"129"
"219","THU58_1996_127",1,387.95,180.51,1996,22477,23069,97.4,109.2,116555021.170402,100,69.207,7.5,222.6,62.4,89.7,68.9,19.6,109.2,20.29,5022.78,5.02,-90.2269766875386,49.9183443868929,0.707106781186548,0.921626541343751,1338,3,2,"1",0.313417253841077,1,"130"
"221","THU67_2005_1528",1,529.79,92.41,2005,23027,23210,99.2,59.46,41026385.1965122,98.7654481700157,69.63,5.2,277.9,39.2,87.9,54.9,13,59.46,20.01,5706.76,5.71,-89.6839595192094,50.1867102289586,0.5,0.550567048089382,1439,2,0,"1",0.0722502135034368,1,"131"
"222","THU71_1996_461",1,443.28,316.69,1996,4613,5371,85.9,112.07,16989698.5443857,100,16.113,5.1,214.5,70.2,87.9,77,15.3,112.07,20.36,4892.42,4.89,-90.0858688103319,49.1234824838159,0.707106781186548,0.789424805480062,1360,10,1,"1",0.377079581645972,1,"132"
"223","THU76_1996_311",1,532.19,188.01,1996,4424,4554,97.1,88.13,16034886.3970178,99.9999999999999,13.662,7.9,208.5,65.8,90.5,70.9,20.9,88.13,20.51,5136.28,5.14,-90.2780028097003,49.7007921453197,0.612372435695794,0.637102420843288,1351,4,4,"2",0.235774810959646,1,"133"
"224","THU77_1996_1187",1,581.21,361.99,1996,7258,7787,93.2,80.37,13285788.463205,100,23.361,7.8,214.3,69.8,90.6,76.1,19.8,80.37,20.34,4905.38,4.91,-90.1745038745244,49.0979243892252,0.5,0.520402451052851,1417,9,1,"1",0.249907925488372,1,"134"
"225","THU80_1996_348",1,535.91,456.13,1996,673,1903,35.4,87.73,4200038.7820203,100,5.709,7.4,213.4,74.4,90.3,79.3,18.3,87.73,20,4654.23,4.65,-89.4486673955981,48.911746244461,0.790569415042095,1.01272339681742,1354,11,1,"1",0.884417152731992,1,"135"
"226","THU84_1996_147",1,543.96,294.46,1996,16542,16697,99.1,35.77,48433479.3259521,100,50.091,7.5,212.6,65.9,89.4,71.3,19.5,35.77,20.29,4950.06,4.95,-90.1274434343268,49.5619570707658,0.707106781186548,1.00624165237891,1341,4,2,"1",0.369705965278337,1,"136"
"227","THU90_1996_1274",1,496.33,229.77,1996,32204,34974,92.1,80.51,151393933.869807,100,104.922,7.6,206.6,62.7,89.3,69.1,19.9,80.51,20.34,4898.04,4.9,-89.8212954830161,50.0226183726964,0.790569415042095,1.14352873164588,1420,3,4,"2",0.438919210588591,1,"137"
"228","TIM12_1997_1531",1,644.72,180.91,1997,17587,22965,76.6,70.57,165896536.601737,100,68.895,8.5,169.6,63.7,89.9,66.4,21.4,70.57,20.48,5041.17,5.04,-80.7070489920797,48.269991502537,0.707106781186548,0.998303726733939,925,8,8,"3",0.559733381657708,1,"138"
"229","TIM13_2010_1776",1,650.53,121.61,2010,322,351,91.7,63.51,2528227.52887382,100,1.053,3.6,175.4,44.8,85.9,53.9,10.3,63.51,21.02,5132.18,5.13,-81.3299780777408,47.4790577232721,0.612372435695794,0.701281983534133,981,2,0,"1",0.15009879529837,1,"139"
"230","TIM19_2005_1512",1,321.45,142.16,2005,5075,5374,94.4,150.88,55490077.553456,100,16.122,10.5,339.5,69.1,92.2,89.3,29.5,150.88,20.6,5179.73,5.18,-80.7737744030152,48.2985814813416,0.612372435695794,0.682253195770438,919,2,0,"1",0.190285758927861,1,"140"
"231","TIM24_1997_121",1,608.23,128.83,1997,6066,6789,89.4,75.31,58071876.5080723,99.9999999999999,20.367,6.9,180.4,59.3,90.5,63.3,18.2,75.31,20.85,5120.57,5.12,-82.000870280718,48.258706821121,0.707106781186548,0.918095027280698,855,8,8,"3",0.313624587291378,1,"141"
"232","TIM27_2012_1921",1,672.46,184.2,2012,413,489,84.5,66.41,1813173.87481235,100,1.467,6.8,279.7,40.8,88.5,57.6,17.7,66.41,20.8,5405.04,5.41,-82.1194686932823,48.0920810798226,1.54110350074224,1.94585993040177,950,2,0,"1",0.569790666844937,1,"142"
"234","TIM34_2011_1750",1,59.53,101.65,2011,13,50,26,313.62,525829.089454915,100,0.15,6,262,19.8,89.2,33.1,12.1,313.62,21.08,5158.08,5.16,-81.6134673909416,47.4713205384305,0,0.256010194656091,934,2,0,"1",0.347520747687751,1,"143"
"235","TIM3_2007_1585",1,461.36,398.68,2007,207,381,54.3,122.6,1023308.87093278,100,1.143,19.9,122,39.7,92.2,43.4,32.2,122.6,20.22,5423.55,5.42,-80.8862121618728,48.5875106630202,0.612372435695794,0.617912185717776,927,2,0,"1",0.831773752056331,1,"144"
"237","TIM56_2005_1529",1,700.99,205.77,2005,325,325,100,73.8,1184501.33236025,100,0.975,8.5,361,63.3,90.1,85.8,25.7,73.8,20.8,5203.18,5.2,-81.938093733231,48.3192241524238,0,0.251303748265327,924,2,0,"1",0.0613062227512102,1,"145"
"238","TIM5_1996_563",1,462.25,419.96,1996,1438,1878,76.6,123.38,5590880.09679637,100,5.634,6.2,195.2,39.7,89.1,51,13.3,123.38,20.7,4722.58,4.72,-81.1653325488212,47.5851986847376,1.11803398874989,1.5977742151219,877,8,7,"3",0.520385683170785,1,"146"
"239","TIM5_2005_1517",1,551.49,334.56,2005,1838,2471,74.4,100.57,7917067.95781001,100,7.413,11.7,127,42.9,93.6,45.8,23.1,100.57,20.68,5203.16,5.2,-81.7985302326937,47.7860018811315,1.5,1.83733192862455,922,2,0,"1",0.745319228668922,1,"147"
"240","TIM7_2005_1515",1,659.68,219.62,2005,1571,1788,87.9,75.53,7295699.4038077,100,5.364,12.9,120.9,43.4,93.9,46.1,23.6,75.53,20.81,5165.87,5.17,-82.1986361343725,48.2115872082848,0.707106781186548,0.842694472624006,921,2,0,"1",0.343111950350501,1,"148"
"241","TIM7_2010_1774",1,349.23,238.18,2010,251,255,98.4,142.44,2185618.33531654,100,0.765,12.6,150.2,55.7,91.3,58.1,25,142.44,20.89,5337.09,5.34,-81.6288038045646,48.4585381009327,0.353553390593274,0.279327470969729,939,2,0,"1",0.225334377036441,1,"149"
"242","TIM7_2012_1898",1,520.44,263.41,2012,1183,2356,50.2,102,7519382.88177563,100,7.068,14.3,116.2,45.5,92.2,47.5,25.3,102,20.94,5316.81,5.32,-81.5755209781538,47.4634921793094,0.612372435695794,0.57621368480095,945,2,0,"1",0.698234584916673,1,"150"
"244","TIM9_2012_1852",1,582.16,214.85,2012,102829,132445,77.6,88.06,705048943.215652,99.9999999999995,397.335,9,284.5,41.8,90,57.4,20.9,88.06,20.78,5363.71,5.36,-81.7119796279845,48.0539169661234,0.790569415042095,1.11949622887453,943,2,0,"1",0.394718826870548,1,"151"
"247","WAW17_2012_1934",1,487.56,327.61,2012,380,416,91.3,103.96,1328856.46390776,100,1.248,8.2,79.5,22.5,89.5,26.5,15,103.96,19.5,5431.58,5.43,-84.9277324550765,48.3957756044065,0.612372435695794,0.844310293473578,952,2,0,"1",0.143308344765844,1,"152"
"248","WAW18_2010_1775",1,634.16,174.9,2010,3933,6320,62.2,77.38,36374376.6174346,100,18.96,6.4,197.4,73,90.3,73.4,18.9,77.38,19.94,5475.07,5.48,-84.1556179802819,47.9108103546044,0,0,1592,2,0,"1",0.332053958482199,1,"153"
"249","WAW21_2003_1406",1,526.9,255.54,2003,18276,19545,93.5,88.69,100505557.239367,99.9999999999999,58.635,8.9,291,82.4,91.6,91.6,27.1,88.69,20.41,4944.2,4.94,-84.5213531396642,48.9215629991184,0.612372435695794,0.684800722380924,911,5,7,"3",0.329058343323965,1,"154"
"251","WAW31_1995_650",1,570.14,260.71,1995,4159,4387,94.8,71.8,15081689.8948423,100,13.161,5.9,309,53.8,86.8,66.6,15.9,71.8,20.03,5037.54,5.04,-85.9060870965179,48.8555832139784,1.11803398874989,1.56037054297694,881,11,1,"1",0.542974590733287,1,"155"
"253","WAW5_2012_1904",1,653.79,421.69,2012,134,416,32.2,91.59,1014324.75272463,100,1.248,13.5,66.6,32.2,91,31.9,21.9,91.59,19.67,5134.02,5.13,-85.3253737059015,48.6115269231493,1,1.05430046149735,946,2,0,"1",0.883331334223151,1,"156"
"254","WAW69_1995_946",1,415.61,237.65,1995,778,818,95.1,120.89,2999425.93312104,100,2.454,13.3,455.4,69.5,90.6,99.6,33.1,120.89,20.3,4976.74,4.98,-85.73388039096,49.3761206871324,0.707106781186548,0.810044787730091,893,10,1,"1",0.342141763652701,1,"157"
"255","WAW86_1995_724",1,437.75,268.14,1995,42791,59962,71.4,132.84,124054988.231777,100,179.886,11.5,477.1,74.9,89,107.6,36.1,132.84,20.08,4792.16,4.79,-84.6800426209923,48.3885964418023,1.4142135623731,1.87542815392719,882,8,1,"1",0.802913701246105,1,"158"
"256","WAW87_1995_1025",1,372.06,232.93,1995,13678,14979,91.3,151.64,31220492.7787323,100,44.937,12.2,475.1,80.6,89.2,113,39.8,151.64,20.35,4706.47,4.71,-84.6391846083732,48.5739726869404,1.45773797371133,1.8990966856932,896,8,1,"1",0.688989805266737,1,"159"
"258","COC14_2009_1703",0,530.39,328.14,2009,3942,3942,100,86.67,0,0,11.826,6.9,195.7,40.8,89.1,52,13,86.67,19.31,5304.84,5.3,-79.5315680523448,50.5309931036252,0,0.256903577366425,1587,2,0,"0",0.0600453079915816,1,"43"
"268","COC30_1997_1034",0,502.66,270.78,1997,632,632,100,86.08,0,0,1.896,17,124.9,58.7,92.4,59.1,31.5,86.08,19.58,5053.08,5.05,-80.0281279983366,50.0701641252951,0.707106781186548,0.766379027916819,897,2,0,"0",0.54309598667041,1,"155"
"273","GER17_1992_1355",0,503.03,207.31,1992,79193,79961,99,84.98,0,0,239.883,7.4,197.8,48.8,88.9,59.5,17.2,84.98,19.22,4908.42,4.91,-87.7071175830244,52.0003933421545,0.5,0.410883987041785,523,2,0,"0",0.0963441534811506,1,"10"
"277","GER21_1992_720",0,518,338.63,1992,10461,10461,100,90.76,0,0,31.383,8.2,183.2,45.3,90.6,55.3,18.6,90.76,19.67,4850.49,4.85,-86.4616063549598,52.2565086179579,0.612372435695794,0.679357391305351,1559,2,0,"0",0.112869341752722,1,"16"
"284","GER36_1992_868",0,610.58,444.83,1992,5734,5734,100,69.43,0,0,17.202,6.4,203.7,48.4,89.2,59.7,14.7,69.43,20.08,4801.18,4.8,-86.6899609660515,51.3364550974606,0.707106781186548,0.75627595684326,366,2,0,"0",0.13581372901568,1,"6"
"287","GER39_1992_989",0,576.17,311.22,1992,12803,12804,100,75.46,0,0,38.412,6.9,199.4,48.5,89.6,59.6,16,75.46,19.76,4892.34,4.89,-87.096163959675,51.7795774062934,0,0.238393931195404,404,2,0,"0",0.0558170596059839,1,"40"
"290","GER45_1991_396",0,643.83,450.42,1991,17014,17023,99.9,68.19,0,0,51.069,7,487.8,60.8,89.5,87.7,22.3,68.19,20.21,4608.28,4.61,-86.9079394098128,51.3092847901321,0.790569415042095,0.860190794385179,226,2,0,"0",0.172588108314843,1,"19"
"295","GER60_1990_792",0,363.95,321.87,1990,482,482,100,104.21,0,0,1.446,5.3,332.8,69.8,87.7,85.2,18.5,104.21,18.79,3885.8,3.89,-86.3352249590518,53.7805168634874,0.612372435695794,0.662268710439029,343,2,0,"0",0.190189255481438,1,"120"
"304","MOO15_1991_836",0,592.54,279.38,1991,9697,9697,100,76.2,0,0,29.091,7.3,406.1,80.3,90.3,84.2,21.7,76.2,19.98,4746.97,4.75,-80.7447655343723,50.7258759627642,0.612372435695794,0.645136772435019,888,2,0,"0",0.444293062386331,1,"38"
"324","NIP22_2001_46",0,615.73,351.15,2001,1102,1104,99.8,69.18,0,0,3.312,8.4,208.4,53.8,90.7,60.3,21.4,69.18,20.17,4879.76,4.88,-86.8811078817899,51.2079083599375,0.866025403784439,0.974502310721767,90,2,0,"0",0.244891606688536,1,"89"
"332","NIP27_2010_1734",0,584.22,302.14,2010,856,856,100,87.57,0,0,2.568,11.6,203,49.3,91.4,62.8,23.1,87.57,19.93,4521.31,4.52,-86.1871904075073,52.3848311308461,0.790569415042095,1.25688498375255,1590,2,0,"0",0.359334622851537,1,"99"
"335","NIP32_2012_1929",0,429.24,160.88,2012,347,350,99.1,105.58,0,0,1.05,8.5,224.8,44.6,90.3,58.1,19.3,105.58,20.34,4761.35,4.76,-87.6845758149062,50.9604202112448,0.790569415042095,1.09018323674439,711,2,0,"0",0.210128585459964,1,"112"
"342","NIP40_1999_860",0,458.39,155.35,1999,312,312,100,87.61,0,0,0.936,10.8,253.5,66.3,88.3,74.7,26.3,87.61,18.84,4434.28,4.43,-87.6385416528359,53.8544676702893,0.612372435695794,0.584973874531848,363,2,0,"0",0.342740380236818,1,"157"
"347","NIP43_1996_910",0,531.22,106.66,1996,9598,9693,99,54.2,0,0,29.079,7,173.6,51.7,88,57,14.5,54.2,19.9,4912.4,4.91,-88.0537560421566,51.5860769602159,0.5,0.41601240291768,377,2,0,"0",0.163364212205643,1,"45"
"357","NIP50_1996_355",0,588.31,325,1996,15753,15766,99.9,73.25,0,0,47.298,7.2,186.2,54.9,88.6,59.6,16.3,73.25,20.36,4495.99,4.5,-86.9899756517405,51.3758661013201,0.612372435695794,0.609961353773779,210,2,0,"0",0.210513736474801,1,"76"
"373","NIP59_2003_1555",0,575.59,347.05,2003,2328,2355,98.9,85.58,0,0,7.065,9.4,347.3,59.9,89.2,75.4,21.8,85.58,20.31,4968.07,4.97,-86.4776749740041,51.4028225986067,0.707106781186548,0.796871981367112,572,2,0,"0",0.324988420512353,1,"132"
"388","NIP73_2001_41",0,531.38,72.28,2001,4505,4508,99.9,74.25,0,0,13.524,6.2,313.4,43.9,87.3,63.4,17.3,74.25,18.48,4746.58,4.75,-87.921251810415,53.3907189822536,0.5,0.502500538835468,86,2,0,"0",0.072296689422912,1,"131"
"393","NIP79_2002_189",0,515.5,511.04,2002,1132,1132,100,94.97,0,0,3.396,5.4,248.5,37.8,84.4,49.5,11.7,94.97,19.41,4690.51,4.69,-86.2055876606794,53.1993939063116,0.707106781186548,0.818173386909551,161,2,0,"0",0.212281571881481,1,"53"
"405","PET1_2001_50",0,655.68,613.13,2001,0,10,0,94.67,0,0,0.03,8.3,606.5,105.8,92.7,146.6,30.8,94.67,21.88,5077.53,5.08,-76.8804708178842,44.8148937168391,0,1.16660427248266,4,2,0,"0",0.956346107519714,1,"71"
"406","RED100_2011_1783",0,571.86,126.32,2011,49403,52084,94.9,77.45,0,0,156.252,5.7,386.9,88,87.7,106.9,14.2,77.45,20.19,4655,4.65,-93.8326161868409,53.3780983368149,0.612372435695794,0.793432288949752,637,2,0,"0",0.48307123655323,1,"94"
"407","RED101_2011_1802",0,612.02,181.69,2011,1670,1682,99.3,52.76,0,0,5.046,7,374.2,69.6,88.2,91.7,17,52.76,20.54,4554.81,4.55,-93.9665892929223,52.8825324149248,0.353553390593274,0.918980209505868,650,2,0,"0",0.325809810865235,1,"84"
"415","RED113_2006_1629",0,0,0,2006,45616,67625,67.5,89.77,0,0,202.875,6.7,329.6,33.3,89,51.9,15.9,89.77,19.88,4988.65,4.99,-93.5094301928319,52.5358061815721,0.790569415042095,1.11195612226334,1582,2,0,"0",0.379592323014335,1,"14"
"417","RED114_2011_1778",0,559.93,226.31,2011,1602,2880,55.6,22.78,0,0,8.64,8.8,342.8,74.7,90.3,88,24.8,22.78,21.05,4928.6,4.93,-94.6217449154208,51.6482803323379,1.2747548783982,1.47917147933182,1139,2,0,"0",0.873478009950142,1,"107"
"418","RED118_2011_1780",0,542.1,43,2011,51278,68548,74.8,79.1,0,0,205.644,5.3,388.5,85,87.9,104.2,13.2,79.1,20.11,4588.4,4.59,-93.6382876741245,53.5359264385289,0.790569415042095,1.1704133888916,634,2,0,"0",0.740076996247803,1,"147"
"419","RED11_2007_1562",0,519,316.81,2007,5580,5639,99,86.42,0,0,16.917,4.3,92.2,11.3,83.6,17.9,7.5,86.42,18.29,4520,4.52,-92.9170826086333,54.2215916583597,0.612372435695794,0.701453920707406,574,2,0,"0",0.0683233481554282,1,"48"
"420","RED120_2011_1793",0,479.1,-13.64,2011,549,634,86.6,10.73,0,0,1.902,8.2,382.9,65.9,90.1,88.6,18.7,10.73,20.86,4748.72,4.75,-94.9624944013747,52.2793860775954,0.866025403784439,1.0103022478001,1142,2,0,"0",0.425452675217282,1,"9"
"421","RED121_2011_1722",0,618.57,17.58,2011,213,216,98.6,57.56,0,0,0.648,8.1,321.8,47,89.4,69.7,17.9,57.56,20.53,5099.37,5.1,-92.5384059353278,52.2207962104734,0.612372435695794,0.689461286763738,1589,2,0,"0",0.12204747549708,1,"8"
"422","RED122_2011_1794",0,539.6,31.77,2011,2320,2382,97.4,62.1,0,0,7.146,6.5,360,29.4,85.6,46.1,14,62.1,20.53,4819.9,4.82,-93.8367324112498,52.2471608874652,0.5,0.641448390480306,1143,2,0,"0",0.157376420548171,1,"59"
"423","RED123_2011_1790",0,471.67,159.38,2011,683,1123,60.8,6.06,0,0,3.369,7.2,385.1,27.4,88.1,43.3,16.1,6.06,20.73,4756.87,4.76,-94.7600918777581,52.3347799936273,0.935414346693485,1.04406130770973,1141,2,0,"0",0.513519683966776,1,"25"
"424","RED124_2011_1958",0,505.81,168.43,2011,182891,270540,67.6,48.62,0,0,811.62,8,418.4,45.9,90.8,69.2,21.2,48.62,21.14,4980.79,4.98,-94.6069648037878,51.2327033066975,1,1.40089492167336,1289,2,0,"0",0.527554622335735,1,"93"
"425","RED12_2000_25",0,461.46,227.93,2000,1630,2015,80.9,39.78,0,0,6.045,5.4,372.2,44.4,89.3,66.5,15.5,39.78,19.28,5427.42,5.43,-93.9983725046671,52.291901223191,0.935414346693485,1.15996362111774,996,2,0,"0",0.274080193931883,1,"105"
"426","RED13_1996_1388",0,417.28,184.31,1996,2595,4546,57.1,84.53,0,0,13.638,5,235.2,50.4,90.5,58.6,13.2,84.53,19.49,5329.04,5.33,-94.3243968938553,52.6126960794632,1.36930639376292,1.66485807589735,1092,2,0,"0",0.732981920970239,1,"97"
"427","RED146_2006_1628",0,493.11,177.41,2006,146230,191979,76.2,81.6,0,0,575.937,6.7,341.1,33.2,88.5,52.2,14.9,81.6,19.92,5070.46,5.07,-93.8737102325542,52.4719159470217,1.06066017177982,1.51553262781387,1109,2,0,"0",0.491419007228639,1,"128"
"429","RED14_1996_764",0,510.78,165.13,1996,1095,2115,51.8,49.32,0,0,6.345,4.8,231.1,50.8,89.7,59.1,13.2,49.32,19.6,5330.28,5.33,-94.8109075896227,52.502983965151,1.06066017177982,1.24412923216735,1052,2,0,"0",0.643727182893805,1,"31"
"430","RED14_2000_57",0,357.04,249.8,2000,12241,18832,65,128.94,0,0,56.496,6.4,385.6,49.5,90.1,73.5,20.5,128.94,19.38,5393.24,5.39,-94.3826211138995,52.2842180009532,1.11803398874989,1.37740617429576,998,2,0,"0",0.455378817025488,1,"137"
"431","RED14_2006_1594",0,482.84,46.9,2006,129,155,83.2,65.21,0,0,0.465,8.9,160.9,46.5,91,53.6,20.1,65.21,19.85,5021.34,5.02,-93.8832286350458,52.6179698720719,1.17260393995586,1.4746708552001,1105,2,0,"0",0.497113613628097,1,"54"
"433","RED15_2006_1595",0,483.55,236.23,2006,302,369,81.8,74.17,0,0,1.107,2.8,145.5,41.3,71.4,45.6,6.8,74.17,19.86,4964.17,4.96,-93.2845992805673,52.3673116589236,0.707106781186548,0.847663266946355,1106,2,0,"0",0.711114093607852,1,"116"
"435","RED16_1990_796",0,640.58,334.82,1990,7674,7842,97.9,63.04,0,0,23.526,6.1,469.9,64.9,88,88.1,19.2,63.04,19.69,4872.53,4.87,-93.0534583637154,52.408868745735,0.866025403784439,1.2126986521391,345,2,0,"0",0.383994456037188,1,"24"
"436","RED16_2006_1679",0,401.09,88.3,2006,1195,1527,78.3,97.63,0,0,4.581,7.4,320,30.8,88.9,48.9,16.5,97.63,19.78,4975.01,4.98,-94.3746978358,52.7465089940767,1,1.2489089532512,1115,2,0,"0",0.358543661579453,1,"5"
"437","RED175_2006_1577",0,423.01,49.18,2006,923,2856,32.3,77.56,0,0,8.568,9.7,382,42.7,90.2,66.4,22.6,77.56,20.12,5110.17,5.11,-94.7594724690044,52.2525640328872,0.790569415042095,0.844544167080622,1101,2,0,"0",0.66798012113721,1,"81"
"438","RED176_2006_1632",0,516.12,209.24,2006,13730,20544,66.8,66.48,0,0,61.632,6.7,353.9,34.6,87.9,54.8,15.2,66.48,19.89,5075.32,5.08,-94.374924505014,52.3980020789368,1.17260393995586,1.39466906433857,1111,2,0,"0",0.546662873156172,1,"117"
"439","RED177_2006_1579",0,526.42,125.18,2006,156,237,65.8,72.33,0,0,0.711,7.2,368.1,39.4,89.8,61.7,18.1,72.33,19.98,5058.31,5.06,-94.3001303485998,52.3233275964581,1,1.01617596095901,1103,2,0,"0",0.356522252383306,1,"136"
"440","RED17_1996_652",0,513.6,284.63,1996,12906,13304,97,86.82,0,0,39.912,5,242,53.1,86.5,60.9,13,86.82,19.81,5482.91,5.48,-93.927030724068,52.101795865568,1,1.30051849547602,1042,2,0,"0",0.432785092729653,1,"83"
"441","RED182_2006_1626",0,490.04,238.23,2006,15424,33181,46.5,73.57,0,0,99.543,6.7,350.6,33.8,88.2,53.8,15.7,73.57,19.98,5012.42,5.01,-94.5049302654837,52.5916537622978,1.22474487139159,1.5471941611682,1107,2,0,"0",0.738293633678916,1,"150"
"442","RED183_2006_1627",0,529.68,168.61,2006,425,1057,40.2,26.11,0,0,3.171,6.9,355.4,33.7,88.9,53.9,15.8,26.11,19.86,5063.06,5.06,-94.8198020508991,52.5316075217295,1.06066017177982,1.31468002542153,1108,2,0,"0",0.702366107112364,1,"90"
"444","RED186_2006_1677",0,514.59,166.21,2006,19642,38558,50.9,59.53,0,0,115.674,6.8,345.4,32.8,88.9,52.6,16.1,59.53,19.96,4891.92,4.89,-94.6624105908069,52.8451678005964,1.22474487139159,1.50517705848132,1114,2,0,"0",0.663450416084599,1,"61"
"445","RED188_2006_1676",0,479.46,257.08,2006,1377,2430,56.7,31.83,0,0,7.29,6.6,341.1,32.7,88.6,52.6,16,31.83,19.8,4926.69,4.93,-94.3874982344503,52.8694361173909,1.45773797371133,1.73421058974282,592,2,0,"0",0.68810335675893,1,"36"
"446","RED18_1996_559",0,622.6,238.57,1996,6663,6730,99,63.86,0,0,20.19,5.5,198.9,49.2,90.7,55.4,14.4,63.86,18.98,5194.02,5.19,-93.5575791623249,53.1644934811171,0.353553390593274,0.855356224913001,268,2,0,"0",0.14378168411362,1,"152"
"447","RED192_2006_1680",0,477.35,69.6,2006,583,2041,28.6,56.81,0,0,6.123,7,351.2,32.9,89,52.9,16.2,56.81,19.96,4881.22,4.88,-94.9355304871109,52.7425273918216,0.866025403784439,0.98730162310642,1116,2,0,"0",0.673495054827786,1,"106"
"448","RED193_2006_1682",0,536.1,204.86,2006,63477,69723,91,56.58,0,0,209.169,6.2,335.5,33.5,88.4,53.1,15.3,56.58,19.82,4948.93,4.95,-93.7416132311221,52.7103557054195,0.866025403784439,1.20677116148905,1586,2,0,"0",0.225059658336998,1,"149"
"450","RED19_1999_219",0,257.44,184.17,1999,774,893,86.7,186.67,0,0,2.679,13.8,114,41.7,92.6,43.4,24.7,186.67,20,5892.21,5.89,-92.5788240355314,50.8031515804598,0.612372435695794,0.609808278354054,1010,2,0,"0",0.345425302336446,1,"151"
"452","RED21_1990_632",0,553.95,166.83,1990,7614,7853,97,78.54,0,0,23.559,7.3,454,68.3,89.4,91.7,22.3,78.54,19.93,4955.86,4.96,-94.2041984632593,51.9531270185751,1.4142135623731,1.70343680341878,1039,2,0,"0",0.562458772606369,1,"138"
"453","RED21_1995_1324",0,588.18,181.38,1995,8939,9095,98.3,66.6,0,0,27.285,12.5,142.5,65.7,92.7,65.7,26.6,66.6,19.65,5334.35,5.33,-92.9985808793841,52.6636302418419,0.612372435695794,0.685819082307615,511,2,0,"0",0.374776472844496,1,"92"
"454","RED21_2002_170",0,582.67,178.79,2002,18417,19998,92.1,51.24,0,0,59.994,6.5,234.6,51.1,88.1,64.6,17.8,51.24,19.93,5205.79,5.21,-93.2687494103804,52.6514207318643,0.707106781186548,1.01366851204766,145,2,0,"0",0.24925559690395,1,"134"
"455","RED22_1991_263",0,603.91,438.73,1991,2412,2461,98,85.57,0,0,7.383,7.9,182.1,63.3,87.4,65.5,18.4,85.57,18.31,4970.63,4.97,-93.5122953158396,53.0731356633939,0.5,0.463874393858427,184,2,0,"0",0.2945237616194,1,"109"
"456","RED22_1993_309",0,538.36,158.35,1993,53451,60279,88.7,69.37,0,0,180.837,9.8,300.1,59.1,90.8,76.1,23.1,69.37,19.88,5139.92,5.14,-93.9766710323816,52.2012146536782,1.06066017177982,1.37115282317427,1016,2,0,"0",0.504487657724512,1,"100"
"457","RED22_1995_901",0,571.96,529.49,1995,18345,18414,99.6,90.12,0,0,55.242,12.3,142.2,65.1,92.6,65.1,26.1,90.12,19.55,5413,5.41,-92.8565682925818,52.6827388245409,0.5,0.488470010530781,375,2,0,"0",0.29188903509172,1,"32"
"459","RED23_1996_1002",0,628,258.01,1996,7445,8199,90.8,80.01,0,0,24.597,5.7,196.8,49.5,89.6,55.3,14.9,80.01,19.16,5214.87,5.21,-93.2169715364556,53.0680095160451,0.5,0.505093151970311,411,2,0,"0",0.136254883614057,1,"47"
"461","RED23_2011_1795",0,385.25,85.63,2011,1781,2558,69.6,83.57,0,0,7.674,8.8,379.7,64.7,90.5,87.6,22.8,83.57,20.77,4794.6,4.79,-94.8384199711246,52.2217501093371,0.707106781186548,0.797150146377663,1144,2,0,"0",0.432481745136055,1,"57"
"462","RED24_1995_1019",0,577.81,284.33,1995,5792,5875,98.6,79.62,0,0,17.625,14.3,136.9,66.3,92.7,65.9,29.3,79.62,19.62,5532.29,5.53,-93.6385438874917,52.0999915947357,0.790569415042095,1.03799032744164,1066,2,0,"0",0.580677199778257,1,"58"
"463","RED24_1996_713",0,460.01,205.85,1996,4755,8086,58.8,80.31,0,0,24.258,4.9,231,49.7,90.8,58.2,13.7,80.31,19.49,5243.6,5.24,-94.4833198126094,52.7757918794888,1.11803398874989,1.31288114060267,1047,2,0,"0",0.562751507483156,1,"34"
"464","RED24_2011_1796",0,460.35,199.02,2011,43363,45327,95.7,96.28,0,0,135.981,7,383.8,82.9,88.9,103.5,21.9,96.28,20.54,4656.37,4.66,-94.1827746334492,53.1114812957827,1,1.15663621384453,645,2,0,"0",0.458672992835767,1,"11"
"465","RED26_2010_1755",0,431.63,222.48,2010,1974,2240,88.1,84.62,0,0,6.72,12.2,91.8,41.7,92.7,41.7,21.7,84.62,20.59,5424.56,5.42,-92.2727915714146,51.0410892387396,0.790569415042095,1.01526414744633,1137,2,0,"0",0.426666865754801,1,"49"
"466","RED26_2011_1806",0,512.82,196.13,2011,463,620,74.7,66.22,0,0,1.86,12,363.7,70.4,90.5,92.8,34.2,66.22,20.41,4625.12,4.63,-93.9971067589587,52.6627990932344,1.22474487139159,1.53761348054745,1146,2,0,"0",0.704403449288901,1,"159"
"469","RED27_2011_1701",0,506.17,9.34,2011,1065,1419,75.1,53.18,0,0,4.257,8,374.1,60.4,89.3,81.7,23.5,53.18,20.58,4714.65,4.71,-94.1212689387847,52.5419807461653,1.87082869338697,2.23558045035279,1117,2,0,"0",0.829310371006935,1,"98"
"473","RED29_2011_1809",0,504.89,110.22,2011,114915,123367,93.1,60.18,0,0,370.101,6.6,358.3,60.7,88.6,84.1,18.2,60.18,20.57,4741.45,4.74,-93.5927463251415,52.6423323893467,0.866025403784439,1.31781036341299,1593,2,0,"0",0.364312464893552,1,"56"
"475","RED32_2010_1751",0,564.14,227.08,2010,23753,24502,96.9,69.39,0,0,73.506,7.4,125.2,46.8,88.1,47.3,15.8,69.39,20.47,4998.37,5,-93.8108392957972,52.0206678806369,1.06066017177982,1.35460856782999,1134,2,0,"0",0.466151872072807,1,"3"
"476","RED32_2011_1789",0,490.94,186.66,2011,15291,20023,76.4,70.68,0,0,60.069,7.9,367.5,50.4,89.2,71.8,20.5,70.68,20.46,4812.5,4.81,-94.0473528830926,52.304023182678,1,1.23628863103382,1140,2,0,"0",0.462755328903167,1,"67"
"477","RED34_2002_190",0,596.18,188.43,2002,10832,11710,92.5,61.53,0,0,35.13,6.7,252.1,52.2,89.7,67.5,18.4,61.53,19.63,5079.6,5.08,-93.9412459726723,53.0480059210831,0.612372435695794,0.683575393173983,162,2,0,"0",0.130964881993632,1,"46"
"480","RED35_2011_1721",0,527.59,189.89,2011,619,884,70,62.33,0,0,2.652,7.2,357.8,47.2,88.9,66.5,18.5,62.33,20.53,4819.9,4.82,-93.7715653365225,52.2898807348806,0.612372435695794,0.709778347916086,1119,2,0,"0",0.322325410009025,1,"18"
"481","RED36_1991_460",0,559.83,205.53,1991,43597,48131,90.6,71.67,0,0,144.393,7.1,230.1,59.7,89.2,73,20.9,71.67,19.59,4798.85,4.8,-94.1273286548695,52.818936535512,0.935414346693485,1.13920544974044,1551,2,0,"0",0.310433588270778,1,"141"
"482","RED36_2011_1671",0,467.87,55.8,2011,191,198,96.5,16.53,0,0,0.594,6.2,318.8,65.7,88.4,82.3,19.8,16.53,20.58,4749.26,4.75,-93.5080049739008,52.6129334783111,1.06066017177982,1.2108287917421,1584,2,0,"0",0.344724811865889,1,"29"
"485","RED38_2012_1913",0,499.32,151.91,2012,1165,3622,32.2,11.27,0,0,10.866,8.3,192.8,46.2,90.3,55.5,18,11.27,21.44,5174.2,5.17,-94.8579464239419,50.9206545487739,0.707106781186548,1.03439131071944,1284,2,0,"0",0.765266992767595,1,"37"
"486","RED39_2002_90",0,599.54,216.97,2002,34169,38360,89.1,72.01,0,0,115.08,5.6,300.4,51.1,88.8,64.1,14,72.01,19.8,4767.76,4.77,-93.7825738020885,53.4570821372568,0.790569415042095,1.12446503331767,112,2,0,"0",0.350789056669993,1,"27"
"488","RED41_1994_116",0,557.03,296.5,1994,2558,3689,69.3,73.62,0,0,11.067,6.9,244.2,34.3,88,49.5,16.7,73.62,20.63,5468.29,5.47,-94.6571419334282,51.4097550357195,1,1.39630051967499,1239,2,0,"0",0.47932292891645,1,"80"
"491","RED44_2006_1683",0,423.34,47.59,2006,2753,8887,31,79.69,0,0,26.661,9,231.1,39.5,88.9,54.4,21,79.69,20.77,5546.05,5.55,-94.808747835303,50.86320379403,0.866025403784439,1.26263395531965,1276,2,0,"0",0.795276216213519,1,"144"
"492","RED44_2010_1753",0,185.73,77.53,2010,781,782,99.9,154.37,0,0,2.346,4.5,154.4,14.9,87.8,23.5,7.8,154.37,20.57,5123.49,5.12,-93.3423614959986,51.8854351698387,1.17260393995586,1.41474048957714,1135,2,0,"0",0.152632666917803,1,"7"
"494","RED48_2001_72",0,542.96,29.29,2001,453,699,64.8,51.71,0,0,2.097,7.2,338.1,55.2,92.1,75.9,20.9,51.71,19.65,5161.23,5.16,-95.0770575140006,52.7122990237954,1.06066017177982,1.33812352567187,999,2,0,"0",0.471327722711979,1,"72"
"495","RED49_2012_1844",0,541.45,114.47,2012,2288,2471,92.6,54.23,0,0,7.413,9.6,251.8,55.8,91,70.6,25.3,54.23,20.52,4723.76,4.72,-93.9512083725793,52.6213759781623,1.11803398874989,1.51142883079566,1159,2,0,"0",0.427063399723963,1,"22"
"497","RED50_2012_1926",0,500.48,103.61,2012,23534,31345,75.1,57.68,0,0,94.035,9.3,248.3,49.5,90.4,65.3,24.1,57.68,20.3,4744.03,4.74,-94.2655063913661,52.4667510530171,1.2747548783982,1.58767341351498,1169,2,0,"0",0.562476920169211,1,"142"
"499","RED51_2012_1908",0,545.41,260.63,2012,1396,1911,73.1,60.59,0,0,5.733,9.5,251.2,48.6,90.4,64.7,24.2,60.59,20.38,4812.66,4.81,-94.3669030426284,52.4333157182688,1.06066017177982,1.27214918158289,1165,2,0,"0",0.465600205933135,1,"87"
"501","RED52_2012_1902",0,520.75,218.76,2012,405,878,46.1,81.09,0,0,2.634,8.7,241.9,50.3,90,65.4,20.7,81.09,20.1,4673.11,4.67,-94.1945304490028,52.7861346858972,1.17260393995586,1.5454913793369,1601,2,0,"0",0.803682552574363,1,"69"
"502","RED53_2011_1792",0,562.68,143.14,2011,5451,5711,95.4,65.71,0,0,17.133,8,321.3,46.6,89.3,69.7,17.1,65.71,20.92,5036.19,5.04,-92.5418482103951,52.2743657253892,0.707106781186548,0.826183434428167,644,2,0,"0",0.167766610015508,1,"17"
"503","RED53_2012_1842",0,492.52,162.43,2012,67662,82028,82.5,61.98,0,0,246.084,7.6,243.6,44,90,58.7,19.7,61.98,20.16,4639.54,4.64,-94.3970778547911,52.9103096757071,1.06066017177982,1.32590901841252,660,2,0,"0",0.350511013298822,1,"21"
"505","RED55_2002_95",0,540.6,207.42,2002,616,3384,18.2,73.57,0,0,10.152,7.3,255.1,51.8,88.8,64.2,19.2,73.57,20.71,5390.3,5.39,-94.9059055670537,51.2666574981581,1.11803398874989,1.51418752822163,1237,2,0,"0",0.934418964475482,1,"66"
"507","RED56_2002_167",0,583.48,285.75,2002,2031,2100,96.7,63.75,0,0,6.3,10,249.9,57.8,93.4,73.1,23.3,63.75,19.89,4993.01,4.99,-94.0102329204558,53.0800379470915,0.707106781186548,0.804501832460038,142,2,0,"0",0.169227241159754,1,"15"
"510","RED58_2011_1799",0,552.28,238.93,2011,23698,24410,97.1,83.71,0,0,73.23,6,369.6,85.3,88.9,102.8,16.4,83.71,20.34,4637.91,4.64,-93.6044147472101,53.021930486022,0.612372435695794,0.811840027567844,648,2,0,"0",0.398006691662492,1,"30"
"513","RED5_1990_876",0,497.88,315.17,1990,1383,1816,76.2,74.89,0,0,5.448,5.4,153,50.4,90.5,54.2,12.5,74.89,19.73,4551.49,4.55,-94.7287341591014,52.8658242876269,1.11803398874989,1.38960272413725,1057,2,0,"0",0.508213771739898,1,"124"
"516","RED60_2002_175",0,622.3,354.78,2002,4113,4154,99,57.02,0,0,12.462,7.2,242.4,48.7,90.7,63.1,18.5,57.02,20.02,5334.23,5.33,-93.150854877794,51.8027010859619,1.06066017177982,1.30862016390119,1006,2,0,"0",0.231647613539204,1,"75"
"520","RED62_1995_351",0,556.96,77.94,1995,15688,26201,59.9,68.36,0,0,78.603,11.6,231,79.3,92.6,86.1,30,68.36,20.12,5539.74,5.54,-94.630523996031,51.5848467487926,1.06066017177982,1.21513607798137,1546,2,0,"0",0.822502945072558,1,"102"
"522","RED63_2002_171",0,514.11,256.36,2002,606,947,64,72.51,0,0,2.841,5.9,238.1,48.5,89.2,61.5,16.9,72.51,19.68,5293.13,5.29,-93.5860010941936,52.3824514216489,1.54110350074224,2.13370471355979,1004,2,0,"0",0.790119765638767,1,"158"
"523","RED63_2012_1923",0,517.42,104.86,2012,11535,11991,96.2,73.84,0,0,35.973,7.9,271.8,43.5,90,59.6,20.5,73.84,19.85,4662.26,4.66,-93.2016142810426,53.6334184221223,1.22474487139159,1.59678304788751,707,2,0,"0",0.341836094260237,1,"82"
"524","RED64_2012_1905",0,510.64,315.75,2012,1466,1641,89.3,55.2,0,0,4.923,7.7,271.7,44.4,89.9,59.6,20.3,55.2,19.85,4662.26,4.66,-93.1511804829609,53.637186427878,1.06066017177982,1.50933968135652,702,2,0,"0",0.378896994171433,1,"119"
"525","RED65_2011_1777",0,360.2,72.5,2011,761,1089,69.9,9.96,0,0,3.267,10.4,329.4,74,92,90.8,28.9,9.96,20.97,4887.86,4.89,-94.9295630226048,51.9348712937805,0.790569415042095,0.842256708045514,1138,2,0,"0",0.50796925229282,1,"91"
"527","RED66_2011_1723",0,406.78,116.51,2011,7256,9041,80.3,43.67,0,0,27.123,9.7,376.7,68.2,91,88.8,25,43.67,20.76,4722.78,4.72,-94.9831815402477,52.0816612302647,1.17260393995586,1.44378707083601,1120,2,0,"0",0.639925485414297,1,"77"
"529","RED67_2011_1724",0,298.98,27.95,2011,255,332,76.8,6.39,0,0,0.996,9.6,375.6,67.9,91,88.5,24.6,6.39,20.76,4722.78,4.72,-95.0484659011825,52.1063880171273,1.11803398874989,1.30093218339948,1121,2,0,"0",0.61526433936334,1,"23"
"530","RED68_2003_1428",0,453.43,262.92,2003,299,533,56.1,66.48,0,0,1.599,4.7,282.3,39.6,84.8,57.6,13.3,66.48,19.93,5120.73,5.12,-95.1145700672121,52.1426939630534,1,1.04115205654602,1094,2,0,"0",0.510185218064276,1,"125"
"533","RED70_2012_1937",0,577.67,574.89,2012,1127,1174,96,99.1,0,0,3.522,8.8,245.5,48.9,90.3,64.8,21.1,99.1,20.31,4707.17,4.71,-94.0537555747828,53.0832493184228,0.935414346693485,1.09628036976514,714,2,0,"0",0.235726603944836,1,"133"
"534","RED71_2012_1918",0,532.92,158.41,2012,25988,32599,79.7,33.41,0,0,97.797,11.2,250.3,45.5,90.8,62.5,24.2,33.41,20.78,4913.18,4.91,-94.8012987399556,52.0397597959706,1.11803398874989,1.36235347571716,1167,2,0,"0",0.508427481216716,1,"1"
"535","RED72_2011_1816",0,457.13,127.29,2011,8945,10399,86,9.64,0,0,31.197,8.9,380.7,67,90.6,85,24.3,9.64,21.01,4863.95,4.86,-94.9678099342144,51.931150852751,0.935414346693485,1.09958874468702,1151,2,0,"0",0.467138254153723,1,"146"
"536","RED72_2012_1906",0,456.91,97.51,2012,11288,33990,33.2,79.05,0,0,101.97,8.6,274.4,40.9,90.2,56.6,20,79.05,20.46,4734.16,4.73,-95.0818752055896,52.6473746914262,1,1.10965148629892,1602,2,0,"0",0.725509452910557,1,"70"
"537","RED73_2011_1801",0,521.54,225.93,2011,151,357,42.3,76.37,0,0,1.071,8.2,390.6,76,89.4,98.9,21.4,76.37,20.62,4616.09,4.62,-94.7533644486182,52.9172702839404,1.22474487139159,1.26300463784895,1145,2,0,"0",0.873966072242145,1,"156"
"539","RED77_1995_1467",0,547.23,183.56,1995,40851,61887,66,72.98,0,0,185.661,8.4,248.2,74.7,91.6,79.6,25,72.98,20.05,5538.73,5.54,-94.5197561084163,51.5925390551771,1,1.19666538340101,1579,2,0,"0",0.710059412994598,1,"110"
"540","RED7_2008_1665",0,488.77,194.66,2008,1000,1047,95.5,72.84,0,0,3.141,7.4,248.8,33.7,89.3,51.3,16.5,72.84,19.73,4552.19,4.55,-93.2983455684682,53.7076451392083,0.5,0.566391134836763,585,2,0,"0",0.0674527202910777,1,"96"
"542","RED82_1995_139",0,489.03,194.27,1995,566,1107,51.1,86.7,0,0,3.321,13.1,216.9,72.4,93.6,79.7,34.1,86.7,19.45,5225.39,5.23,-94.5006070462164,52.7417068886847,1.22474487139159,1.37965674771277,1003,2,0,"0",0.860325425460168,1,"135"
"546","RED83_1995_959",0,576.29,92.44,1995,70493,70493,100,64.37,0,0,211.479,9.7,220.6,65.6,91.2,74.4,25.1,64.37,19.72,5486.72,5.49,-92.8178314376284,51.405777863832,0.612372435695794,0.674340542856562,1061,2,0,"0",0.213840141229417,1,"26"
"548","RED84_2006_1576",0,460.43,236.18,2006,29649,51608,57.5,88.8,0,0,154.824,7.3,342.9,32.5,88.9,51.1,16,88.8,20.27,5158.63,5.16,-94.7145593037176,52.2356252726385,0.866025403784439,1.02878640629664,1100,2,0,"0",0.481428609985466,1,"20"
"549","RED85_2011_1818",0,493.89,119.15,2011,171685,272390,63,53.81,0,0,817.17,9,438.1,53.7,90.8,68.1,23.4,53.81,21.16,4860.31,4.86,-94.8127085014952,51.7156829452953,1.11803398874989,1.28867788343177,1153,2,0,"0",0.739083858288661,1,"62"
"550","RED88_1995_497",0,549.44,221.52,1995,1140,1935,58.9,81.01,0,0,5.805,5.8,288.3,43.2,89.4,56.3,13.3,81.01,19.68,5232.8,5.23,-93.9346451394282,52.7691614677516,0.707106781186548,0.904064179537065,1553,2,0,"0",0.461307089770503,1,"28"
"553","RED91_2011_1702",0,494.04,55.43,2011,22984,26286,87.4,71.72,0,0,78.858,6.7,345,30.6,88.4,49.2,15.6,71.72,20.46,4876.2,4.88,-93.6508121838844,52.4500511706473,1,1.3871388343838,1118,2,0,"0",0.332142532891195,1,"153"
"554","RED93_2003_1545",0,554.13,66.33,2003,2652,3447,76.9,73.44,0,0,10.341,6.3,486.3,27.8,87.9,48.1,15.9,73.44,19.6,4693.48,4.69,-93.7446144122906,53.6193442559086,0.866025403784439,1.28761528520867,571,2,0,"0",0.44567728862114,1,"111"
"555","RED93_2011_1738",0,604.25,49.53,2011,727,728,99.9,38.07,0,0,2.184,9.1,325.3,48.4,90.6,80.1,24,38.07,20.75,5077.07,5.08,-92.8213801725308,51.920972280941,0.353553390593274,0.818873231890234,1126,2,0,"0",0.0598388395898252,1,"60"
"556","RED94_2012_1854",0,473.49,307.1,2012,790,3053,25.9,74.63,0,0,9.159,7.6,258,39.5,88.8,55.1,19.8,74.63,20.35,4656.44,4.66,-95.0600387805435,52.8829939845531,1.11803398874989,1.27585485149855,1161,2,0,"0",0.789908303219597,1,"79"
"557","RED96_2011_1804",0,491.15,95.69,2011,24263,25942,93.5,71.25,0,0,77.826,6.7,360.2,67.9,88.6,87.8,18.9,71.25,20.26,4695.4,4.7,-93.6449699524642,52.7542832713191,0.790569415042095,1.09768460572626,652,2,0,"0",0.377033376000018,1,"4"
"558","RED9_1997_1238",0,529.9,27.04,1997,4069,4906,82.9,56.41,0,0,14.718,8.2,129.1,36.9,89,42.3,16.9,56.41,20.26,5530.53,5.53,-94.288388901643,51.3143169897174,0.790569415042095,1.04924366571467,1569,2,0,"0",0.343229883453326,1,"104"
"559","SIO110_1991_1347",0,463.14,245.92,1991,23789,23789,100,83.6,0,0,71.367,7.8,439.7,57.2,92.3,87.9,23.4,83.6,19.29,4870.01,4.87,-90.662485693664,53.0592648354247,0.353553390593274,0.375666037633238,522,2,0,"0",0.0320950595770597,1,"42"
"563","SIO22_1993_1099",0,489.91,399.8,1993,927,927,100,38.45,0,0,2.781,6,122.1,44.6,88.1,44.9,14.4,38.45,18.33,4833.88,4.83,-90.3307267274767,53.7879994422811,0.612372435695794,0.486974223057808,441,2,0,"0",0.118410911504424,1,"51"
"571","SIO37_1993_991",0,476.17,158.54,1993,10796,10798,100,72.02,0,0,32.394,11.7,261.4,56.8,90.6,71,27.5,72.02,19.48,5148.86,5.15,-90.7805461615303,52.6002167750457,0.612372435695794,0.648201354141763,405,2,0,"0",0.212179383043214,1,"65"
"586","SLK103_1994_623",0,484.51,175.2,1994,11699,11963,97.8,87.1,0,0,35.889,6.2,250.6,39.1,89.3,53,15.9,87.1,19.73,5295.99,5.3,-90.8968111067975,52.1325113870094,0.5,0.501804798220225,1037,2,0,"0",0.0608478432590251,1,"145"
"608","SLK17_1999_1207",0,556.6,180.15,1999,8427,8519,98.9,61.95,0,0,25.557,16.2,68.1,39.3,92.8,39.1,26.4,61.95,19.71,5544.85,5.54,-90.2523469146895,51.331820438284,0.5,0.521563574844037,1079,2,0,"0",0.305670207284679,1,"115"
"617","SLK20_1999_573",0,540.77,204.47,1999,4005,4077,98.2,51.97,0,0,12.231,15.7,68,39.7,92.2,39.4,26.8,51.97,19.83,5654.29,5.65,-90.3001505502291,51.0359377795034,0.353553390593274,0.557992713459419,1033,2,0,"0",0.307650593643453,1,"114"
"619","SLK20_2012_1919",0,543.36,127.19,2012,90,117,76.9,63.73,0,0,0.351,8.5,78.8,37.3,89.9,37.4,15.8,63.73,20.19,5129.04,5.13,-90.590052003001,52.1903065376523,0.612372435695794,0.745667173945019,1168,2,0,"0",0.326721799458072,1,"95"
"622","SLK23_2009_1712",0,545.63,415.27,2009,4580,4616,99.2,84.78,0,0,13.848,9.2,145.7,31.7,89.4,38.8,12.2,84.78,19.8,4860.59,4.86,-92.3065822996082,52.9382602550506,0.353553390593274,0.426461350416708,611,2,0,"0",0.133133319569996,1,"13"
"624","SLK24_2009_1727",0,614.86,209.96,2009,8815,8826,99.9,68.04,0,0,26.478,15.6,168.7,33.5,91.2,44.2,20.8,68.04,19.87,5429.72,5.43,-91.1892813526579,51.9203818526022,0.612372435695794,0.654118865380991,1124,2,0,"0",0.346761101228012,1,"143"
"626","SLK25_2009_1726",0,572.91,103.26,2009,11258,11294,99.7,71.65,0,0,33.882,14.8,159.7,33.1,91.2,42.6,21.5,71.65,19.98,5284.97,5.28,-91.7900349670304,52.0934680519349,0.612372435695794,0.926791824099556,1123,2,0,"0",0.386739737900375,1,"64"
"627","SLK26_2009_1715",0,580.78,261.91,2009,5593,5623,99.5,69.81,0,0,16.869,8.6,146.3,30.2,89.1,39.5,11.6,69.81,19.8,5184.71,5.18,-91.209032624815,52.4244643419829,0.612372435695794,0.70814951817248,1588,2,0,"0",0.156286435953871,1,"2"
"634","SLK30_2006_1581",0,563.68,384.62,2006,3935,3935,100,83.13,0,0,11.805,7.5,232.2,25.5,88,38.3,13.6,83.13,19.82,5226.06,5.23,-91.3436857833455,52.0219671363115,0.612372435695794,0.548352510188675,1104,2,0,"0",0.084117770403308,1,"12"
"639","SLK33_1999_1282",0,514.12,197.8,1999,6548,6548,100,62.44,0,0,19.644,11,118.4,41.7,89.3,44.1,19.9,62.44,19.56,5696.57,5.7,-90.519305216995,51.7877060607004,0.707106781186548,0.923027511710932,1086,2,0,"0",0.344129232732214,1,"148"
"665","SLK45_2011_1695",0,375.67,219.12,2011,2865,2867,99.9,132.25,0,0,8.601,10.7,360.8,54.5,87.7,72.1,25.3,132.25,18.99,4275.13,4.28,-90.2090452924315,54.2365528725824,0.707106781186548,0.774737615762886,597,2,0,"0",0.324919384051349,1,"121"
"675","SLK49_1994_538",0,522.42,232.69,1994,7053,7054,100,74.69,0,0,21.162,7.3,235.4,52.2,90.4,59.3,18.2,74.69,19.24,4779.8,4.78,-92.1896770846118,53.6307966401617,0,0.279488324326604,261,2,0,"0",0.0874132048534749,1,"68"
"676","SLK49_2010_1730",0,568.85,188.31,2010,753,753,100,57.61,0,0,2.259,7.5,234.3,43.1,88.2,55.8,14.3,57.61,20.18,4965.11,4.97,-89.9050702334568,52.5328931957282,0,0.255375575410862,618,2,0,"0",0.0866966643783884,1,"103"
"678","SLK4_2002_17",0,485.33,369.99,2002,82313,82510,99.8,91.31,0,0,247.53,9.4,230.9,40.9,88.9,49.4,19.3,91.31,19.05,4273.47,4.27,-89.4778265624414,54.1603250034941,0.612372435695794,0.576869564126791,71,2,0,"0",0.180508811291107,1,"85"
"689","SLK54_1999_1365",0,453.76,98.06,1999,16049,16218,99,85.04,0,0,48.654,9.7,285.4,87.9,89.7,98.7,27.8,85.04,17.9,4734.12,4.73,-90.4773655056257,53.7897448999242,0.5,0.505217083104699,526,2,0,"0",0.331675074615272,1,"154"
"699","SLK59_1995_841",0,532.09,462.36,1995,2391,2391,100,94.6,0,0,7.173,12.2,184.8,57.3,92.2,64.7,26.9,94.6,19.2,5030.62,5.03,-91.0216088500714,53.054602035353,0.353553390593274,0.50453112421903,358,2,0,"0",0.19105431822184,1,"140"
"703","SLK60_2011_1815",0,489.02,201.34,2011,72659,74162,98,93.94,0,0,222.486,12,299.6,78.5,92.5,89.6,31.5,93.94,20.34,5061.81,5.06,-90.5952075489427,52.0686378187892,0.5,0.539526849975906,1150,2,0,"0",0.295185706204283,1,"74"
"706","SLK63_1996_428",0,543.16,213.29,1996,1580,1875,84.3,75.2,0,0,5.625,10.6,142.1,56.8,91.3,58,24.6,75.2,19.92,5350.11,5.35,-90.7225058664744,50.9229469548357,0.790569415042095,1.1869363225826,1025,2,0,"0",0.548870728241188,1,"39"
"709","SLK65_2003_1488",0,536.77,377.06,2003,675,675,100,90.71,0,0,2.025,14.9,269.9,73.6,91.1,84,35.2,90.71,18.39,4526.64,4.53,-89.5403101657855,53.7734877079722,0.353553390593274,0.371224501499115,561,2,0,"0",0.33385015369702,1,"127"
"716","SLK69_1995_1451",0,529.86,245.02,1995,12908,13365,96.6,74.62,0,0,40.095,9.1,191.7,53.2,91,58.2,21.9,74.62,18.63,4909.17,4.91,-89.418492340535,52.9608637222863,0,0.412721778514238,550,2,0,"0",0.142147456624313,1,"123"
"719","SLK6_2001_37",0,578.14,404.19,2001,698,701,99.6,75.97,0,0,2.103,6.6,341.7,55,89.6,73.4,19.5,75.97,18.93,4160.06,4.16,-91.2543010399117,54.3045909023171,0.707106781186548,0.849285159351117,82,2,0,"0",0.15035731621664,1,"139"
"727","SLK71_2003_1538",0,507.55,358.54,2003,3239,3269,99.1,97.29,0,0,9.807,7.9,466.4,53.3,89.8,77.6,23.3,97.29,18.81,4296.31,4.3,-91.7529635390788,53.914653372068,0.353553390593274,0.326905645968912,569,2,0,"0",0.0750748026950046,1,"52"
"749","SLK81_1995_1042",0,600.92,106.96,1995,391,436,89.7,51.81,0,0,1.308,6.5,241.8,56.4,87.6,65.9,15.7,51.81,19.7,5520.59,5.52,-92.4606582889034,52.2313328791703,0.612372435695794,0.602262060786488,423,2,0,"0",0.268176345852594,1,"118"
"764","SLK90_1995_344",0,563.55,560.35,1995,3707,3720,99.7,93.04,0,0,11.16,4,240.8,38.6,84.2,54.4,11.3,93.04,19.39,5293.71,5.29,-92.2697568838794,53.1435537297271,0,0.272522842528143,206,2,0,"0",0.0489282960896741,1,"44"
"769","SLK95_1996_646",0,531.39,161.53,1996,1569,1570,99.9,68.92,0,0,4.71,5.8,194.7,57.8,87.6,63.8,16.4,68.92,20.19,5144.77,5.14,-90.0886441953913,50.7364643152921,0.5,0.410455467579789,1370,2,0,"0",0.130038173790679,1,"55"
"770","SLK95_2011_1817",0,541.14,179.8,2011,1507,1520,99.1,79,0,0,4.56,8.6,321.5,61.9,88.4,85.5,19.9,79,20.54,5133.35,5.13,-92.040567061355,51.7268452898427,0.612372435695794,0.667980500272867,1152,2,0,"0",0.191867033533145,1,"126"
"771","SLK97_2006_1591",0,457.09,142.8,2006,293,301,97.3,106.31,0,0,0.903,9.5,418.5,60.7,90.7,88.7,25.9,106.31,20.05,6234.88,6.23,-91.0385860380092,50.2001690591173,1.36930639376292,1.79809896838982,1452,2,0,"0",0.48531004812941,1,"41"
"775","THU21_2009_1719",0,490.34,11.61,2009,81,89,91,105.78,0,0,0.267,8.8,110.5,30.7,92.3,37.2,16.1,105.78,20.39,5318.34,5.32,-89.5610612170556,50.2798677897572,0.707106781186548,1.56596236443892,1506,2,0,"0",0.336181582436556,1,"50"
"777","THU23_1992_254",0,548.13,298.64,1992,16059,16079,99.9,64.41,0,0,48.237,7.6,118.2,48.8,89.8,49.7,15.1,64.41,19.79,5017.8,5.02,-89.2521409133851,50.7159172435492,0.707106781186548,1.04577754414215,1344,2,0,"0",0.306860646066697,1,"86"
"780","THU33_2011_1829",0,375.01,209.31,2011,419,475,88.2,130.84,0,0,1.425,13.5,148.6,48.5,92.6,54.5,22.1,130.84,19.81,4730.97,4.73,-88.7894267123549,50.4698373433064,0.866025403784439,1.42012410107232,1515,2,0,"0",0.672995656294808,1,"35"
"781","THU35_1996_1371",0,565.87,147.36,1996,6957,6957,100,59.19,0,0,20.871,6.9,199.4,57.5,89.2,63.1,17.8,59.19,20.15,4825.65,4.83,-89.4177444484218,50.5201322754165,0.353553390593274,0.457547451674822,1426,2,0,"0",0.142162863208769,1,"113"
"784","THU38_2008_1668",0,453.26,104.14,2008,4956,4956,100,105.22,0,0,14.868,4.9,224.7,36,86.4,50.9,12.9,105.22,20.3,5239.17,5.24,-89.6335917502203,50.5174478630688,0.707106781186548,1.04406097640181,1500,2,0,"0",0.137950256876531,1,"108"
"785","THU39_1996_866",0,599.48,271.25,1996,2337,2376,98.4,53.86,0,0,7.128,6.6,190.9,57.5,88.9,63.1,15.9,53.86,19.56,4803.75,4.8,-88.9473787930448,50.5269290872494,1,1.38390758277778,1390,2,0,"0",0.448937218687456,1,"33"
"786","THU40_1996_234",0,554.72,427.83,1996,5409,5409,100,66.49,0,0,16.227,6.4,187.7,54.5,88.5,61.5,15.1,66.49,20.05,4776.02,4.78,-88.9219458079214,50.814168670651,0.612372435695794,0.591539813696864,1342,2,0,"0",0.162535174478963,1,"63"
"787","THU42_1995_501",0,545.76,156.63,1995,16431,16586,99.1,66.22,0,0,49.758,6.3,269.9,58.4,88.3,65.7,17.2,66.22,20.19,5109.46,5.11,-89.8201839931293,50.8393584501563,0.790569415042095,1.06575843927378,1363,2,0,"0",0.356266291195116,1,"101"
"789","THU45_1995_692",0,558.64,241.77,1995,7560,7602,99.4,57.67,0,0,22.806,4,269.6,58.5,87.6,66.8,13.1,57.67,20.35,4976.18,4.98,-89.7386168099006,50.7432855459574,0.707106781186548,1.07089741399506,1375,2,0,"0",0.289043373742958,1,"122"
"792","THU51_2011_1828",0,471.24,228.45,2011,5929,5994,98.9,106.97,0,0,17.982,5.6,363.1,39.8,89.3,60.5,13.7,106.97,20.46,4898.99,4.9,-89.2484005776939,50.5641331445618,0.612372435695794,0.569803080656878,1514,2,0,"0",0.0686050835123379,1,"78"
"797","THU59_1995_972",0,135.59,150.48,1995,930,930,100,375.46,0,0,2.79,3.6,267.6,59.7,85.9,70.1,11.3,375.46,19.99,4852.43,4.85,-89.200220829113,50.4036530305255,0.707106781186548,0.788020841784885,1394,2,0,"0",0.229939027962725,1,"73"
"798","THU65_1996_453",0,518.72,146.72,1996,54552,57043,95.6,74.31,0,0,171.129,6.5,187.9,56,88.7,61.7,15.4,74.31,19.9,4754.32,4.75,-88.7871110844753,50.668236694075,0.707106781186548,0.934632544995515,1359,2,0,"0",0.30664801162199,1,"88"
"804","THU83_1996_292",0,565.52,124.16,1996,2269,2289,99.1,70.5,0,0,6.867,6.3,184.4,56.2,87.6,61.4,14.6,70.5,19.83,4641.72,4.64,-88.2313671785598,50.7736047612619,0.707106781186548,0.925886935765714,1347,2,0,"0",0.314058740754349,1,"130"
"805","THU86_1996_1314",0,574.79,205.6,1996,7750,7758,99.9,61.19,0,0,23.274,6.3,185.4,55.8,88.8,61.1,14.7,61.19,19.92,4677.72,4.68,-88.4886809923853,50.7662652476809,0.612372435695794,0.739837534066325,1425,2,0,"0",0.215543369359265,1,"129"
