"","Fire_ID","defol","years_defol","tsd"
"1","PEM3_2001_11",0,2,0
"2","PEM2_2000_35",0,2,0
"3","KEM1_2000_36",0,2,0
"4","PET1_2001_50",0,2,0
"5","SAU8_2000_61",0,2,0
"6","KEM2_2000_62",0,2,0
"7","PEM9_2002_104",0,2,0
"8","BAN1_2002_105",1,5,13
"9","SAU4_1999_329",1,5,10
"10","SAU4_1998_335",1,2,15
"11","NOR3_1998_373",0,2,0
"12","PAR13_1999_571",0,2,0
"13","NOR17_1999_728",1,8,10
"14","PEM74_1990_765",1,3,15
"15","NOR70_1988_932",1,14,1
"16","PEM4_1999_1091",1,2,10
"17","PET5_1998_1317",0,2,0
"18","SAU7_2003_1436",0,2,0
"19","PEM8_1999_1450",1,2,10
"20","SUD1_2005_1524",0,2,0
"21","SUD1_2004_1532",0,2,0
"22","SAU78_2006_1560",0,2,0
"23","SUD8_2006_1561",1,14,1
"24","PEM2_2007_1588",0,2,0
"25","SUD1_2009_1728",0,2,0
"26","SAU20_2011_1837",0,2,0
"27","PEM25_2012_1933",0,2,0
"28","SUD35_2016_2006",1,10,7
"29","APK20_2016_2015",0,2,0
"30","PEM7_2018_2038",0,2,0
"31","PAR33_2018_2071",1,2,9
"32","PEM6_2018_2137",0,2,0
"33","FOR1_2001_9",1,9,7
"34","FOR1_2000_34",1,5,5
"35","FOR61_1995_328",1,12,1
"36","FOR38_1995_439",1,12,1
"37","FOR9_1996_467",1,13,2
"38","FOR141_1995_743",1,12,1
"39","ATI10_1987_819",1,6,1
"40","FOR140_1995_828",1,13,1
"41","THU130_1991_1263",1,2,1
"42","FOR9_1998_1300",1,6,2
"43","FOR137_1995_1337",1,13,1
"44","THU28_2003_1502",1,4,7
"45","FOR14_2005_1514",1,6,11
"46","FOR24_2005_1516",1,6,11
"47","FOR18_2005_1520",1,6,10
"48","FOR52_2006_1617",1,5,12
"49","FOR173_2006_1618",1,5,12
"50","FOR54_2006_1619",1,5,12
"51","FOR165_2006_1620",1,5,12
"52","FOR57_2006_1621",1,5,12
"53","FOR63_2006_1622",1,5,12
"54","FOR179_2006_1623",1,5,12
"55","FOR61_2006_1624",1,5,11
"56","FOR42_2011_1834",0,2,0
"57","FOR17_2011_1836",0,2,0
"58","FOR59_2012_1935",0,2,0
"59","FOR24_2018_2039",0,2,0
"60","NIP53_2001_1",0,2,0
"61","NIP39_2001_2",0,2,0
"62","NIP52_2001_3",0,2,0
"63","NIP40_2001_4",0,2,0
"64","NIP35_2001_5",0,2,0
"65","NIP24_2001_7",1,3,8
"66","SLK5_2002_12",0,2,0
"67","SLK6_2002_13",0,2,0
"68","SLK7_2002_14",0,2,0
"69","RED1_2002_15",0,2,0
"70","SLK1_2002_16",0,2,0
"71","SLK4_2002_17",0,2,0
"72","SLK8_2002_18",0,2,0
"73","SLK25_2002_19",0,2,0
"74","SLK13_2000_20",0,2,0
"75","NIP26_2000_21",0,2,0
"76","NIP19_2000_22",0,2,0
"77","NIP24_2000_23",0,2,0
"78","SLK18_2000_24",0,2,0
"79","NIP25_2000_26",0,2,0
"80","SLK6_2000_27",0,2,0
"81","SLK16_2000_28",0,2,0
"82","SLK6_2001_37",0,2,0
"83","SLK5_2001_38",0,2,0
"84","SLK3_2001_39",0,2,0
"85","NIP54_2001_40",0,2,0
"86","NIP73_2001_41",0,2,0
"87","RED60_2001_42",0,2,0
"88","SLK24_2001_43",0,2,0
"89","SLK45_2001_44",0,2,0
"90","NIP22_2001_46",0,2,0
"91","NIP26_2001_47",0,2,0
"92","SLK2_2002_51",0,2,0
"93","SLK3_2002_52",0,2,0
"94","COC12_2002_53",0,2,0
"95","SLK11_2002_54",0,2,0
"96","SLK12_2002_55",0,2,0
"97","SLK36_2002_56",0,2,0
"98","SLK1_2001_63",0,2,0
"99","SLK4_2001_64",0,2,0
"100","RED61_2001_65",0,2,0
"101","NIP55_2001_66",0,2,0
"102","SLK44_2001_67",0,2,0
"103","NIP72_2001_68",0,2,0
"104","SLK47_2001_69",0,2,0
"105","NIP74_2001_70",0,2,0
"106","SLK50_2001_71",0,2,0
"107","SIO178_1989_81",0,2,0
"108","NIP138_1998_82",0,2,0
"109","SLK140_1998_86",0,2,0
"110","NIP83_2002_88",0,2,0
"111","SLK31_2002_89",0,2,0
"112","RED39_2002_90",0,2,0
"113","RED40_2002_91",0,2,0
"114","NIP51_2002_94",0,2,0
"115","NIP81_2002_96",0,2,0
"116","NIP38_2002_97",0,2,0
"117","SIO179_1989_108",0,2,0
"118","GER93_1989_110",0,2,0
"119","SIO22_1989_111",0,2,0
"120","NIP81_1996_114",0,2,0
"121","SIO135_1989_115",0,2,0
"122","SIO196_1988_118",0,2,0
"123","GER31_1987_120",0,2,0
"124","SLK120_1994_122",0,2,0
"125","SLK75_1998_124",0,2,0
"126","NIP146_1998_126",0,2,0
"127","SIO100_1988_128",0,2,0
"128","SIO19_1989_130",0,2,0
"129","GER20_1987_131",0,2,0
"130","SLK58_1994_132",0,2,0
"131","GER85_1990_135",0,2,0
"132","GER27_1989_138",0,2,0
"133","NIP18_1995_145",0,2,0
"134","SIO49_1987_149",0,2,0
"135","GER39_1990_151",0,2,0
"136","SLK55_1996_156",0,2,0
"137","SLK18_1995_162",0,2,0
"138","RED57_2002_163",0,2,0
"139","NIP55_2002_164",0,2,0
"140","RED65_2002_165",0,2,0
"141","SLK70_2002_166",0,2,0
"142","RED56_2002_167",0,2,0
"143","RED23_2002_168",0,2,0
"144","RED41_2002_169",0,2,0
"145","RED21_2002_170",0,2,0
"146","NIP54_2002_173",0,2,0
"147","NIP56_2002_174",0,2,0
"148","NIP101_2002_176",0,2,0
"149","SLK21_2002_177",0,2,0
"150","SLK68_2002_178",0,2,0
"151","SLK54_2002_179",0,2,0
"152","NIP48_2002_180",0,2,0
"153","RED66_2002_181",0,2,0
"154","NIP47_2002_182",0,2,0
"155","SLK32_2002_183",0,2,0
"156","SLK30_2002_184",0,2,0
"157","RED5_2002_185",0,2,0
"158","RED38_2002_186",0,2,0
"159","RED37_2002_187",0,2,0
"160","NIP32_2002_188",0,2,0
"161","NIP79_2002_189",0,2,0
"162","RED34_2002_190",0,2,0
"163","RED27_2002_191",0,2,0
"164","GER14_1992_194",0,2,0
"165","SIO86_1989_197",0,2,0
"166","RED19_1996_198",0,2,0
"167","RED112_1989_201",0,2,0
"168","GER52_1989_202",0,2,0
"169","SIO71_1989_205",0,2,0
"170","SLK106_1998_207",0,2,0
"171","SIO16_1989_224",0,2,0
"172","NIP60_1996_227",1,3,3
"173","GER94_1989_228",0,2,0
"174","GER44_1990_229",0,2,0
"175","GER26_1991_240",0,2,0
"176","SIO28_1991_242",0,2,0
"177","RED75_1996_243",0,2,0
"178","SIO67_1989_244",0,2,0
"179","GER30_1990_245",0,2,0
"180","GER96_1989_253",0,2,0
"181","SIO49_1990_255",0,2,0
"182","NIP125_1998_256",0,2,0
"183","NIP64_1995_262",0,2,0
"184","RED22_1991_263",0,2,0
"185","SIO45_1993_265",0,2,0
"186","GER32_1989_272",0,2,0
"187","GER63_1989_273",0,2,0
"188","NIP165_1998_274",0,2,0
"189","SIO10_1989_285",0,2,0
"190","SLK127_1998_287",0,2,0
"191","GER98_1991_288",0,2,0
"192","GER136_1989_295",0,2,0
"193","SIO109_1988_304",0,2,0
"194","SLK61_1995_306",0,2,0
"195","GER50_1989_314",0,2,0
"196","RED117_1989_320",0,2,0
"197","GER37_1990_321",0,2,0
"198","SLK47_1995_323",0,2,0
"199","SLK124_1998_327",0,2,0
"200","SLK110_1998_331",0,2,0
"201","SLK108_1994_333",0,2,0
"202","SLK63_1998_337",0,2,0
"203","SLK85_1996_338",0,2,0
"204","SIO22_1990_339",0,2,0
"205","GER14_1986_340",0,2,0
"206","SLK90_1995_344",0,2,0
"207","NIP44_1994_346",0,2,0
"208","NIP30_1999_353",0,2,0
"209","SLK52_1995_354",0,2,0
"210","NIP50_1996_355",0,2,0
"211","RED72_1989_356",0,2,0
"212","NIP18_1999_357",0,2,0
"213","SLK47_1996_358",0,2,0
"214","NIP62_1999_361",0,2,0
"215","SLK122_1998_362",0,2,0
"216","RED5_1986_368",0,2,0
"217","SLK36_1999_369",0,2,0
"218","SIO139_1988_371",0,2,0
"219","SLK121_1998_375",0,2,0
"220","GER28_1990_376",0,2,0
"221","GER75_1990_379",0,2,0
"222","GER29_1986_385",0,2,0
"223","GER72_1989_386",0,2,0
"224","SLK39_1995_389",0,2,0
"225","SLK58_1995_394",0,2,0
"226","GER45_1991_396",0,2,0
"227","SIO23_1992_401",0,2,0
"228","SLK55_1995_404",0,2,0
"229","GER45_1990_410",0,2,0
"230","RED46_1987_416",0,2,0
"231","GER46_1989_417",0,2,0
"232","NIP43_1999_421",0,2,0
"233","SLK14_1995_425",0,2,0
"234","GER70_1991_449",0,2,0
"235","SLK128_1998_450",0,2,0
"236","GER80_1989_455",0,2,0
"237","NIP58_1996_457",0,2,0
"238","NIP19_1996_458",0,2,0
"239","NIP82_1995_463",0,2,0
"240","NIP22_1996_474",0,2,0
"241","SLK78_1998_477",0,2,0
"242","SIO120_1989_482",0,2,0
"243","GER129_1989_489",0,2,0
"244","SLK68_1994_490",0,2,0
"245","RED41_1989_491",0,2,0
"246","RED52_1989_499",0,2,0
"247","SIO44_1993_500",0,2,0
"248","SIO153_1989_503",0,2,0
"249","SLK62_1995_504",0,2,0
"250","SLK46_1996_506",0,2,0
"251","SIO106_1989_507",0,2,0
"252","NIP99_1999_508",0,2,0
"253","SIO39_1993_510",0,2,0
"254","GER30_1989_511",0,2,0
"255","GER46_1990_513",0,2,0
"256","SIO4_1989_515",0,2,0
"257","SIO8_1989_518",0,2,0
"258","RED129_1995_524",0,2,0
"259","NIP123_1998_528",0,2,0
"260","SIO24_1992_533",0,2,0
"261","SLK49_1994_538",0,2,0
"262","SLK70_1998_539",0,2,0
"263","NIP127_1998_540",0,2,0
"264","NIP22_1995_543",0,2,0
"265","RED38_1998_545",0,2,0
"266","SIO94_1991_551",0,2,0
"267","SLK73_1999_556",0,2,0
"268","RED18_1996_559",0,2,0
"269","SIO143_1989_564",0,2,0
"270","NIP37_1996_565",0,2,0
"271","SLK76_1995_567",0,2,0
"272","SIO64_1987_568",0,2,0
"273","GER19_1993_575",0,2,0
"274","GER13_1986_576",0,2,0
"275","RED68_1989_585",0,2,0
"276","GER25_1992_587",0,2,0
"277","SIO48_1993_588",0,2,0
"278","SIO80_1991_595",0,2,0
"279","SIO31_1993_596",0,2,0
"280","SLK73_1995_597",0,2,0
"281","SLK40_1999_601",0,2,0
"282","NIP121_1998_602",0,2,0
"283","SLK102_1998_603",0,2,0
"284","RED7_1994_604",0,2,0
"285","GER11_1991_607",0,2,0
"286","GER61_1989_608",0,2,0
"287","SIO54_1991_618",0,2,0
"288","SIO87_1989_619",0,2,0
"289","NIP51_1996_620",1,2,3
"290","NIP163_1998_625",0,2,0
"291","NIP62_1996_627",0,2,0
"292","GER57_1990_631",0,2,0
"293","SIO114_1989_636",0,2,0
"294","SLK51_1995_638",0,2,0
"295","RED352_1988_642",0,2,0
"296","GER19_1989_643",0,2,0
"297","NIP122_1998_654",0,2,0
"298","SLK88_1996_656",0,2,0
"299","SIO18_1993_657",0,2,0
"300","NIP52_1999_664",0,2,0
"301","NIP120_1998_665",0,2,0
"302","SLK129_1998_666",0,2,0
"303","SIO91_1989_668",0,2,0
"304","RED46_1989_672",0,2,0
"305","GER48_1990_680",0,2,0
"306","RED2_1989_681",0,2,0
"307","SLK74_1998_682",0,2,0
"308","GER76_1989_685",0,2,0
"309","SLK144_1998_687",0,2,0
"310","NIP61_1999_689",0,2,0
"311","SIO30_1991_693",0,2,0
"312","SLK52_1996_694",0,2,0
"313","NIP26_1994_695",0,2,0
"314","SIO72_1991_699",0,2,0
"315","SLK37_1995_702",0,2,0
"316","SLK27_1996_707",0,2,0
"317","GER65_1989_708",0,2,0
"318","RED69_1989_709",0,2,0
"319","SIO41_1993_717",0,2,0
"320","NIP144_1998_721",0,2,0
"321","SLK48_1995_723",0,2,0
"322","RED39_1998_730",0,2,0
"323","GER38_1989_732",0,2,0
"324","GER60_1989_734",0,2,0
"325","GER20_1990_740",0,2,0
"326","SLK16_1999_744",0,2,0
"327","SIO86_1990_750",0,2,0
"328","SIO119_1989_751",0,2,0
"329","RED309_1988_753",0,2,0
"330","NIP62_1994_758",0,2,0
"331","RED55_1989_759",0,2,0
"332","GER64_1989_767",0,2,0
"333","SIO103_1989_769",0,2,0
"334","SIO134_1989_770",0,2,0
"335","SLK51_1996_772",0,2,0
"336","NIP82_1996_776",0,2,0
"337","SLK56_1995_779",0,2,0
"338","SIO18_1988_780",0,2,0
"339","RED406_1988_785",0,2,0
"340","GER99_1989_786",0,2,0
"341","SLK130_1996_788",0,2,0
"342","GER25_1991_791",0,2,0
"343","GER60_1990_792",0,2,0
"344","RED26_1999_794",0,2,0
"345","RED16_1990_796",0,2,0
"346","GER83_1990_798",0,2,0
"347","SLK111_1998_800",0,2,0
"348","GER12_1986_801",0,2,0
"349","SIO123_1989_804",0,2,0
"350","NIP83_1996_805",0,2,0
"351","GER38_1990_810",0,2,0
"352","RED35_1989_820",0,2,0
"353","RED397_1988_825",0,2,0
"354","SLK53_1996_826",0,2,0
"355","GER21_1987_831",0,2,0
"356","NIP56_1998_832",1,2,6
"357","SLK105_1998_840",0,2,0
"358","SLK59_1995_841",0,2,0
"359","NIP126_1998_844",0,2,0
"360","RED28_1996_846",0,2,0
"361","RED355_1988_855",0,2,0
"362","SIO12_1989_858",0,2,0
"363","NIP40_1999_860",0,2,0
"364","SIO118_1989_864",0,2,0
"365","RED15_1990_867",0,2,0
"366","GER36_1992_868",0,2,0
"367","GER21_1988_873",0,2,0
"368","GER123_1989_875",0,2,0
"369","SIO20_1992_878",0,2,0
"370","RED56_1989_879",0,2,0
"371","SLK107_1994_882",0,2,0
"372","RED27_1996_889",0,2,0
"373","NIP201_1998_894",0,2,0
"374","GER63_1991_897",0,2,0
"375","RED22_1995_901",0,2,0
"376","NIP104_1999_908",0,2,0
"377","NIP43_1996_910",0,2,0
"378","NIP110_1998_914",0,2,0
"379","NIP54_1995_915",0,2,0
"380","NIP33_1995_917",0,2,0
"381","SLK104_1995_924",0,2,0
"382","RED42_1989_927",0,2,0
"383","RED40_1989_928",0,2,0
"384","SIO16_1989_930",0,2,0
"385","SLK60_1995_931",0,2,0
"386","SIO179_1988_934",0,2,0
"387","GER40_1990_938",0,2,0
"388","GER77_1989_945",0,2,0
"389","RED24_1986_950",0,2,0
"390","GER54_1989_953",0,2,0
"391","COC22_1999_954",0,2,0
"392","RED1_1989_955",0,2,0
"393","SIO106_1988_958",0,2,0
"394","SLK61_1998_960",0,2,0
"395","SLK15_1994_963",0,2,0
"396","RED14_1990_966",0,2,0
"397","GER55_1989_967",0,2,0
"398","GER51_1989_968",0,2,0
"399","NIP66_1996_970",0,2,0
"400","GER7_1989_978",0,2,0
"401","RED39_1989_986",0,2,0
"402","SLK76_1998_987",0,2,0
"403","SIO209_1988_988",0,2,0
"404","GER39_1992_989",0,2,0
"405","SIO37_1993_991",0,2,0
"406","SLK82_1999_992",0,2,0
"407","NIP124_1998_996",0,2,0
"408","SIO98_1988_998",0,2,0
"409","GER29_1990_999",0,2,0
"410","SLK68_1998_1001",0,2,0
"411","RED23_1996_1002",0,2,0
"412","GER35_1990_1004",0,2,0
"413","SLK109_1998_1005",0,2,0
"414","SIO171_1989_1011",0,2,0
"415","SIO80_1989_1014",0,2,0
"416","SLK104_1998_1016",0,2,0
"417","RED84_1995_1024",0,2,0
"418","RED15_1991_1027",0,2,0
"419","NIP13_1996_1030",0,2,0
"420","NIP14_1996_1032",0,2,0
"421","GER36_1989_1040",0,2,0
"422","SIO30_1992_1041",0,2,0
"423","SLK81_1995_1042",0,2,0
"424","SIO34_1991_1048",0,2,0
"425","GER25_1987_1050",0,2,0
"426","SIO162_1989_1054",0,2,0
"427","GER26_1988_1059",0,2,0
"428","SLK64_1998_1067",0,2,0
"429","SLK33_1996_1070",0,2,0
"430","SLK41_1999_1071",0,2,0
"431","GER28_1988_1072",0,2,0
"432","NIP32_1999_1075",0,2,0
"433","SLK72_1995_1077",0,2,0
"434","NIP48_1996_1078",0,2,0
"435","NIP164_1998_1080",0,2,0
"436","SLK81_1996_1087",0,2,0
"437","RED51_1989_1088",0,2,0
"438","GER34_1989_1089",0,2,0
"439","GER18_1992_1094",0,2,0
"440","GER71_1989_1096",0,2,0
"441","SIO22_1993_1099",0,2,0
"442","SIO150_1989_1106",0,2,0
"443","SLK34_1999_1109",0,2,0
"444","NIP59_1994_1114",0,2,0
"445","GER30_1987_1116",0,2,0
"446","RED20_1990_1117",0,2,0
"447","SIO64_1989_1120",0,2,0
"448","SIO7_1989_1125",0,2,0
"449","RED332_1988_1126",0,2,0
"450","SIO30_1989_1127",0,2,0
"451","SLK50_1995_1131",0,2,0
"452","SLK54_1995_1132",0,2,0
"453","GER50_1991_1134",0,2,0
"454","SLK82_1998_1135",0,2,0
"455","NIP50_1995_1136",0,2,0
"456","SLK31_1999_1137",0,2,0
"457","SLK120_1998_1148",0,2,0
"458","RED21_1987_1151",0,2,0
"459","SIO91_1986_1158",0,2,0
"460","SIO47_1990_1164",0,2,0
"461","SIO45_1986_1175",0,2,0
"462","SLK77_1995_1176",0,2,0
"463","NIP59_1996_1179",0,2,0
"464","SLK128_1995_1182",0,2,0
"465","SIO42_1986_1188",0,2,0
"466","SIO107_1989_1190",0,2,0
"467","GER120_1989_1192",0,2,0
"468","RED53_1989_1195",0,2,0
"469","SIO107_1991_1197",0,2,0
"470","SLK35_1999_1199",0,2,0
"471","GER92_1991_1201",1,3,5
"472","SLK37_1999_1203",0,2,0
"473","GER33_1990_1205",0,2,0
"474","GER85_1989_1209",0,2,0
"475","SLK121_1996_1212",0,2,0
"476","RED22_1998_1213",0,2,0
"477","NIP44_1995_1225",0,2,0
"478","NIP49_1994_1228",0,2,0
"479","SIO95_1989_1229",0,2,0
"480","RED29_1996_1235",0,2,0
"481","RED364_1988_1236",0,2,0
"482","GER84_1991_1249",0,2,0
"483","SLK54_1996_1251",0,2,0
"484","SIO104_1989_1252",0,2,0
"485","SLK99_1996_1253",0,2,0
"486","SLK36_1995_1256",0,2,0
"487","GER62_1989_1257",0,2,0
"488","RED34_1989_1259",0,2,0
"489","SIO68_1989_1262",0,2,0
"490","SIO139_1989_1267",0,2,0
"491","SLK39_1994_1269",0,2,0
"492","NIP156_1998_1276",0,2,0
"493","RED81_1989_1278",0,2,0
"494","NIP66_1995_1281",0,2,0
"495","GER15_1992_1284",0,2,0
"496","NIP43_1995_1286",0,2,0
"497","SIO208_1988_1287",0,2,0
"498","RED11_1986_1291",0,2,0
"499","GER13_1992_1293",0,2,0
"500","NIP79_1996_1296",1,3,3
"501","NIP136_1995_1299",1,2,2
"502","GER35_1989_1301",0,2,0
"503","SIO66_1988_1302",0,2,0
"504","SLK35_1994_1303",0,2,0
"505","SLK74_1995_1304",0,2,0
"506","NIP35_1995_1305",0,2,0
"507","GER96_1991_1309",0,2,0
"508","RED111_1989_1312",0,2,0
"509","GER128_1989_1320",0,2,0
"510","SLK34_1995_1322",0,2,0
"511","RED21_1995_1324",0,2,0
"512","GER59_1989_1325",0,2,0
"513","SIO101_1989_1327",0,2,0
"514","GER35_1991_1329",0,2,0
"515","GER51_1990_1331",0,2,0
"516","SIO133_1989_1335",0,2,0
"517","SLK35_1995_1341",0,2,0
"518","SIO82_1990_1343",0,2,0
"519","RED35_1995_1344",0,2,0
"520","SIO11_1989_1345",0,2,0
"521","RED22_1987_1346",0,2,0
"522","SIO110_1991_1347",0,2,0
"523","GER17_1992_1355",0,2,0
"524","SLK79_1998_1357",0,2,0
"525","NIP68_1996_1358",0,2,0
"526","SLK54_1999_1365",0,2,0
"527","SLK44_1995_1367",0,2,0
"528","SLK78_1995_1370",0,2,0
"529","NIP118_1998_1372",0,2,0
"530","NIP110_1996_1377",0,2,0
"531","GER27_1988_1382",0,2,0
"532","NIP76_1996_1383",0,2,0
"533","SIO159_1988_1389",0,2,0
"534","SIO9_1989_1392",0,2,0
"535","SIO127_1988_1397",0,2,0
"536","SIO119_1991_1398",0,2,0
"537","SLK4_2003_1401",0,2,0
"538","NIP92_2003_1402",0,2,0
"539","NIP68_2003_1407",0,2,0
"540","SLK55_2003_1417",0,2,0
"541","RED90_2003_1422",0,2,0
"542","NIP42_2003_1430",0,2,0
"543","SLK70_2003_1431",0,2,0
"544","SLK66_2003_1432",0,2,0
"545","NIP81_2003_1437",0,2,0
"546","RED91_2003_1438",0,2,0
"547","RED26_1998_1443",0,2,0
"548","GER18_1989_1445",0,2,0
"549","GER41_1988_1448",0,2,0
"550","SLK69_1995_1451",0,2,0
"551","SLK1_2003_1453",0,2,0
"552","RED21_1996_1454",0,2,0
"553","SLK32_1995_1462",0,2,0
"554","GER11_1986_1463",0,2,0
"555","NIP75_1994_1469",0,2,0
"556","SLK69_1998_1475",0,2,0
"557","RED62_2003_1478",0,2,0
"558","SLK101_2003_1480",0,2,0
"559","SLK44_2003_1482",0,2,0
"560","NIP72_2003_1483",0,2,0
"561","SLK65_2003_1488",0,2,0
"562","SLK94_2003_1494",0,2,0
"563","RED82_2003_1498",0,2,0
"564","NIP95_2003_1500",0,2,0
"565","NIP112_2005_1518",0,2,0
"566","SLK40_2005_1534",0,2,0
"567","SLK25_2005_1535",0,2,0
"568","NIP104_2005_1536",0,2,0
"569","SLK71_2003_1538",0,2,0
"570","SLK80_1999_1544",0,2,0
"571","RED93_2003_1545",0,2,0
"572","NIP59_2003_1555",0,2,0
"573","NIP79_2003_1558",0,2,0
"574","RED11_2007_1562",0,2,0
"575","NIP40_2007_1564",0,2,0
"576","NIP189_2006_1580",0,2,0
"577","NIP20_2006_1582",0,2,0
"578","NIP70_2006_1583",0,2,0
"579","SLK118_2006_1590",0,2,0
"580","SLK44_2006_1593",0,2,0
"581","SLK45_2006_1599",0,2,0
"582","RED47_2006_1600",0,2,0
"583","RED163_2006_1625",0,2,0
"584","RED164_2006_1630",0,2,0
"585","RED7_2008_1665",0,2,0
"586","SLK29_2008_1667",0,2,0
"587","SLK84_2011_1669",0,2,0
"588","SLK40_2006_1672",0,2,0
"589","RED69_2006_1673",0,2,0
"590","SLK38_2006_1674",0,2,0
"591","SLK42_2006_1675",0,2,0
"592","RED188_2006_1676",0,2,0
"593","SLK48_2006_1681",0,2,0
"594","NIP81_2006_1684",1,3,13
"595","SLK40_2011_1693",0,2,0
"596","SLK46_2011_1694",0,2,0
"597","SLK45_2011_1695",0,2,0
"598","NIP34_2011_1696",0,2,0
"599","SLK79_2011_1697",0,2,0
"600","NIP47_2011_1698",0,2,0
"601","SLK75_2011_1699",0,2,0
"602","SLK147_2011_1700",0,2,0
"603","SLK22_2009_1704",0,2,0
"604","SLK17_2009_1705",0,2,0
"605","SLK10_2009_1706",0,2,0
"606","SLK13_2009_1707",0,2,0
"607","NIP23_2009_1708",0,2,0
"608","NIP21_2009_1709",0,2,0
"609","NIP20_2009_1710",0,2,0
"610","NIP19_2009_1711",0,2,0
"611","SLK23_2009_1712",0,2,0
"612","NIP13_2009_1713",0,2,0
"613","NIP14_2009_1714",0,2,0
"614","RED10_2009_1716",0,2,0
"615","NIP10_2009_1717",0,2,0
"616","NIP12_2009_1718",0,2,0
"617","SLK63_2010_1729",0,2,0
"618","SLK49_2010_1730",0,2,0
"619","NIP41_2010_1731",0,2,0
"620","SLK65_2010_1732",0,2,0
"621","SLK64_2010_1733",0,2,0
"622","NIP54_2011_1735",0,2,0
"623","SLK103_2011_1736",0,2,0
"624","NIP45_2010_1752",0,2,0
"625","RED103_2012_1757",0,2,0
"626","RED41_2012_1758",0,2,0
"627","SLK73_2012_1759",0,2,0
"628","SLK85_2012_1760",0,2,0
"629","NIP59_2012_1762",0,2,0
"630","NIP49_2012_1763",0,2,0
"631","NIP63_2012_1764",0,2,0
"632","SLK26_2012_1765",0,2,0
"633","RED107_2011_1779",0,2,0
"634","RED118_2011_1780",0,2,0
"635","SLK85_2011_1781",0,2,0
"636","SLK87_2011_1782",0,2,0
"637","RED100_2011_1783",0,2,0
"638","RED54_2011_1784",0,2,0
"639","SLK48_2011_1785",0,2,0
"640","SLK88_2011_1786",0,2,0
"641","RED55_2011_1787",0,2,0
"642","SLK47_2011_1788",0,2,0
"643","NIP40_2011_1791",0,2,0
"644","RED53_2011_1792",0,2,0
"645","RED24_2011_1796",0,2,0
"646","RED22_2011_1797",0,2,0
"647","SLK38_2011_1798",0,2,0
"648","RED58_2011_1799",0,2,0
"649","RED82_2011_1800",0,2,0
"650","RED101_2011_1802",0,2,0
"651","RED106_2011_1803",0,2,0
"652","RED96_2011_1804",0,2,0
"653","SLK50_2011_1805",0,2,0
"654","SLK70_2011_1807",0,2,0
"655","SLK51_2011_1808",0,2,0
"656","SLK76_2011_1810",0,2,0
"657","NIP55_2011_1811",0,2,0
"658","NIP24_2012_1838",0,2,0
"659","RED69_2012_1839",0,2,0
"660","RED53_2012_1842",0,2,0
"661","RED61_2012_1843",0,2,0
"662","RED57_2012_1845",0,2,0
"663","NIP60_2012_1848",0,2,0
"664","RED28_2012_1849",0,2,0
"665","SLK32_2012_1850",0,2,0
"666","SLK74_2012_1851",0,2,0
"667","SLK29_2012_1855",0,2,0
"668","SLK82_2012_1857",0,2,0
"669","NIP48_2013_1860",0,2,0
"670","SLK25_2013_1861",0,2,0
"671","SLK45_2013_1863",0,2,0
"672","NIP44_2013_1864",0,2,0
"673","NIP50_2013_1866",0,2,0
"674","NIP45_2013_1867",0,2,0
"675","NIP43_2013_1868",0,2,0
"676","SLK27_2013_1869",0,2,0
"677","NIP40_2013_1870",0,2,0
"678","SLK19_2013_1871",0,2,0
"679","NIP53_2013_1872",0,2,0
"680","SLK16_2013_1873",0,2,0
"681","NIP51_2013_1874",0,2,0
"682","SLK35_2013_1875",0,2,0
"683","NIP19_2013_1876",0,2,0
"684","SLK18_2013_1878",0,2,0
"685","NIP21_2013_1879",0,2,0
"686","SLK13_2014_1881",0,2,0
"687","RED8_2014_1882",0,2,0
"688","SLK23_2013_1885",0,2,0
"689","NIP11_2013_1886",0,2,0
"690","NIP25_2013_1887",0,2,0
"691","RED41_2013_1888",0,2,0
"692","SLK22_2013_1889",0,2,0
"693","SLK21_2013_1890",0,2,0
"694","SLK31_2013_1891",0,2,0
"695","SLK37_2013_1893",0,2,0
"696","NIP23_2013_1894",0,2,0
"697","SLK24_2013_1895",0,2,0
"698","SLK43_2013_1896",0,2,0
"699","SLK41_2013_1897",0,2,0
"700","RED60_2012_1899",0,2,0
"701","RED66_2012_1900",0,2,0
"702","RED64_2012_1905",0,2,0
"703","RED59_2012_1909",0,2,0
"704","SLK97_2012_1910",0,2,0
"705","SLK81_2012_1915",0,2,0
"706","RED58_2012_1922",0,2,0
"707","RED63_2012_1923",0,2,0
"708","RED34_2012_1925",0,2,0
"709","SLK79_2012_1927",0,2,0
"710","SLK93_2012_1928",0,2,0
"711","NIP32_2012_1929",0,2,0
"712","NIP61_2012_1930",0,2,0
"713","RED62_2012_1936",0,2,0
"714","RED70_2012_1937",0,2,0
"715","SLK45_2017_1940",0,2,0
"716","NIP78_2017_1942",0,2,0
"717","NIP37_2017_1945",0,2,0
"718","SLK187_2017_1946",0,2,0
"719","SLK8_2017_1947",0,2,0
"720","SLK32_2017_1948",0,2,0
"721","SLK129_2017_1951",0,2,0
"722","NIP12_2017_1952",0,2,0
"723","NIP40_2017_1953",0,2,0
"724","NIP75_2017_1954",0,2,0
"725","NIP46_2017_1955",0,2,0
"726","SLK102_2017_1956",0,2,0
"727","NIP64_2017_1957",0,2,0
"728","RED59_2015_1962",0,2,0
"729","SLK55_2015_1963",0,2,0
"730","NIP20_2015_1965",0,2,0
"731","SLK19_2015_1967",0,2,0
"732","SLK53_2015_1969",0,2,0
"733","NIP31_2015_1972",0,2,0
"734","NIP32_2015_1973",0,2,0
"735","SLK23_2015_1974",0,2,0
"736","SLK30_2015_1975",0,2,0
"737","NIP24_2015_1976",0,2,0
"738","NIP23_2015_1979",0,2,0
"739","SLK32_2015_1980",0,2,0
"740","SLK21_2015_1981",0,2,0
"741","SLK67_2015_1982",0,2,0
"742","NIP19_2015_1984",0,2,0
"743","SLK36_2015_1985",0,2,0
"744","RED58_2015_1987",0,2,0
"745","SLK62_2015_1988",0,2,0
"746","SLK41_2015_1989",0,2,0
"747","NIP30_2015_1990",0,2,0
"748","NIP17_2015_1991",0,2,0
"749","NIP38_2015_1995",0,2,0
"750","SLK57_2015_1997",0,2,0
"751","SLK23_2016_2000",0,2,0
"752","SLK6_2016_2012",0,2,0
"753","NIP15_2016_2013",0,2,0
"754","NIP23_2016_2022",0,2,0
"755","SLK115_2017_2023",0,2,0
"756","NIP32_2017_2024",0,2,0
"757","RED34_2017_2025",0,2,0
"758","SLK200_2017_2026",0,2,0
"759","NIP54_2017_2027",0,2,0
"760","NIP13_2018_2031",0,2,0
"761","NIP37_2018_2034",0,2,0
"762","NIP40_2018_2037",0,2,0
"763","SLK44_2018_2043",0,2,0
"764","SLK48_2018_2047",0,2,0
"765","NIP5_2018_2048",0,2,0
"766","NIP32_2018_2050",0,2,0
"767","SLK19_2018_2054",0,2,0
"768","NIP29_2018_2055",0,2,0
"769","SLK23_2018_2056",0,2,0
"770","NIP27_2018_2057",0,2,0
"771","SLK37_2018_2058",0,2,0
"772","NIP31_2018_2059",0,2,0
"773","SLK57_2018_2062",0,2,0
"774","SLK68_2018_2065",0,2,0
"775","NIP10_2018_2066",0,2,0
"776","SLK53_2018_2067",0,2,0
"777","SLK18_2018_2068",0,2,0
"778","SLK175_2017_2072",0,2,0
"779","SLK96_2017_2074",0,2,0
"780","SLK43_2017_2075",0,2,0
"781","SLK82_2017_2076",0,2,0
"782","NIP29_2017_2078",0,2,0
"783","NIP77_2017_2079",0,2,0
"784","NIP68_2017_2080",0,2,0
"785","SLK122_2017_2081",0,2,0
"786","SLK157_2017_2082",0,2,0
"787","NIP73_2017_2084",0,2,0
"788","SLK64_2017_2086",0,2,0
"789","RED87_2017_2088",0,2,0
"790","NIP9_2017_2090",0,2,0
"791","NIP39_2017_2091",0,2,0
"792","RED69_2017_2092",0,2,0
"793","SLK103_2017_2095",0,2,0
"794","SLK63_2017_2096",0,2,0
"795","NIP98_2017_2097",0,2,0
"796","RED56_2017_2098",0,2,0
"797","SLK7_2017_2099",0,2,0
"798","SLK162_2017_2100",0,2,0
"799","SLK68_2017_2101",0,2,0
"800","RED103_2017_2102",0,2,0
"801","NIP65_2017_2103",0,2,0
"802","NIP11_2017_2104",0,2,0
"803","NIP67_2017_2109",0,2,0
"804","SLK52_2017_2110",0,2,0
"805","NIP38_2017_2111",0,2,0
"806","NIP105_2017_2112",0,2,0
"807","NIP95_2017_2114",0,2,0
"808","NIP30_2018_2115",0,2,0
"809","NIP53_2018_2122",0,2,0
"810","SLK67_2018_2123",0,2,0
"811","SLK49_2018_2128",0,2,0
"812","NIP45_2018_2132",0,2,0
"813","SLK26_2018_2142",0,2,0
"814","SLK55_2018_2143",0,2,0
"815","SLK22_2018_2144",0,2,0
"816","NIP20_2018_2146",0,2,0
"817","NIP24_2018_2151",0,2,0
"818","NIP49_2018_2152",0,2,0
"819","SLK27_2018_2154",0,2,0
"820","NIP16_2018_2157",0,2,0
"821","RED121_2018_2158",0,2,0
"822","SLK40_2019_2163",0,2,0
"823","RED23_2019_2164",0,2,0
"824","SLK38_2019_2167",0,2,0
"825","SLK33_2019_2168",0,2,0
"826","SLK39_2019_2170",0,2,0
"827","RED57_2019_2174",0,2,0
"828","SLK37_2019_2175",0,2,0
"829","RED30_2019_2182",0,2,0
"830","SLK41_2019_2183",0,2,0
"831","SLK31_2019_2184",0,2,0
"832","RED60_2019_2190",0,2,0
"833","RED62_2019_2193",0,2,0
"834","NIP47_2020_2196",0,2,0
"835","SLK26_2020_2197",0,2,0
"836","RED24_2020_2199",0,2,0
"837","SLK25_2020_2201",0,2,0
"838","NIP30_2020_2202",0,2,0
"839","NIP46_2020_2203",0,2,0
"840","NIP51_2020_2206",0,2,0
"841","NIP26_2020_2207",0,2,0
"842","NIP45_2020_2208",0,2,0
"843","RED18_2020_2209",0,2,0
"844","COC11_2020_2212",0,2,0
"845","SLK48_2020_2214",0,2,0
"846","COC12_2020_2215",0,2,0
"847","SLK47_2020_2217",0,2,0
"848","HEA21_2000_31",1,6,8
"849","COC15_2001_48",0,2,0
"850","HEA11_2000_58",1,7,11
"851","CHA19_2000_60",1,7,11
"852","COC19_2002_74",0,2,0
"853","COC3_1988_79",1,8,1
"854","COC9_2002_100",0,2,0
"855","TIM24_1997_121",1,8,8
"856","CHA9_1987_133",1,13,1
"857","COC57_1998_153",0,2,0
"858","TER6_1988_220",1,9,1
"859","HEA48_1995_222",1,9,6
"860","CHA29_1995_249",1,9,6
"861","HEA27_1996_270",1,5,3
"862","COC28_1996_322",0,2,0
"863","COC37_1995_372",1,9,6
"864","TIM5_1988_390",1,14,1
"865","HEA16_1992_418",1,12,3
"866","GOG1_1987_468",1,13,1
"867","COC34_1997_475",0,2,0
"868","HEA6_1987_479",1,9,1
"869","COC12_1992_485",1,6,11
"870","TIM2_1997_488",1,8,8
"871","COC24_1995_496",1,2,14
"872","HEA21_1991_512",1,13,2
"873","COC19_1997_521",1,8,8
"874","CHA12_1991_532",1,13,2
"875","COC53_1996_544",0,2,0
"876","COC38_1998_546",0,2,0
"877","TIM5_1996_563",1,8,7
"878","COC18_1992_598",0,2,0
"879","COC38_1995_629",1,2,14
"880","TIM41_1998_641",1,8,9
"881","WAW31_1995_650",1,11,1
"882","WAW86_1995_724",1,8,1
"883","NIP97_1999_737",1,7,4
"884","COC17_1999_738",0,2,0
"885","NIP49_1998_760",1,7,4
"886","WAW5_1999_797",1,6,4
"887","CHA7_1992_829",1,12,3
"888","MOO15_1991_836",0,2,0
"889","COC36_1995_847",0,2,0
"890","COC33_1995_903",0,2,0
"891","CHA9_1990_922",1,14,1
"892","COC15_1987_935",0,2,0
"893","WAW69_1995_946",1,10,1
"894","CHA52_1991_1021",1,13,2
"895","CHA13_1998_1022",1,8,9
"896","WAW87_1995_1025",1,8,1
"897","COC30_1997_1034",0,2,0
"898","COC16_1997_1038",1,2,8
"899","HEA14_1996_1039",0,2,0
"900","HEA3_1999_1069",1,11,4
"901","TIM6_1998_1082",1,8,9
"902","HEA11_1987_1204",1,11,1
"903","CHA12_1987_1210",1,14,1
"904","COC16_1992_1239",0,2,0
"905","COC23_1995_1273",1,2,14
"906","CHA1_1999_1297",1,8,10
"907","KAP12_1987_1308",1,10,1
"908","COC11_1986_1332",1,6,5
"909","KAP10_1986_1340",1,9,1
"910","WAW58_1998_1354",1,11,2
"911","WAW21_2003_1406",1,5,7
"912","WAW1_1998_1449",1,11,3
"913","GOG4_1991_1464",1,13,2
"914","CHA32_1987_1474",1,14,1
"915","KLK9_2003_1496",1,4,14
"916","WAW23_2003_1503",1,5,10
"917","KLK9_2004_1508",1,3,15
"918","HEA63_2005_1511",0,2,0
"919","TIM19_2005_1512",0,2,0
"920","CHA18_2005_1513",0,2,0
"921","TIM7_2005_1515",0,2,0
"922","TIM5_2005_1517",0,2,0
"923","COC10_2005_1519",0,2,0
"924","TIM56_2005_1529",0,2,0
"925","TIM12_1997_1531",1,8,8
"926","COC37_2005_1533",0,2,0
"927","TIM3_2007_1585",0,2,0
"928","CHA10_2010_1589",0,2,0
"929","COC14_2006_1606",0,2,0
"930","COC8_2006_1649",0,2,0
"931","COC9_2006_1654",0,2,0
"932","COC34_2006_1686",0,2,0
"933","COC16_2009_1720",0,2,0
"934","TIM34_2011_1750",0,2,0
"935","HEA31_2010_1768",0,2,0
"936","HEA20_2010_1770",0,2,0
"937","KLK5_2010_1772",0,2,0
"938","TIM9_2010_1773",0,2,0
"939","TIM7_2010_1774",0,2,0
"940","COC25_2011_1827",0,2,0
"941","HEA1_2011_1833",0,2,0
"942","KLK8_2012_1841",0,2,0
"943","TIM9_2012_1852",0,2,0
"944","KLK13_2012_1856",0,2,0
"945","TIM7_2012_1898",0,2,0
"946","WAW5_2012_1904",0,2,0
"947","KLK11_2012_1907",0,2,0
"948","COC10_2012_1911",0,2,0
"949","HEA9_2012_1920",0,2,0
"950","TIM27_2012_1921",0,2,0
"951","CHA8_2012_1924",1,2,1
"952","WAW17_2012_1934",0,2,0
"953","COC12_2015_1961",0,2,0
"954","COC13_2015_1977",0,2,0
"955","HEA4_2016_2004",0,2,0
"956","WAW7_2016_2010",0,2,0
"957","HEA5_2016_2011",0,2,0
"958","COC20_2018_2041",0,2,0
"959","HEA12_2018_2042",0,2,0
"960","TIM6_2018_2045",0,2,0
"961","COC14_2018_2126",0,2,0
"962","COC15_2018_2139",0,2,0
"963","COC8_2018_2145",0,2,0
"964","TIM12_2018_2153",0,2,0
"965","COC10_2019_2162",0,2,0
"966","TIM2_2019_2173",0,2,0
"967","KLK2_2001_10",1,6,12
"968","ESP16_1988_225",1,15,1
"969","SUD164_1991_676",1,13,2
"970","SUD23_1992_715",1,12,3
"971","SUD63_1988_763",1,16,1
"972","ESP17_1988_869",1,15,1
"973","SUD165_1991_949",1,12,2
"974","SUD62_1988_1247",1,6,1
"975","SUD121_1999_1289",1,8,10
"976","TEM5_1992_1319",1,13,3
"977","SAU6_1999_1348",1,8,10
"978","NOR11_1999_1390",1,8,10
"979","SUD46_2007_1586",0,2,0
"980","SAU13_2007_1587",0,2,0
"981","TIM13_2010_1776",0,2,0
"982","TIM47_2012_1903",0,2,0
"983","WAW4_2012_1916",0,2,0
"984","SUD38_2015_1970",0,2,0
"985","NOR32_2016_2002",0,2,0
"986","NOR62_2018_2053",1,7,10
"987","NOR46_2018_2069",0,2,0
"988","NOR69_2018_2119",1,6,7
"989","NOR25_2018_2121",1,6,9
"990","SUD83_2018_2125",0,2,0
"991","NOR42_2018_2129",1,9,7
"992","NOR61_2018_2134",0,2,0
"993","NOR19_2018_2136",0,2,0
"994","NOR55_2018_2141",1,5,8
"995","CHA3_2020_2213",0,2,0
"996","RED12_2000_25",0,2,0
"997","RED62_2001_45",0,2,0
"998","RED14_2000_57",0,2,0
"999","RED48_2001_72",0,2,0
"1000","SLK47_2002_73",0,2,0
"1001","RED47_2002_92",0,2,0
"1002","RED62_2002_93",1,2,9
"1003","RED82_1995_139",0,2,0
"1004","RED63_2002_171",0,2,0
"1005","SLK19_2002_172",0,2,0
"1006","RED60_2002_175",0,2,0
"1007","RED59_2002_192",0,2,0
"1008","SLK17_2002_193",0,2,0
"1009","RED30_1989_199",0,2,0
"1010","RED19_1999_219",0,2,0
"1011","SLK70_1995_237",0,2,0
"1012","SIO97_1989_248",0,2,0
"1013","RED31_1990_251",0,2,0
"1014","SLK74_1996_261",0,2,0
"1015","SIO164_1989_269",0,2,0
"1016","RED22_1993_309",0,2,0
"1017","RED99_1988_326",0,2,0
"1018","RED19_1988_341",0,2,0
"1019","SIO71_1988_343",0,2,0
"1020","SLK69_1996_352",0,2,0
"1021","RED46_1990_364",0,2,0
"1022","RED71_1998_380",0,2,0
"1023","SLK137_1998_402",0,2,0
"1024","RED29_1993_406",0,2,0
"1025","SLK63_1996_428",0,2,0
"1026","RED20_1996_431",0,2,0
"1027","RED70_1989_459",0,2,0
"1028","RED29_1995_484",0,2,0
"1029","RED320_1988_494",0,2,0
"1030","RED54_1989_509",0,2,0
"1031","RED20_1995_536",0,2,0
"1032","RED324_1988_547",0,2,0
"1033","SLK20_1999_573",0,2,0
"1034","SIO33_1989_592",0,2,0
"1035","RED338_1988_610",0,2,0
"1036","SLK17_1994_617",0,2,0
"1037","SLK103_1994_623",0,2,0
"1038","RED28_1989_630",0,2,0
"1039","RED21_1990_632",0,2,0
"1040","RED28_1987_634",0,2,0
"1041","RED13_1990_645",0,2,0
"1042","RED17_1996_652",0,2,0
"1043","SIO96_1991_659",0,2,0
"1044","RED93_1995_667",0,2,0
"1045","RED58_1999_677",1,2,4
"1046","RED76_1989_711",0,2,0
"1047","RED24_1996_713",0,2,0
"1048","SLK20_1995_731",0,2,0
"1049","RED33_1989_733",0,2,0
"1050","RED32_1989_746",0,2,0
"1051","RED27_1989_762",0,2,0
"1052","RED14_1996_764",0,2,0
"1053","RED77_1988_789",0,2,0
"1054","RED29_1989_827",0,2,0
"1055","RED58_1998_830",0,2,0
"1056","RED64_1989_838",0,2,0
"1057","RED5_1990_876",0,2,0
"1058","SLK60_1996_884",1,2,2
"1059","SLK10_1996_892",0,2,0
"1060","RED33_1988_921",0,2,0
"1061","RED83_1995_959",0,2,0
"1062","RED81_1995_964",1,3,1
"1063","RED351_1988_965",0,2,0
"1064","RED31_1989_990",0,2,0
"1065","SIO125_1988_1015",0,2,0
"1066","RED24_1995_1019",0,2,0
"1067","RED19_1995_1020",0,2,0
"1068","RED27_1988_1051",0,2,0
"1069","SLK70_1996_1083",0,2,0
"1070","SIO156_1989_1102",0,2,0
"1071","SLK146_1998_1113",0,2,0
"1072","SIO44_1990_1124",0,2,0
"1073","RED35_1993_1147",0,2,0
"1074","RED289_1988_1156",0,2,0
"1075","SLK91_1996_1162",0,2,0
"1076","SLK74_1999_1167",0,2,0
"1077","SLK86_1996_1174",1,3,1
"1078","RED75_1989_1191",0,2,0
"1079","SLK17_1999_1207",0,2,0
"1080","RED32_1988_1220",0,2,0
"1081","RED27_1995_1226",0,2,0
"1082","RED63_1989_1231",0,2,0
"1083","SIO122_1988_1264",0,2,0
"1084","RED120_1988_1272",0,2,0
"1085","SLK66_1996_1275",0,2,0
"1086","SLK33_1999_1282",0,2,0
"1087","SLK38_1999_1310",0,2,0
"1088","SLK75_1996_1326",0,2,0
"1089","RED36_1988_1333",0,2,0
"1090","SIO27_1987_1362",0,2,0
"1091","SLK100_1998_1376",0,2,0
"1092","RED13_1996_1388",0,2,0
"1093","SLK58_2003_1412",0,2,0
"1094","RED68_2003_1428",0,2,0
"1095","RED65_2003_1440",1,3,8
"1096","SIO20_1993_1446",0,2,0
"1097","RED83_1991_1455",0,2,0
"1098","SLK57_2003_1479",0,2,0
"1099","SLK80_2003_1547",0,2,0
"1100","RED84_2006_1576",0,2,0
"1101","RED175_2006_1577",0,2,0
"1102","RED31_2006_1578",0,2,0
"1103","RED177_2006_1579",0,2,0
"1104","SLK30_2006_1581",0,2,0
"1105","RED14_2006_1594",0,2,0
"1106","RED15_2006_1595",0,2,0
"1107","RED182_2006_1626",0,2,0
"1108","RED183_2006_1627",0,2,0
"1109","RED146_2006_1628",0,2,0
"1110","RED195_2006_1631",0,2,0
"1111","RED176_2006_1632",0,2,0
"1112","SLK34_2008_1666",0,2,0
"1113","RED51_2011_1670",0,2,0
"1114","RED186_2006_1677",0,2,0
"1115","RED16_2006_1679",0,2,0
"1116","RED192_2006_1680",0,2,0
"1117","RED27_2011_1701",0,2,0
"1118","RED91_2011_1702",0,2,0
"1119","RED35_2011_1721",0,2,0
"1120","RED66_2011_1723",0,2,0
"1121","RED67_2011_1724",0,2,0
"1122","RED7_2009_1725",0,2,0
"1123","SLK25_2009_1726",0,2,0
"1124","SLK24_2009_1727",0,2,0
"1125","SLK101_2011_1737",0,2,0
"1126","RED93_2011_1738",0,2,0
"1127","SLK57_2011_1739",0,2,0
"1128","SLK132_2011_1740",0,2,0
"1129","SLK55_2011_1741",0,2,0
"1130","RED111_2011_1742",0,2,0
"1131","RED113_2011_1743",0,2,0
"1132","RED112_2011_1744",0,2,0
"1133","SLK71_2011_1745",0,2,0
"1134","RED32_2010_1751",0,2,0
"1135","RED44_2010_1753",0,2,0
"1136","RED1_2010_1754",0,2,0
"1137","RED26_2010_1755",0,2,0
"1138","RED65_2011_1777",0,2,0
"1139","RED114_2011_1778",0,2,0
"1140","RED32_2011_1789",0,2,0
"1141","RED123_2011_1790",0,2,0
"1142","RED120_2011_1793",0,2,0
"1143","RED122_2011_1794",0,2,0
"1144","RED23_2011_1795",0,2,0
"1145","RED73_2011_1801",0,2,0
"1146","RED26_2011_1806",0,2,0
"1147","RED103_2011_1812",0,2,0
"1148","RED50_2011_1813",0,2,0
"1149","RED52_2011_1814",0,2,0
"1150","SLK60_2011_1815",0,2,0
"1151","RED72_2011_1816",0,2,0
"1152","SLK95_2011_1817",0,2,0
"1153","RED85_2011_1818",0,2,0
"1154","SLK61_2011_1819",0,2,0
"1155","SLK64_2011_1820",0,2,0
"1156","SLK65_2011_1822",0,2,0
"1157","RED84_2011_1823",0,2,0
"1158","SLK101_2012_1840",0,2,0
"1159","RED49_2012_1844",0,2,0
"1160","SLK91_2012_1846",0,2,0
"1161","RED94_2012_1854",0,2,0
"1162","RED1_2014_1883",0,2,0
"1163","RED24_2013_1892",0,2,0
"1164","RED39_2012_1901",0,2,0
"1165","RED51_2012_1908",0,2,0
"1166","SLK71_2012_1914",0,2,0
"1167","RED71_2012_1918",0,2,0
"1168","SLK20_2012_1919",0,2,0
"1169","RED50_2012_1926",0,2,0
"1170","SLK5_2014_1938",0,2,0
"1171","SLK237_2017_1939",0,2,0
"1172","SLK2_2017_1944",0,2,0
"1173","SLK36_2017_1950",0,2,0
"1174","RED10_2015_1960",0,2,0
"1175","SLK28_2015_1992",0,2,0
"1176","RED17_2015_1993",0,2,0
"1177","SLK29_2016_2007",0,2,0
"1178","SLK30_2016_2016",0,2,0
"1179","RED29_2014_2017",0,2,0
"1180","SLK4_2014_2021",0,2,0
"1181","RED110_2018_2030",0,2,0
"1182","SLK51_2018_2046",0,2,0
"1183","RED170_2018_2052",0,2,0
"1184","SLK23_2017_2077",0,2,0
"1185","SLK44_2017_2083",0,2,0
"1186","SLK26_2017_2089",0,2,0
"1187","SLK38_2017_2105",0,2,0
"1188","SLK33_2017_2106",0,2,0
"1189","SLK17_2017_2107",0,2,0
"1190","RED54_2017_2113",0,2,0
"1191","SLK56_2018_2118",0,2,0
"1192","RED55_2018_2124",0,2,0
"1193","RED57_2018_2130",0,2,0
"1194","SLK162_2018_2133",0,2,0
"1195","RED60_2018_2150",0,2,0
"1196","RED115_2018_2156",0,2,0
"1197","SLK37_2020_2160",0,2,0
"1198","RED44_2019_2165",0,2,0
"1199","RED38_2019_2171",0,2,0
"1200","RED14_2019_2176",0,2,0
"1201","RED40_2019_2177",0,2,0
"1202","RED17_2019_2178",0,2,0
"1203","RED37_2019_2185",0,2,0
"1204","RED24_2019_2186",0,2,0
"1205","SLK8_2019_2188",0,2,0
"1206","RED12_2020_2194",0,2,0
"1207","RED8_2020_2198",0,2,0
"1208","SLK36_2020_2200",0,2,0
"1209","RED29_2020_2204",0,2,0
"1210","SLK3_2020_2205",0,2,0
"1211","RED30_2020_2218",0,2,0
"1212","FOR2_2001_8",0,2,0
"1213","FOR5_2000_33",0,2,0
"1214","FOR1_2000_59",0,2,0
"1215","FOR6_1998_258",0,2,0
"1216","FOR78_1987_279",0,2,0
"1217","FOR13_1987_316",1,2,3
"1218","FOR10_1991_317",0,2,0
"1219","FOR1_1993_470",0,2,0
"1220","FOR79_1987_542",0,2,0
"1221","FOR30_1989_793",0,2,0
"1222","FOR35_1987_812",0,2,0
"1223","FOR8_1987_835",0,2,0
"1224","FOR83_1990_969",0,2,0
"1225","FOR6_1987_1013",0,2,0
"1226","FOR12_1987_1202",0,2,0
"1227","FOR4_1988_1218",0,2,0
"1228","FOR5_1998_1334",0,2,0
"1229","FOR5_1999_1387",0,2,0
"1230","FOR11_2003_1420",0,2,0
"1231","FOR14_2003_1484",0,2,0
"1232","FOR1_2004_1507",0,2,0
"1233","FOR3_2010_1771",0,2,0
"1234","RED1_2001_6",1,3,5
"1235","DRY14_2000_30",1,11,5
"1236","DRY10_2002_75",1,9,7
"1237","RED55_2002_95",0,2,0
"1238","RED32_2002_98",1,2,8
"1239","RED41_1994_116",0,2,0
"1240","RED7_1986_119",0,2,0
"1241","FOR11_1996_134",1,12,2
"1242","KEN100_1995_159",1,11,1
"1243","IGN41_1989_211",1,7,1
"1244","KEN121_1995_233",1,11,1
"1245","DRY29_1995_275",1,12,1
"1246","RED230_1988_277",1,3,1
"1247","RED8_1987_393",0,2,0
"1248","RED390_1988_415",0,2,0
"1249","KEN14_1988_448",1,5,1
"1250","RED213_1988_465",0,2,0
"1251","RED280_1988_517",0,2,0
"1252","RED238_1988_550",0,2,0
"1253","RED233_1988_594",0,2,0
"1254","FOR33_1987_639",1,5,1
"1255","FOR42_1995_752",1,15,1
"1256","DRY18_1996_839",1,12,2
"1257","RED235_1988_849",0,2,0
"1258","RED208_1988_862",1,2,1
"1259","RED232_1988_941",0,2,0
"1260","RED214_1988_982",0,2,0
"1261","KEN115_1995_1049",1,10,1
"1262","RED284_1988_1119",0,2,0
"1263","KEN186_1988_1159",0,2,0
"1264","RED221_1988_1170",0,2,0
"1265","KEN105_1995_1173",1,10,1
"1266","RED86_1995_1283",0,2,0
"1267","RED231_1988_1384",0,2,0
"1268","DRY5_2003_1418",1,9,8
"1269","KEN110_2003_1423",1,8,9
"1270","RED219_1988_1425",0,2,0
"1271","DRY58_2003_1441",1,8,8
"1272","DRY24_1996_1466",1,12,2
"1273","DRY8_2007_1565",1,3,12
"1274","KEN41_2007_1566",1,4,11
"1275","DRY10_2007_1659",1,2,13
"1276","RED44_2006_1683",0,2,0
"1277","RED34_2006_1685",0,2,0
"1278","DRY79_2006_1692",1,4,13
"1279","KEN91_2011_1748",0,2,0
"1280","RED25_2010_1756",1,2,14
"1281","FOR1_2010_1769",0,2,0
"1282","KEN27_2011_1832",0,2,0
"1283","KEN103_2012_1853",0,2,0
"1284","RED38_2012_1913",0,2,0
"1285","KEN36_2012_1917",0,2,0
"1286","SLK105_2012_1931",0,2,0
"1287","RED23_2017_1941",0,2,0
"1288","FOR1_2017_1943",0,2,0
"1289","RED124_2011_1958",0,2,0
"1290","KEN28_2015_1959",0,2,0
"1291","KEN1_2015_1964",0,2,0
"1292","RED24_2015_1966",0,2,0
"1293","RED44_2015_1968",0,2,0
"1294","KEN5_2015_1971",0,2,0
"1295","RED25_2015_1983",0,2,0
"1296","RED11_2015_1986",0,2,0
"1297","RED46_2015_1996",0,2,0
"1298","RED7_2015_1998",0,2,0
"1299","RED50_2015_1999",0,2,0
"1300","KEN1_2016_2008",0,2,0
"1301","KEN18_2016_2014",0,2,0
"1302","KEN1_2014_2018",0,2,0
"1303","RED4_2014_2019",0,2,0
"1304","RED17_2014_2020",0,2,0
"1305","RED108_2018_2033",0,2,0
"1306","RED82_2018_2040",0,2,0
"1307","RED80_2018_2049",0,2,0
"1308","RED86_2018_2060",0,2,0
"1309","RED103_2018_2061",0,2,0
"1310","KEN71_2018_2063",0,2,0
"1311","RED97_2018_2064",0,2,0
"1312","KEN1_2017_2108",0,2,0
"1313","RED96_2018_2116",0,2,0
"1314","SLK78_2018_2120",0,2,0
"1315","RED81_2018_2127",0,2,0
"1316","KEN1_2018_2131",0,2,0
"1317","SLK113_2018_2135",0,2,0
"1318","RED78_2018_2138",0,2,0
"1319","KEN77_2018_2140",0,2,0
"1320","RED76_2018_2147",0,2,0
"1321","RED109_2018_2155",0,2,0
"1322","FOR2_2019_2166",0,2,0
"1323","RED59_2019_2180",0,2,0
"1324","KEN1_2019_2191",0,2,0
"1325","RED75_2019_2192",0,2,0
"1326","RED49_2020_2210",0,2,0
"1327","NIP44_2000_29",1,2,7
"1328","NIP42_2000_32",1,10,6
"1329","NIP77_2001_49",1,5,8
"1330","NIP75_2002_76",1,8,7
"1331","NIP16_2002_77",1,4,8
"1332","TER7_1986_83",1,2,1
"1333","NIP2_2002_99",1,5,9
"1334","NIP1_2002_101",1,5,9
"1335","THU16_2002_102",1,8,9
"1336","NIP85_2002_103",1,8,6
"1337","NIP240_1998_123",1,7,5
"1338","THU58_1996_127",1,3,2
"1339","THU21_1998_137",1,11,2
"1340","NIP75_1995_140",0,2,0
"1341","THU84_1996_147",1,4,2
"1342","THU40_1996_234",0,2,0
"1343","NIP39_1996_236",1,9,2
"1344","THU23_1992_254",0,2,0
"1345","THU42_1996_282",0,2,0
"1346","NIP103_1998_283",1,12,3
"1347","THU83_1996_292",0,2,0
"1348","THU124_1998_298",1,3,4
"1349","THU14_1995_308",1,8,1
"1350","NIP80_1996_310",1,14,1
"1351","THU76_1996_311",1,4,4
"1352","NIP61_1996_318",1,5,3
"1353","DRY26_1996_332",0,2,0
"1354","THU80_1996_348",1,11,1
"1355","NIP49_1996_366",1,10,1
"1356","NIP15_1989_384",0,2,0
"1357","NIP29_1997_412",1,3,3
"1358","THU89_1996_447",0,2,0
"1359","THU65_1996_453",0,2,0
"1360","THU71_1996_461",1,10,1
"1361","THU67_1998_478",0,2,0
"1362","IGN9_1987_492",1,2,2
"1363","THU42_1995_501",0,2,0
"1364","NIP12_1999_502",1,3,4
"1365","THU13_1999_514",1,8,4
"1366","THU41_1996_553",1,9,1
"1367","THU53_1996_593",1,7,3
"1368","NIP241_1998_609",1,12,3
"1369","THU24_1992_633",0,2,0
"1370","SLK95_1996_646",0,2,0
"1371","THU73_1996_661",1,3,4
"1372","THU38_1996_675",1,12,1
"1373","WAW22_1998_683",1,10,4
"1374","THU71_1998_684",1,2,2
"1375","THU45_1995_692",0,2,0
"1376","WAW7_1998_696",1,11,4
"1377","NIP34_1998_714",1,9,4
"1378","GER40_1991_716",1,8,1
"1379","NIP46_1996_726",1,13,1
"1380","THU105_1996_736",0,2,0
"1381","THU79_1996_742",1,3,3
"1382","THU109_1988_747",1,3,3
"1383","THU65_1998_754",0,2,0
"1384","NIP154_1995_756",1,7,1
"1385","NIP64_1996_782",1,5,3
"1386","THU103_1988_802",1,3,3
"1387","NIP230_1998_821",1,2,4
"1388","THU45_1996_834",1,10,1
"1389","NIP86_1996_856",1,13,1
"1390","THU39_1996_866",0,2,0
"1391","THU82_1987_885",1,5,1
"1392","THU132_1995_944",1,4,2
"1393","THU95_1996_962",0,2,0
"1394","THU59_1995_972",0,2,0
"1395","NIP23_1988_981",1,4,1
"1396","NIP252_1998_994",1,2,4
"1397","NIP38_1998_1026",1,4,4
"1398","NIP58_1998_1031",1,5,5
"1399","THU53_1988_1053",1,7,1
"1400","NIP63_1996_1056",1,14,1
"1401","NIP37_1998_1064",1,9,4
"1402","THU51_1996_1066",0,2,0
"1403","NIP8_1992_1093",0,2,0
"1404","DRY31_1996_1105",1,3,2
"1405","THU107_1988_1115",1,8,1
"1406","DRY27_1996_1121",1,2,4
"1407","NIP9_1992_1122",1,2,1
"1408","THU49_1996_1128",0,2,0
"1409","THU74_1996_1129",1,2,5
"1410","THU102_1996_1138",0,2,0
"1411","NIP10_1999_1139",1,3,3
"1412","SLK71_1996_1142",0,2,0
"1413","DRY12_1996_1145",1,5,2
"1414","NIP65_1996_1146",1,5,3
"1415","THU54_1995_1157",0,2,0
"1416","THU79_1995_1183",0,2,0
"1417","THU77_1996_1187",1,9,1
"1418","NIP44_1996_1211",1,10,2
"1419","THU67_1996_1222",1,10,2
"1420","THU90_1996_1274",1,3,4
"1421","NIP24_1998_1285",1,11,4
"1422","THU122_1998_1306",0,2,0
"1423","THU52_1996_1307",0,2,0
"1424","THU36_1996_1313",1,2,5
"1425","THU86_1996_1314",0,2,0
"1426","THU35_1996_1371",0,2,0
"1427","THU53_1995_1395",1,3,2
"1428","WAW13_2003_1409",1,5,9
"1429","NIP58_2003_1421",1,5,7
"1430","SLK20_2003_1434",0,2,0
"1431","NIP17_2003_1485",1,4,10
"1432","THU31_2005_1510",1,3,14
"1433","NIP20_2005_1521",1,2,9
"1434","NIP52_2005_1522",1,6,11
"1435","NIP80_2005_1523",1,3,11
"1436","THU30_2005_1525",0,2,0
"1437","THU57_2005_1526",1,5,9
"1438","THU65_2005_1527",0,2,0
"1439","THU67_2005_1528",0,2,0
"1440","THU66_2003_1537",0,2,0
"1441","NIP58_2007_1563",0,2,0
"1442","NIP262_2006_1567",1,5,12
"1443","THU113_2006_1568",1,4,14
"1444","NIP406_2006_1569",1,5,12
"1445","NIP409_2006_1570",1,5,12
"1446","NIP238_2006_1571",1,6,11
"1447","NIP426_2006_1572",1,5,12
"1448","NIP322_2006_1573",1,5,12
"1449","NIP365_2006_1574",1,5,12
"1450","NIP391_2006_1575",1,5,12
"1451","THU36_2007_1584",1,4,14
"1452","SLK97_2006_1591",0,2,0
"1453","NIP151_2006_1592",1,5,13
"1454","NIP327_2006_1596",1,5,12
"1455","THU246_2006_1597",1,5,12
"1456","THU187_2006_1598",1,5,12
"1457","NIP440_2006_1601",1,5,12
"1458","NIP410_2006_1602",1,5,12
"1459","NIP264_2006_1603",1,5,12
"1460","NIP257_2006_1604",1,5,12
"1461","NIP245_2006_1605",1,5,12
"1462","NIP323_2006_1607",1,5,12
"1463","NIP328_2006_1608",1,5,12
"1464","NIP296_2006_1609",1,5,12
"1465","THU189_2006_1610",1,5,10
"1466","NIP291_2006_1611",1,5,12
"1467","NIP404_2006_1612",1,5,12
"1468","NIP400_2006_1613",1,5,12
"1469","NIP341_2006_1614",1,5,12
"1470","NIP402_2006_1615",1,5,12
"1471","NIP334_2006_1616",1,5,12
"1472","THU185_2006_1633",1,5,9
"1473","THU142_2006_1634",1,2,9
"1474","THU234_2006_1635",1,5,12
"1475","THU190_2006_1636",1,5,12
"1476","NIP430_2006_1637",1,3,15
"1477","THU144_2006_1638",1,2,10
"1478","THU249_2006_1639",1,5,12
"1479","THU163_2006_1640",1,5,12
"1480","NIP267_2006_1641",1,5,12
"1481","THU143_2006_1642",1,5,10
"1482","NIP344_2006_1643",1,5,12
"1483","NIP226_2006_1644",1,3,12
"1484","NIP415_2006_1645",1,5,12
"1485","NIP428_2006_1646",1,5,10
"1486","THU184_2006_1647",1,5,10
"1487","NIP414_2006_1648",1,5,11
"1488","THU151_2006_1650",1,5,12
"1489","NIP108_2006_1651",1,5,12
"1490","THU176_2006_1652",1,5,12
"1491","THU167_2006_1653",1,5,12
"1492","NIP276_2006_1655",1,5,12
"1493","NIP413_2006_1656",1,5,12
"1494","NIP411_2006_1657",1,5,12
"1495","SLK11_2007_1658",1,2,14
"1496","NIP26_2007_1660",1,4,13
"1497","THU39_2007_1661",1,5,12
"1498","NIP380_2006_1663",1,5,12
"1499","NIP338_2006_1664",1,5,12
"1500","THU38_2008_1668",0,2,0
"1501","THU154_2006_1687",1,3,12
"1502","THU133_2006_1688",1,3,10
"1503","THU192_2006_1689",1,6,10
"1504","THU232_2006_1690",1,5,9
"1505","THU139_2006_1691",0,2,0
"1506","THU21_2009_1719",0,2,0
"1507","THU57_2011_1746",0,2,0
"1508","NIP94_2011_1747",0,2,0
"1509","WAW12_2011_1749",1,3,15
"1510","NIP104_2012_1761",0,2,0
"1511","NIP35_2010_1767",0,2,0
"1512","THU58_2011_1825",0,2,0
"1513","THU50_2011_1826",0,2,0
"1514","THU51_2011_1828",0,2,0
"1515","THU33_2011_1829",0,2,0
"1516","THU80_2011_1830",0,2,0
"1517","THU22_2011_1831",0,2,0
"1518","NIP66_2011_1835",0,2,0
"1519","THU35_2012_1858",0,2,0
"1520","THU65_2012_1859",0,2,0
"1521","THU16_2013_1877",0,2,0
"1522","SLK47_2012_1932",0,2,0
"1523","THU19_2016_2001",0,2,0
"1524","NIP12_2016_2003",0,2,0
"1525","THU1_2016_2009",0,2,0
"1526","THU52_2018_2036",0,2,0
"1527","THU36_2018_2051",0,2,0
"1528","THU58_2017_2073",0,2,0
"1529","THU59_2017_2085",0,2,0
"1530","THU61_2017_2087",0,2,0
"1531","THU31_2017_2093",0,2,0
"1532","NIP99_2017_2094",0,2,0
"1533","SLK117_2018_2117",0,2,0
"1534","THU4_2020_2161",0,2,0
"1535","NIP11_2019_2179",0,2,0
"1536","SLK22_2019_2187",0,2,0
"1537","NIP40_2020_2211",0,2,0
"1538","COC14_1992_125",1,3,13
"1539","RED35_1988_144",0,2,0
"1540","SLK84_1996_148",0,2,0
"1541","COC25_1996_158",0,2,0
"1542","NIP109_1996_231",0,2,0
"1543","SLK161_1998_299",0,2,0
"1544","SLK65_1995_307",1,4,1
"1545","NIP61_1994_342",0,2,0
"1546","RED62_1995_351",0,2,0
"1547","RED62_1999_382",0,2,0
"1548","THU136_1995_414",1,5,1
"1549","RED74_1989_442",0,2,0
"1550","SLK86_1995_454",0,2,0
"1551","RED36_1991_460",0,2,0
"1552","SIO70_1990_466",0,2,0
"1553","RED88_1995_497",0,2,0
"1554","RED31_1993_549",0,2,0
"1555","RED74_1995_590",0,2,0
"1556","SIO26_1992_606",0,2,0
"1557","THU71_1987_651",1,5,1
"1558","DRY32_1995_703",1,11,1
"1559","GER21_1992_720",0,2,0
"1560","RED30_1996_824",0,2,0
"1561","DRY23_1996_942",1,12,1
"1562","DRY36_1996_957",1,12,2
"1563","HEA54_1995_1000",1,6,1
"1564","RED49_1987_1006",0,2,0
"1565","RED341_1988_1052",0,2,0
"1566","RED14_1986_1055",0,2,0
"1567","GER36_1991_1165",0,2,0
"1568","SIO92_1991_1215",0,2,0
"1569","RED9_1997_1238",0,2,0
"1570","RED91_1995_1240",0,2,0
"1571","SIO25_1992_1271",0,2,0
"1572","DRY26_1995_1350",1,10,1
"1573","GOG13_1988_1375",1,14,1
"1574","RED43_1989_1393",0,2,0
"1575","SLK51_2003_1403",0,2,0
"1576","DRY57_2003_1410",1,2,9
"1577","RED54_2003_1419",0,2,0
"1578","SIO83_1991_1447",0,2,0
"1579","RED77_1995_1467",0,2,0
"1580","SLK48_2003_1476",1,6,7
"1581","KLK5_2003_1495",1,4,14
"1582","RED113_2006_1629",0,2,0
"1583","THU37_2007_1662",1,2,13
"1584","RED36_2011_1671",0,2,0
"1585","RED184_2006_1678",0,2,0
"1586","RED193_2006_1682",0,2,0
"1587","COC14_2009_1703",0,2,0
"1588","SLK26_2009_1715",0,2,0
"1589","RED121_2011_1722",0,2,0
"1590","NIP27_2010_1734",0,2,0
"1591","SLK72_2012_1766",0,2,0
"1592","WAW18_2010_1775",0,2,0
"1593","RED29_2011_1809",0,2,0
"1594","SLK35_2011_1821",0,2,0
"1595","SLK82_2011_1824",0,2,0
"1596","SLK1_2012_1847",1,2,15
"1597","RED31_2013_1862",0,2,0
"1598","RED32_2013_1865",0,2,0
"1599","SLK3_2014_1880",0,2,0
"1600","RED56_2013_1884",0,2,0
"1601","RED52_2012_1902",0,2,0
"1602","RED72_2012_1906",0,2,0
"1603","NIP62_2012_1912",0,2,0
"1604","SLK42_2017_1949",0,2,0
"1605","SLK1_2015_1978",0,2,0
"1606","RED16_2015_1994",0,2,0
"1607","RED3_2016_2005",0,2,0
"1608","NOR68_2018_2028",1,5,5
"1609","RED38_2018_2029",0,2,0
"1610","RED30_2018_2032",0,2,0
"1611","NOR72_2018_2035",0,2,0
"1612","NOR56_2018_2044",1,6,8
"1613","RED67_2018_2070",0,2,0
"1614","RED52_2018_2148",0,2,0
"1615","RED70_2018_2149",0,2,0
"1616","COC36_2018_2159",0,2,0
"1617","RED45_2019_2169",0,2,0
"1618","RED39_2019_2172",0,2,0
"1619","RED25_2019_2181",0,2,0
"1620","RED49_2019_2189",0,2,0
"1621","RED22_2020_2195",0,2,0
"1622","RED9_2020_2216",0,2,0
